location_key,country_code,country_name,year,min_new_confirmed,max_new_confirmed,avg_new_confirmed,median_new_confirmed,min_new_deceased,max_new_deceased,avg_new_deceased,median_new_deceased,min_new_recovered,max_new_recovered,avg_new_recovered,median_new_recovered,min_new_tested,max_new_tested,avg_new_tested,median_new_tested,min_new_persons_vaccinated,max_new_persons_vaccinated,avg_new_persons_vaccinated,median_new_persons_vaccinated,min_new_persons_fully_vaccinated,max_new_persons_fully_vaccinated,avg_new_persons_fully_vaccinated,median_new_persons_fully_vaccinated,min_new_persons_vaccinated_pfizer,max_new_persons_vaccinated_pfizer,avg_new_persons_vaccinated_pfizer,median_new_persons_vaccinated_pfizer,min_new_persons_fully_vaccinated_pfizer,max_new_persons_fully_vaccinated_pfizer,avg_new_persons_fully_vaccinated_pfizer,median_new_persons_fully_vaccinated_pfizer,min_new_persons_vaccinated_moderna,max_new_persons_vaccinated_moderna,avg_new_persons_vaccinated_moderna,median_new_persons_vaccinated_moderna,min_new_persons_fully_vaccinated_moderna,max_new_persons_fully_vaccinated_moderna,avg_new_persons_fully_vaccinated_moderna,median_new_persons_fully_vaccinated_moderna,min_new_persons_vaccinated_janssen,max_new_persons_vaccinated_janssen,avg_new_persons_vaccinated_janssen,median_new_persons_vaccinated_janssen,min_new_persons_fully_vaccinated_janssen,max_new_persons_fully_vaccinated_janssen,avg_new_persons_fully_vaccinated_janssen,median_new_persons_fully_vaccinated_janssen,min_new_persons_vaccinated_sinovac,max_new_persons_vaccinated_sinovac,avg_new_persons_vaccinated_sinovac,median_new_persons_vaccinated_sinovac,min_new_persons_fully_vaccinated_sinovac,max_new_persons_fully_vaccinated_sinovac,avg_new_persons_fully_vaccinated_sinovac,median_new_persons_fully_vaccinated_sinovac
AD,AD,Andorra,2021,0.0,621.0,75.33333333333333,30.0,0.0,1.0,0.1388888888888889,0.0,0.0,0.0,0.0,0.0,0.0,0.0,0.0,0.0,0.0,11952.0,1569.6944444444443,574.5,0.0,8182.0,1395.0,144.5,0.0,0.0,0.0,0.0,0.0,0.0,0.0,0.0,0.0,0.0,0.0,0.0,0.0,0.0,0.0,0.0,0.0,0.0,0.0,0.0,0.0,0.0,0.0,0.0,0.0,0.0,0.0,0.0,0.0,0.0,0.0,0.0
AD,AD,Andorra,2022,0.0,693.0,57.72222222222222,0.0,0.0,2.0,0.16666666666666666,0.0,0.0,0.0,0.0,0.0,0.0,0.0,0.0,0.0,0.0,558.0,44.888888888888886,7.0,1.0,1654.0,115.88888888888889,14.5,0.0,0.0,0.0,0.0,0.0,0.0,0.0,0.0,0.0,0.0,0.0,0.0,0.0,0.0,0.0,0.0,0.0,0.0,0.0,0.0,0.0,0.0,0.0,0.0,0.0,0.0,0.0,0.0,0.0,0.0,0.0,0.0
AE,AE,United Arab Emirates,2021,58.0,3977.0,1577.298076923077,1606.5,0.0,20.0,4.4006410256410255,3.0,0.0,0.0,0.0,0.0,103918.0,387672.0,245066.1185897436,242633.0,0.0,2643847.0,28990.02564102564,0.0,0.0,2493428.0,28235.766025641027,0.0,0.0,0.0,0.0,0.0,0.0,0.0,0.0,0.0,0.0,0.0,0.0,0.0,0.0,0.0,0.0,0.0,0.0,0.0,0.0,0.0,0.0,0.0,0.0,0.0,0.0,0.0,0.0,0.0,0.0,0.0,0.0,0.0
AE,AE,United Arab Emirates,2022,244.0,3116.0,1582.90625,1547.0,0.0,5.0,1.765625,1.0,0.0,0.0,0.0,0.0,151541.0,563330.0,406682.921875,427610.0,0.0,100594.0,1713.015625,0.0,0.0,108549.0,11448.546875,9739.0,0.0,0.0,0.0,0.0,0.0,0.0,0.0,0.0,0.0,0.0,0.0,0.0,0.0,0.0,0.0,0.0,0.0,0.0,0.0,0.0,0.0,0.0,0.0,0.0,0.0,0.0,0.0,0.0,0.0,0.0,0.0,0.0
AF,AF,Afghanistan,2021,14.0,1940.0,737.7931034482758,764.0,0.0,89.0,30.17241379310345,18.0,0.0,0.0,0.0,0.0,0.0,0.0,0.0,0.0,0.0,2701572.0,142857.1379310345,8200.0,0.0,2757865.0,127503.44827586207,2657.0,0.0,0.0,0.0,0.0,0.0,0.0,0.0,0.0,0.0,0.0,0.0,0.0,0.0,0.0,0.0,0.0,0.0,0.0,0.0,0.0,0.0,0.0,0.0,0.0,0.0,0.0,0.0,0.0,0.0,0.0,0.0,0.0
AF,AF,Afghanistan,2022,0.0,970.0,175.41860465116278,101.0,0.0,12.0,1.5116279069767442,1.0,0.0,0.0,0.0,0.0,0.0,0.0,0.0,0.0,0.0,1771728.0,155449.46511627908,45686.0,0.0,1701359.0,147727.3488372093,47551.0,0.0,0.0,0.0,0.0,0.0,0.0,0.0,0.0,0.0,0.0,0.0,0.0,0.0,0.0,0.0,0.0,0.0,0.0,0.0,0.0,0.0,0.0,0.0,0.0,0.0,0.0,0.0,0.0,0.0,0.0,0.0,0.0
AG,AG,Antigua and Barbuda,2021,0.0,140.0,11.085365853658537,0.5,0.0,2.0,0.17073170731707318,0.0,0.0,0.0,0.0,0.0,0.0,0.0,0.0,0.0,0.0,24164.0,759.5487804878048,257.5,0.0,4469.0,686.3658536585366,392.5,0.0,0.0,0.0,0.0,0.0,0.0,0.0,0.0,0.0,0.0,0.0,0.0,0.0,0.0,0.0,0.0,0.0,0.0,0.0,0.0,0.0,0.0,0.0,0.0,0.0,0.0,0.0,0.0,0.0,0.0,0.0,0.0
AG,AG,Antigua and Barbuda,2022,0.0,419.0,43.0,3.0,0.0,4.0,0.3333333333333333,0.0,0.0,0.0,0.0,0.0,0.0,0.0,0.0,0.0,0.0,454.0,150.66666666666666,93.0,0.0,886.0,264.0,187.0,0.0,0.0,0.0,0.0,0.0,0.0,0.0,0.0,0.0,0.0,0.0,0.0,0.0,0.0,0.0,0.0,0.0,0.0,0.0,0.0,0.0,0.0,0.0,0.0,0.0,0.0,0.0,0.0,0.0,0.0,0.0,0.0
AI,AI,Anguilla,2021,0.0,93.0,6.382352941176471,0.0,0.0,0.0,0.0,0.0,0.0,0.0,0.0,0.0,0.0,0.0,0.0,0.0,0.0,2696.0,296.44117647058823,57.0,0.0,3641.0,248.23529411764707,11.5,0.0,0.0,0.0,0.0,0.0,0.0,0.0,0.0,0.0,0.0,0.0,0.0,0.0,0.0,0.0,0.0,0.0,0.0,0.0,0.0,0.0,0.0,0.0,0.0,0.0,0.0,0.0,0.0,0.0,0.0,0.0,0.0
AI,AI,Anguilla,2022,0.0,22.0,1.2916666666666667,0.0,0.0,0.0,0.0,0.0,0.0,0.0,0.0,0.0,0.0,0.0,0.0,0.0,0.0,140.0,31.958333333333332,23.5,0.0,250.0,45.458333333333336,38.0,0.0,0.0,0.0,0.0,0.0,0.0,0.0,0.0,0.0,0.0,0.0,0.0,0.0,0.0,0.0,0.0,0.0,0.0,0.0,0.0,0.0,0.0,0.0,0.0,0.0,0.0,0.0,0.0,0.0,0.0,0.0,0.0
AL,AL,Albania,2021,1.0,1153.0,358.2511013215859,292.0,0.0,20.0,4.634361233480176,4.0,0.0,0.0,0.0,0.0,0.0,7733.0,3247.3392070484583,3046.0,0.0,434848.0,5028.57268722467,2484.0,0.0,180931.0,4542.42731277533,3399.0,0.0,0.0,0.0,0.0,0.0,0.0,0.0,0.0,0.0,0.0,0.0,0.0,0.0,0.0,0.0,0.0,0.0,0.0,0.0,0.0,0.0,0.0,0.0,0.0,0.0,0.0,0.0,0.0,0.0,0.0,0.0,0.0
AL,AL,Albania,2022,0.0,2177.0,404.725,108.0,0.0,9.0,2.3,1.0,0.0,0.0,0.0,0.0,0.0,8136.0,1110.95,0.0,444.0,40632.0,4854.2,1987.5,960.0,45231.0,5752.775,2640.5,0.0,0.0,0.0,0.0,0.0,0.0,0.0,0.0,0.0,0.0,0.0,0.0,0.0,0.0,0.0,0.0,0.0,0.0,0.0,0.0,0.0,0.0,0.0,0.0,0.0,0.0,0.0,0.0,0.0,0.0,0.0,0.0
AM,AM,Armenia,2021,73.0,1517.0,471.6363636363636,357.0,0.0,62.0,18.21212121212121,11.0,0.0,0.0,0.0,0.0,2678.0,12933.0,6080.909090909091,5932.0,0.0,90588.0,28286.757575757576,18931.0,0.0,80128.0,20615.090909090908,12408.0,0.0,0.0,0.0,0.0,0.0,0.0,0.0,0.0,0.0,0.0,0.0,0.0,0.0,0.0,0.0,0.0,0.0,0.0,0.0,0.0,0.0,0.0,0.0,0.0,0.0,0.0,0.0,0.0,0.0,0.0,0.0,0.0
AM,AM,Armenia,2022,3.0,3127.0,647.0,166.5,0.0,17.0,4.75,3.0,0.0,0.0,0.0,0.0,1503.0,7890.0,4207.0,4056.0,0.0,32358.0,12227.5625,10077.0,0.0,44360.0,18357.8125,21678.5,0.0,0.0,0.0,0.0,0.0,0.0,0.0,0.0,0.0,0.0,0.0,0.0,0.0,0.0,0.0,0.0,0.0,0.0,0.0,0.0,0.0,0.0,0.0,0.0,0.0,0.0,0.0,0.0,0.0,0.0,0.0,0.0
AO,AO,Angola,2021,0.0,1859.0,170.52,127.5,0.0,18.0,4.04,3.0,0.0,0.0,0.0,0.0,0.0,0.0,0.0,0.0,0.0,736303.0,153708.34,58049.5,0.0,371040.0,77790.64,35218.5,0.0,0.0,0.0,0.0,0.0,0.0,0.0,0.0,0.0,0.0,0.0,0.0,0.0,0.0,0.0,0.0,0.0,0.0,0.0,0.0,0.0,0.0,0.0,0.0,0.0,0.0,0.0,0.0,0.0,0.0,0.0,0.0
AO,AO,Angola,2022,0.0,1150.0,146.60714285714286,17.0,0.0,17.0,1.4285714285714286,0.0,0.0,0.0,0.0,0.0,0.0,0.0,0.0,0.0,0.0,989172.0,233407.60714285713,187635.0,0.0,315963.0,138728.35714285713,153718.5,0.0,0.0,0.0,0.0,0.0,0.0,0.0,0.0,0.0,0.0,0.0,0.0,0.0,0.0,0.0,0.0,0.0,0.0,0.0,0.0,0.0,0.0,0.0,0.0,0.0,0.0,0.0,0.0,0.0,0.0,0.0,0.0
AR,AR,Argentina,2020,8571.0,13455.0,11685.666666666666,13031.0,125.0,129.0,126.66666666666667,126.0,0.0,0.0,0.0,0.0,28795.0,44966.0,38333.0,41238.0,1230.0,8793.0,6265.666666666667,8774.0,0.0,4.0,2.3333333333333335,3.0,0.0,0.0,0.0,0.0,0.0,0.0,0.0,0.0,0.0,0.0,0.0,0.0,0.0,0.0,0.0,0.0,0.0,0.0,0.0,0.0,0.0,0.0,0.0,0.0,0.0,0.0,0.0,0.0,0.0,0.0,0.0,0.0
AR,AR,Argentina,2021,333.0,64004.0,11252.682191780821,7890.0,4.0,656.0,195.17808219178082,145.0,0.0,0.0,0.0,0.0,8172.0,164098.0,46819.005479452055,42356.0,3.0,156327.0,45572.88493150685,31342.0,0.0,176754.0,39123.024657534246,23190.0,0.0,0.0,0.0,0.0,0.0,0.0,0.0,0.0,0.0,0.0,0.0,0.0,0.0,0.0,0.0,0.0,0.0,0.0,0.0,0.0,0.0,0.0,0.0,0.0,0.0,0.0,0.0,0.0,0.0,0.0,0.0,0.0
AR,AR,Argentina,2022,0.0,174174.0,15236.38671875,1531.0,0.0,353.0,47.71484375,6.0,0.0,0.0,0.0,0.0,0.0,253506.0,26685.13671875,10418.0,0.0,41071.0,4400.703125,1616.0,0.0,52392.0,7963.53125,4243.0,0.0,0.0,0.0,0.0,0.0,0.0,0.0,0.0,0.0,0.0,0.0,0.0,0.0,0.0,0.0,0.0,0.0,0.0,0.0,0.0,0.0,0.0,0.0,0.0,0.0,0.0,0.0,0.0,0.0,0.0,0.0,0.0
AT,AT,Austria,2020,1696.0,2964.0,2294.0,2107.0,64.0,89.0,77.4,78.0,1926.0,2134.0,2034.8,2055.0,9909.0,26789.0,17918.4,16085.0,0.0,1676.0,886.2,1335.0,0.0,0.0,0.0,0.0,0.0,0.0,0.0,0.0,0.0,0.0,0.0,0.0,0.0,0.0,0.0,0.0,0.0,0.0,0.0,0.0,0.0,0.0,0.0,0.0,0.0,0.0,0.0,0.0,0.0,0.0,0.0,0.0,0.0,0.0,0.0,0.0
AT,AT,Austria,2021,66.0,16440.0,2506.460273972603,1691.0,0.0,80.0,25.202739726027396,23.0,71.0,13992.0,2454.5890410958905,1729.0,-76893.0,2945871.0,328061.06575342466,316974.0,11.0,87570.0,18087.594520547944,11596.0,0.0,90742.0,17204.90684931507,9725.0,0.0,0.0,0.0,0.0,0.0,0.0,0.0,0.0,0.0,0.0,0.0,0.0,0.0,0.0,0.0,0.0,0.0,0.0,0.0,0.0,0.0,0.0,0.0,0.0,0.0,0.0,0.0,0.0,0.0,0.0,0.0,0.0
AT,AT,Austria,2022,1733.0,63512.0,14560.51953125,8705.0,0.0,51.0,14.9765625,12.0,1860.0,53388.0,14515.40625,8786.0,15674.0,1735543.0,284656.19921875,160665.0,4.0,7241.0,714.96484375,156.5,0.0,17168.0,1010.70703125,0.0,0.0,0.0,0.0,0.0,0.0,0.0,0.0,0.0,0.0,0.0,0.0,0.0,0.0,0.0,0.0,0.0,0.0,0.0,0.0,0.0,0.0,0.0,0.0,0.0,0.0,0.0,0.0,0.0,0.0,0.0,0.0,0.0
AU,AU,Australia,2020,0.0,746.0,87.00584795321637,19.0,0.0,59.0,2.6578947368421053,0.0,0.0,2517.0,75.32748538011695,19.0,0.0,136194.0,32933.27777777778,31740.0,0.0,0.0,0.0,0.0,0.0,0.0,0.0,0.0,0.0,0.0,0.0,0.0,0.0,0.0,0.0,0.0,0.0,0.0,0.0,0.0,0.0,0.0,0.0,0.0,0.0,0.0,0.0,0.0,0.0,0.0,0.0,0.0,0.0,0.0,0.0,0.0,0.0,0.0,0.0,0.0
AU,AU,Australia,2021,1.0,32946.0,1018.482191780822,41.0,0.0,27.0,3.643835616438356,0.0,0.0,69419.0,620.9150684931507,13.0,24028.0,392081.0,119721.69315068494,98843.0,-190264.0,239650.0,62583.202739726024,54006.0,-7876.0,255339.0,54125.58082191781,22437.0,0.0,0.0,0.0,0.0,0.0,0.0,0.0,0.0,0.0,0.0,0.0,0.0,0.0,0.0,0.0,0.0,0.0,0.0,0.0,0.0,0.0,0.0,0.0,0.0,0.0,0.0,0.0,0.0,0.0,0.0,0.0,0.0
AU,AU,Australia,2022,1364.0,150702.0,37917.903474903476,35198.0,0.0,347.0,47.76447876447877,42.0,-10016828.0,9967355.0,-974.5019305019305,32783.0,-5147672.0,5264347.0,91457.37837837837,85432.0,-1244.0,336346.0,72092.1583011583,48294.0,0.0,40193.0,7762.173745173745,3234.0,0.0,0.0,0.0,0.0,0.0,0.0,0.0,0.0,0.0,0.0,0.0,0.0,0.0,0.0,0.0,0.0,0.0,0.0,0.0,0.0,0.0,0.0,0.0,0.0,0.0,0.0,0.0,0.0,0.0,0.0,0.0,0.0
AW,AW,Aruba,2021,-53.0,698.0,31.863849765258216,14.0,0.0,7.0,0.3427230046948357,0.0,0.0,0.0,0.0,0.0,0.0,428.0,3.723004694835681,0.0,0.0,13597.0,324.6525821596244,105.0,0.0,3839.0,323.2018779342723,148.0,0.0,0.0,0.0,0.0,0.0,0.0,0.0,0.0,0.0,0.0,0.0,0.0,0.0,0.0,0.0,0.0,0.0,0.0,0.0,0.0,0.0,0.0,0.0,0.0,0.0,0.0,0.0,0.0,0.0,0.0,0.0,0.0
AW,AW,Aruba,2022,0.0,1674.0,100.94318181818181,0.0,0.0,13.0,0.23295454545454544,0.0,0.0,0.0,0.0,0.0,0.0,0.0,0.0,0.0,1.0,502.0,28.369318181818183,20.0,0.0,98.0,25.676136363636363,22.0,0.0,0.0,0.0,0.0,0.0,0.0,0.0,0.0,0.0,0.0,0.0,0.0,0.0,0.0,0.0,0.0,0.0,0.0,0.0,0.0,0.0,0.0,0.0,0.0,0.0,0.0,0.0,0.0,0.0,0.0,0.0,0.0
AZ,AZ,Azerbaijan,2021,0.0,4241.0,1214.578947368421,995.5,0.0,45.0,16.417293233082706,15.5,0.0,0.0,0.0,0.0,0.0,42422.0,4925.639097744361,0.0,0.0,228360.0,19433.766917293233,12811.5,0.0,121694.0,16461.06015037594,10017.0,0.0,0.0,0.0,0.0,0.0,0.0,0.0,0.0,0.0,0.0,0.0,0.0,0.0,0.0,0.0,0.0,0.0,0.0,0.0,0.0,0.0,0.0,0.0,0.0,0.0,0.0,0.0,0.0,0.0,0.0,0.0,0.0
AZ,AZ,Azerbaijan,2022,1.0,7779.0,1046.1818181818182,194.5,0.0,30.0,6.571428571428571,2.0,0.0,0.0,0.0,0.0,0.0,25368.0,863.5454545454545,0.0,0.0,28379.0,1323.8376623376623,570.5,0.0,23305.0,1207.6233766233765,627.0,0.0,0.0,0.0,0.0,0.0,0.0,0.0,0.0,0.0,0.0,0.0,0.0,0.0,0.0,0.0,0.0,0.0,0.0,0.0,0.0,0.0,0.0,0.0,0.0,0.0,0.0,0.0,0.0,0.0,0.0,0.0,0.0
BA,BA,Bosnia and Herzegovina,2021,9.0,1343.0,366.2,179.5,0.0,60.0,17.9,11.5,0.0,0.0,0.0,0.0,0.0,3910.0,1767.15,1916.0,0.0,103398.0,44132.05,36817.0,0.0,174057.0,35531.55,19618.0,0.0,0.0,0.0,0.0,0.0,0.0,0.0,0.0,0.0,0.0,0.0,0.0,0.0,0.0,0.0,0.0,0.0,0.0,0.0,0.0,0.0,0.0,0.0,0.0,0.0,0.0,0.0,0.0,0.0,0.0,0.0,0.0
BA,BA,Bosnia and Herzegovina,2022,639.0,2601.0,1620.0,1620.0,24.0,49.0,36.5,36.5,0.0,0.0,0.0,0.0,0.0,0.0,0.0,0.0,3619.0,57134.0,30376.5,30376.5,3126.0,122323.0,62724.5,62724.5,0.0,0.0,0.0,0.0,0.0,0.0,0.0,0.0,0.0,0.0,0.0,0.0,0.0,0.0,0.0,0.0,0.0,0.0,0.0,0.0,0.0,0.0,0.0,0.0,0.0,0.0,0.0,0.0,0.0,0.0,0.0,0.0
BB,BB,Barbados,2021,0.0,683.0,83.3063973063973,19.0,0.0,10.0,0.7609427609427609,0.0,0.0,0.0,0.0,0.0,0.0,0.0,0.0,0.0,0.0,4350.0,509.973063973064,245.0,0.0,3171.0,428.04040404040404,259.0,0.0,0.0,0.0,0.0,0.0,0.0,0.0,0.0,0.0,0.0,0.0,0.0,0.0,0.0,0.0,0.0,0.0,0.0,0.0,0.0,0.0,0.0,0.0,0.0,0.0,0.0,0.0,0.0,0.0,0.0,0.0,0.0
BB,BB,Barbados,2022,0.0,1646.0,277.14285714285717,217.0,0.0,43.0,1.1875,0.0,0.0,0.0,0.0,0.0,0.0,1016.0,28.352678571428573,0.0,0.0,481.0,33.589285714285715,19.0,0.0,787.0,48.388392857142854,28.0,0.0,0.0,0.0,0.0,0.0,0.0,0.0,0.0,0.0,0.0,0.0,0.0,0.0,0.0,0.0,0.0,0.0,0.0,0.0,0.0,0.0,0.0,0.0,0.0,0.0,0.0,0.0,0.0,0.0,0.0,0.0,0.0
BD,BD,Bangladesh,2021,0.0,16230.0,3263.1553398058254,1659.5,0.0,264.0,62.179611650485434,36.0,0.0,0.0,0.0,0.0,10347.0,55284.0,24907.665048543688,22068.5,0.0,6625123.0,319589.2961165049,182596.5,0.0,8135270.0,197371.00970873787,90836.0,0.0,0.0,0.0,0.0,0.0,0.0,0.0,0.0,0.0,0.0,0.0,0.0,0.0,0.0,0.0,0.0,0.0,0.0,0.0,0.0,0.0,0.0,0.0,0.0,0.0,0.0,0.0,0.0,0.0,0.0,0.0,0.0
BD,BD,Bangladesh,2022,0.0,15807.0,1819.9565217391305,246.0,0.0,21.0,3.467391304347826,1.0,0.0,0.0,0.0,0.0,0.0,49492.0,8590.076086956522,0.0,4216.0,19330896.0,711197.7065217391,78567.0,0.0,14398213.0,877019.4347826086,254240.0,0.0,0.0,0.0,0.0,0.0,0.0,0.0,0.0,0.0,0.0,0.0,0.0,0.0,0.0,0.0,0.0,0.0,0.0,0.0,0.0,0.0,0.0,0.0,0.0,0.0,0.0,0.0,0.0,0.0,0.0,0.0,0.0
BE,BE,Belgium,2020,1626.0,2641.0,2129.25,2125.0,51.0,88.0,72.75,76.0,0.0,0.0,0.0,0.0,11998.0,41472.0,29190.5,31646.0,29.0,522.0,234.75,194.0,0.0,1.0,0.5,0.5,0.0,0.0,0.0,0.0,0.0,0.0,0.0,0.0,0.0,0.0,0.0,0.0,0.0,0.0,0.0,0.0,0.0,0.0,0.0,0.0,0.0,0.0,0.0,0.0,0.0,0.0,0.0,0.0,0.0,0.0,0.0,0.0
BE,BE,Belgium,2021,139.0,25625.0,4043.4575342465755,2395.0,0.0,68.0,23.38082191780822,21.0,0.0,0.0,0.0,0.0,16114.0,141945.0,55950.25753424658,50795.0,11.0,133387.0,23313.956164383562,8258.0,0.0,157647.0,23014.882191780824,6992.0,0.0,0.0,0.0,0.0,0.0,0.0,0.0,0.0,0.0,0.0,0.0,0.0,0.0,0.0,0.0,0.0,0.0,0.0,0.0,0.0,0.0,0.0,0.0,0.0,0.0,0.0,0.0,0.0,0.0,0.0,0.0,0.0
BE,BE,Belgium,2022,429.0,76034.0,9347.035294117648,4857.0,0.0,66.0,16.372549019607842,14.0,0.0,0.0,0.0,0.0,0.0,150620.0,27117.38039215686,15128.0,0.0,30864.0,1234.8588235294117,119.0,0.0,27600.0,1286.6588235294118,149.0,0.0,0.0,0.0,0.0,0.0,0.0,0.0,0.0,0.0,0.0,0.0,0.0,0.0,0.0,0.0,0.0,0.0,0.0,0.0,0.0,0.0,0.0,0.0,0.0,0.0,0.0,0.0,0.0,0.0,0.0,0.0,0.0
BF,BF,Burkina Faso,2021,0.0,30.0,6.833333333333333,2.5,0.0,5.0,0.4444444444444444,0.0,0.0,0.0,0.0,0.0,0.0,0.0,0.0,0.0,0.0,529607.0,54009.77777777778,21856.0,0.0,315148.0,35335.944444444445,0.0,0.0,0.0,0.0,0.0,0.0,0.0,0.0,0.0,0.0,0.0,0.0,0.0,0.0,0.0,0.0,0.0,0.0,0.0,0.0,0.0,0.0,0.0,0.0,0.0,0.0,0.0,0.0,0.0,0.0,0.0,0.0,0.0
BF,BF,Burkina Faso,2022,0.0,196.0,13.882352941176471,0.0,0.0,3.0,0.17647058823529413,0.0,0.0,0.0,0.0,0.0,0.0,41.0,2.411764705882353,0.0,0.0,936842.0,100276.88235294117,10287.0,0.0,736895.0,104505.23529411765,22806.0,0.0,0.0,0.0,0.0,0.0,0.0,0.0,0.0,0.0,0.0,0.0,0.0,0.0,0.0,0.0,0.0,0.0,0.0,0.0,0.0,0.0,0.0,0.0,0.0,0.0,0.0,0.0,0.0,0.0,0.0,0.0,0.0
BG,BG,Bulgaria,2020,1046.0,1729.0,1387.5,1387.5,61.0,110.0,85.5,85.5,0.0,0.0,0.0,0.0,8076.0,8473.0,8274.5,8274.5,0.0,2889.0,1444.5,1444.5,0.0,0.0,0.0,0.0,0.0,0.0,0.0,0.0,0.0,0.0,0.0,0.0,0.0,0.0,0.0,0.0,0.0,0.0,0.0,0.0,0.0,0.0,0.0,0.0,0.0,0.0,0.0,0.0,0.0,0.0,0.0,0.0,0.0,0.0,0.0,0.0
BG,BG,Bulgaria,2021,16.0,6816.0,1559.2334293948127,1078.0,0.0,334.0,66.18443804034582,49.0,0.0,0.0,0.0,0.0,0.0,47295.0,5395.922190201729,0.0,0.0,318764.0,5474.164265129683,1403.0,0.0,124745.0,5515.2622478386165,3649.0,0.0,0.0,0.0,0.0,0.0,0.0,0.0,0.0,0.0,0.0,0.0,0.0,0.0,0.0,0.0,0.0,0.0,0.0,0.0,0.0,0.0,0.0,0.0,0.0,0.0,0.0,0.0,0.0,0.0,0.0,0.0,0.0
BG,BG,Bulgaria,2022,42.0,12399.0,1994.0478087649403,871.0,0.0,187.0,26.545816733067728,10.0,0.0,0.0,0.0,0.0,0.0,75524.0,1822.3346613545816,0.0,0.0,169106.0,784.01593625498,0.0,0.0,5802.0,620.1354581673306,162.0,0.0,0.0,0.0,0.0,0.0,0.0,0.0,0.0,0.0,0.0,0.0,0.0,0.0,0.0,0.0,0.0,0.0,0.0,0.0,0.0,0.0,0.0,0.0,0.0,0.0,0.0,0.0,0.0,0.0,0.0,0.0,0.0
BH,BH,Bahrain,2020,202.0,256.0,232.88888888888889,234.0,0.0,1.0,0.2222222222222222,0.0,0.0,0.0,0.0,0.0,8085.0,10962.0,9339.888888888889,9194.0,0.0,11106.0,2186.4444444444443,1276.0,0.0,0.0,0.0,0.0,0.0,0.0,0.0,0.0,0.0,0.0,0.0,0.0,0.0,0.0,0.0,0.0,0.0,0.0,0.0,0.0,0.0,0.0,0.0,0.0,0.0,0.0,0.0,0.0,0.0,0.0,0.0,0.0,0.0,0.0,0.0,0.0
BH,BH,Bahrain,2021,0.0,3275.0,522.0916666666667,225.0,0.0,29.0,2.8833333333333333,1.0,0.0,0.0,0.0,0.0,0.0,36406.0,10168.427777777777,13207.5,3.0,21823.0,3179.175,1300.0,0.0,17452.0,2718.386111111111,979.0,0.0,0.0,0.0,0.0,0.0,0.0,0.0,0.0,0.0,0.0,0.0,0.0,0.0,0.0,0.0,0.0,0.0,0.0,0.0,0.0,0.0,0.0,0.0,0.0,0.0,0.0,0.0,0.0,0.0,0.0,0.0,0.0
BH,BH,Bahrain,2022,0.0,8173.0,1682.4473684210527,973.5,0.0,3.0,0.375,0.0,0.0,0.0,0.0,0.0,0.0,33630.0,678.1184210526316,0.0,0.0,6398.0,245.04605263157896,50.5,5.0,15571.0,313.8618421052632,77.5,0.0,0.0,0.0,0.0,0.0,0.0,0.0,0.0,0.0,0.0,0.0,0.0,0.0,0.0,0.0,0.0,0.0,0.0,0.0,0.0,0.0,0.0,0.0,0.0,0.0,0.0,0.0,0.0,0.0,0.0,0.0,0.0
BI,BI,Burundi,2021,5.0,937.0,82.76190476190476,16.0,0.0,0.0,0.0,0.0,0.0,0.0,0.0,0.0,0.0,0.0,0.0,0.0,0.0,1198.0,187.0952380952381,101.0,0.0,1457.0,161.38095238095238,46.0,0.0,0.0,0.0,0.0,0.0,0.0,0.0,0.0,0.0,0.0,0.0,0.0,0.0,0.0,0.0,0.0,0.0,0.0,0.0,0.0,0.0,0.0,0.0,0.0,0.0,0.0,0.0,0.0,0.0,0.0,0.0,0.0
BI,BI,Burundi,2022,0.0,423.0,54.588235294117645,0.0,0.0,0.0,0.0,0.0,0.0,0.0,0.0,0.0,0.0,0.0,0.0,0.0,111.0,3088.0,872.6470588235294,607.0,106.0,2991.0,865.5882352941177,603.0,0.0,0.0,0.0,0.0,0.0,0.0,0.0,0.0,0.0,0.0,0.0,0.0,0.0,0.0,0.0,0.0,0.0,0.0,0.0,0.0,0.0,0.0,0.0,0.0,0.0,0.0,0.0,0.0,0.0,0.0,0.0,0.0
BJ,BJ,Benin,2021,0.0,0.0,0.0,0.0,0.0,0.0,0.0,0.0,0.0,0.0,0.0,0.0,0.0,0.0,0.0,0.0,0.0,435429.0,76777.31818181818,26506.5,0.0,354625.0,59947.545454545456,6013.0,0.0,0.0,0.0,0.0,0.0,0.0,0.0,0.0,0.0,0.0,0.0,0.0,0.0,0.0,0.0,0.0,0.0,0.0,0.0,0.0,0.0,0.0,0.0,0.0,0.0,0.0,0.0,0.0,0.0,0.0,0.0,0.0
BJ,BJ,Benin,2022,0.0,0.0,0.0,0.0,0.0,0.0,0.0,0.0,0.0,0.0,0.0,0.0,0.0,0.0,0.0,0.0,0.0,481264.0,132169.66666666666,86960.0,0.0,306235.0,94063.86666666667,56627.0,0.0,0.0,0.0,0.0,0.0,0.0,0.0,0.0,0.0,0.0,0.0,0.0,0.0,0.0,0.0,0.0,0.0,0.0,0.0,0.0,0.0,0.0,0.0,0.0,0.0,0.0,0.0,0.0,0.0,0.0,0.0,0.0
BM,BM,Bermuda,2021,0.0,267.0,24.02,5.0,0.0,3.0,0.28,0.0,0.0,0.0,0.0,0.0,0.0,0.0,0.0,0.0,0.0,4313.0,923.88,420.0,0.0,4883.0,872.44,301.0,0.0,0.0,0.0,0.0,0.0,0.0,0.0,0.0,0.0,0.0,0.0,0.0,0.0,0.0,0.0,0.0,0.0,0.0,0.0,0.0,0.0,0.0,0.0,0.0,0.0,0.0,0.0,0.0,0.0,0.0,0.0,0.0
BM,BM,Bermuda,2022,0.0,75.0,7.055555555555555,0.0,0.0,0.0,0.0,0.0,0.0,0.0,0.0,0.0,0.0,959.0,53.27777777777778,0.0,0.0,448.0,131.11111111111111,97.0,0.0,316.0,135.77777777777777,121.5,0.0,0.0,0.0,0.0,0.0,0.0,0.0,0.0,0.0,0.0,0.0,0.0,0.0,0.0,0.0,0.0,0.0,0.0,0.0,0.0,0.0,0.0,0.0,0.0,0.0,0.0,0.0,0.0,0.0,0.0,0.0,0.0
BN,BN,Brunei,2021,0.0,423.0,46.4,9.0,0.0,7.0,0.13333333333333333,0.0,0.0,0.0,0.0,0.0,0.0,0.0,0.0,0.0,0.0,12699.0,2459.927272727273,1149.0,0.0,15277.0,2427.7939393939396,1002.0,0.0,0.0,0.0,0.0,0.0,0.0,0.0,0.0,0.0,0.0,0.0,0.0,0.0,0.0,0.0,0.0,0.0,0.0,0.0,0.0,0.0,0.0,0.0,0.0,0.0,0.0,0.0,0.0,0.0,0.0,0.0,0.0
BN,BN,Brunei,2022,0.0,3969.0,706.0,273.0,0.0,0.0,0.0,0.0,0.0,0.0,0.0,0.0,0.0,0.0,0.0,0.0,69.0,19999.0,2177.05,286.5,128.0,9263.0,2186.05,492.5,0.0,0.0,0.0,0.0,0.0,0.0,0.0,0.0,0.0,0.0,0.0,0.0,0.0,0.0,0.0,0.0,0.0,0.0,0.0,0.0,0.0,0.0,0.0,0.0,0.0,0.0,0.0,0.0,0.0,0.0,0.0,0.0
BO,BO,Bolivia,2021,0.0,7980.0,1147.9126506024097,920.0,0.0,124.0,27.813253012048193,20.5,0.0,0.0,0.0,0.0,1792.0,20102.0,7553.686746987952,7035.0,-1106411.0,1431134.0,21578.11746987952,11892.5,-489210.0,762181.0,17182.975903614457,9320.0,0.0,0.0,0.0,0.0,0.0,0.0,0.0,0.0,0.0,0.0,0.0,0.0,0.0,0.0,0.0,0.0,0.0,0.0,0.0,0.0,0.0,0.0,0.0,0.0,0.0,0.0,0.0,0.0,0.0,0.0,0.0,0.0
BO,BO,Bolivia,2022,0.0,23611.0,2106.3177966101694,487.0,0.0,405.0,10.60593220338983,1.0,0.0,0.0,0.0,0.0,0.0,29723.0,5740.838983050848,4987.0,88.0,96553.0,7178.110169491525,1982.0,79.0,49503.0,6454.529661016949,2398.5,0.0,0.0,0.0,0.0,0.0,0.0,0.0,0.0,0.0,0.0,0.0,0.0,0.0,0.0,0.0,0.0,0.0,0.0,0.0,0.0,0.0,0.0,0.0,0.0,0.0,0.0,0.0,0.0,0.0,0.0,0.0,0.0
BR,BR,Brazil,2020,0.0,70574.0,24681.585209003217,23529.0,0.0,1595.0,626.8456591639872,627.0,-12522.0,79312.0,21568.42765273312,19359.0,156.0,207926.0,86945.20900321544,77923.0,0.0,0.0,0.0,0.0,0.0,0.0,0.0,0.0,0.0,0.0,0.0,0.0,0.0,0.0,0.0,0.0,0.0,0.0,0.0,0.0,0.0,0.0,0.0,0.0,0.0,0.0,0.0,0.0,0.0,0.0,0.0,0.0,0.0,0.0,0.0,0.0,0.0,0.0,0.0,0.0
BR,BR,Brazil,2021,-573.0,150106.0,40031.63835616438,34339.0,24.0,4249.0,1161.9369863013699,962.0,-27021.0,125289.0,40757.86575342466,36247.0,0.0,411056.0,72260.50136986302,44508.0,-160178.0,2157048.0,443335.6,304681.0,-204616.0,1611763.0,379414.7397260274,232806.0,0.0,0.0,0.0,0.0,0.0,0.0,0.0,0.0,0.0,0.0,0.0,0.0,0.0,0.0,0.0,0.0,0.0,0.0,0.0,0.0,0.0,0.0,0.0,0.0,0.0,0.0,0.0,0.0,0.0,0.0,0.0,0.0
BR,BR,Brazil,2022,1721.0,298408.0,47601.98449612403,29949.0,7.0,1308.0,256.3837209302326,174.0,-31119.0,282957.0,46983.833333333336,29708.5,0.0,0.0,0.0,0.0,-297467.0,712979.0,75598.1046511628,34665.5,0.0,1134222.0,108908.13178294574,74288.5,0.0,0.0,0.0,0.0,0.0,0.0,0.0,0.0,0.0,0.0,0.0,0.0,0.0,0.0,0.0,0.0,0.0,0.0,0.0,0.0,0.0,0.0,0.0,0.0,0.0,0.0,0.0,0.0,0.0,0.0,0.0,0.0
BS,BS,Bahamas,2021,0.0,163.0,62.595238095238095,47.0,0.0,27.0,2.357142857142857,0.0,0.0,0.0,0.0,0.0,0.0,660.0,51.57142857142857,0.0,0.0,18241.0,3739.0714285714284,2289.0,0.0,18137.0,3365.4523809523807,2472.5,0.0,0.0,0.0,0.0,0.0,0.0,0.0,0.0,0.0,0.0,0.0,0.0,0.0,0.0,0.0,0.0,0.0,0.0,0.0,0.0,0.0,0.0,0.0,0.0,0.0,0.0,0.0,0.0,0.0,0.0,0.0,0.0
BS,BS,Bahamas,2022,0.0,421.0,42.611111111111114,13.5,0.0,9.0,1.3888888888888888,0.0,0.0,0.0,0.0,0.0,0.0,567.0,84.05555555555556,0.0,0.0,4920.0,863.7222222222222,555.0,248.0,2028.0,911.4444444444445,761.0,0.0,0.0,0.0,0.0,0.0,0.0,0.0,0.0,0.0,0.0,0.0,0.0,0.0,0.0,0.0,0.0,0.0,0.0,0.0,0.0,0.0,0.0,0.0,0.0,0.0,0.0,0.0,0.0,0.0,0.0,0.0,0.0
BT,BT,Bhutan,2021,0.0,100.0,9.670103092783505,5.0,0.0,0.0,0.0,0.0,0.0,0.0,0.0,0.0,0.0,54131.0,2171.814432989691,889.0,0.0,97322.0,6080.020618556701,146.0,0.0,96726.0,5812.113402061856,0.0,0.0,0.0,0.0,0.0,0.0,0.0,0.0,0.0,0.0,0.0,0.0,0.0,0.0,0.0,0.0,0.0,0.0,0.0,0.0,0.0,0.0,0.0,0.0,0.0,0.0,0.0,0.0,0.0,0.0,0.0,0.0,0.0
BT,BT,Bhutan,2022,0.0,2200.0,243.8148148148148,31.0,0.0,0.0,0.0,0.0,0.0,0.0,0.0,0.0,0.0,15241.0,1834.2222222222222,0.0,19.0,86085.0,3923.3703703703704,464.0,19.0,80133.0,4066.074074074074,473.0,0.0,0.0,0.0,0.0,0.0,0.0,0.0,0.0,0.0,0.0,0.0,0.0,0.0,0.0,0.0,0.0,0.0,0.0,0.0,0.0,0.0,0.0,0.0,0.0,0.0,0.0,0.0,0.0,0.0,0.0,0.0,0.0
BW,BW,Botswana,2021,0.0,2195.0,196.0408163265306,0.0,0.0,62.0,1.9795918367346939,0.0,0.0,0.0,0.0,0.0,0.0,0.0,0.0,0.0,0.0,398318.0,23861.163265306124,7232.0,0.0,676755.0,20631.69387755102,2937.0,0.0,0.0,0.0,0.0,0.0,0.0,0.0,0.0,0.0,0.0,0.0,0.0,0.0,0.0,0.0,0.0,0.0,0.0,0.0,0.0,0.0,0.0,0.0,0.0,0.0,0.0,0.0,0.0,0.0,0.0,0.0,0.0
BW,BW,Botswana,2022,0.0,1298.0,148.25,0.0,0.0,25.0,2.625,0.0,0.0,0.0,0.0,0.0,0.0,0.0,0.0,0.0,0.0,182931.0,20846.5625,8023.5,0.0,65329.0,21235.4375,17043.5,0.0,0.0,0.0,0.0,0.0,0.0,0.0,0.0,0.0,0.0,0.0,0.0,0.0,0.0,0.0,0.0,0.0,0.0,0.0,0.0,0.0,0.0,0.0,0.0,0.0,0.0,0.0,0.0,0.0,0.0,0.0,0.0
BY,BY,Belarus,2020,1816.0,1816.0,1816.0,1816.0,10.0,10.0,10.0,10.0,0.0,0.0,0.0,0.0,0.0,0.0,0.0,0.0,0.0,0.0,0.0,0.0,0.0,0.0,0.0,0.0,0.0,0.0,0.0,0.0,0.0,0.0,0.0,0.0,0.0,0.0,0.0,0.0,0.0,0.0,0.0,0.0,0.0,0.0,0.0,0.0,0.0,0.0,0.0,0.0,0.0,0.0,0.0,0.0,0.0,0.0,0.0,0.0
BY,BY,Belarus,2021,570.0,1997.0,1316.03125,1340.5,8.0,17.0,11.09375,10.0,0.0,0.0,0.0,0.0,0.0,25761.0,1434.0625,0.0,0.0,539398.0,136126.28125,110052.0,0.0,381177.0,100567.65625,87778.5,0.0,0.0,0.0,0.0,0.0,0.0,0.0,0.0,0.0,0.0,0.0,0.0,0.0,0.0,0.0,0.0,0.0,0.0,0.0,0.0,0.0,0.0,0.0,0.0,0.0,0.0,0.0,0.0,0.0,0.0,0.0,0.0
BY,BY,Belarus,2022,0.0,6605.0,1154.7391304347825,332.0,0.0,16.0,6.130434782608695,5.0,0.0,0.0,0.0,0.0,0.0,0.0,0.0,0.0,0.0,549893.0,93167.82608695653,73339.0,0.0,474446.0,137341.39130434784,134948.0,0.0,0.0,0.0,0.0,0.0,0.0,0.0,0.0,0.0,0.0,0.0,0.0,0.0,0.0,0.0,0.0,0.0,0.0,0.0,0.0,0.0,0.0,0.0,0.0,0.0,0.0,0.0,0.0,0.0,0.0,0.0,0.0
BZ,BZ,Belize,2021,0.0,419.0,65.90990990990991,24.0,0.0,9.0,0.8738738738738738,0.0,0.0,0.0,0.0,0.0,0.0,1351.0,20.55855855855856,0.0,0.0,23880.0,2073.198198198198,1504.0,0.0,43166.0,1708.2432432432433,761.0,0.0,0.0,0.0,0.0,0.0,0.0,0.0,0.0,0.0,0.0,0.0,0.0,0.0,0.0,0.0,0.0,0.0,0.0,0.0,0.0,0.0,0.0,0.0,0.0,0.0,0.0,0.0,0.0,0.0,0.0,0.0,0.0
BZ,BZ,Belize,2022,0.0,794.0,156.38235294117646,75.5,0.0,8.0,0.5882352941176471,0.0,0.0,0.0,0.0,0.0,0.0,0.0,0.0,0.0,83.0,8583.0,593.9411764705883,287.0,71.0,3429.0,604.0294117647059,412.5,0.0,0.0,0.0,0.0,0.0,0.0,0.0,0.0,0.0,0.0,0.0,0.0,0.0,0.0,0.0,0.0,0.0,0.0,0.0,0.0,0.0,0.0,0.0,0.0,0.0,0.0,0.0,0.0,0.0,0.0,0.0,0.0
CA,CA,Canada,2020,0.0,9.0,1.0555555555555556,0.0,0.0,874.0,93.55555555555556,0.0,0.0,0.0,0.0,0.0,75543.0,147231.0,116053.27777777778,125490.5,0.0,33809.0,7219.833333333333,5023.0,0.0,1.0,0.05555555555555555,0.0,0.0,0.0,0.0,0.0,0.0,0.0,0.0,0.0,0.0,0.0,0.0,0.0,0.0,0.0,0.0,0.0,0.0,0.0,0.0,0.0,0.0,0.0,0.0,0.0,0.0,0.0,0.0,0.0,0.0,0.0,0.0,0.0
CA,CA,Canada,2021,0.0,38.0,1.4712328767123288,0.0,0.0,1047.0,40.394520547945206,0.0,0.0,0.0,0.0,0.0,4023.0,181214.0,94960.7397260274,96360.0,0.0,2368272.0,161163.18356164385,46098.0,0.0,3325445.0,151152.6383561644,35034.0,0.0,0.0,0.0,0.0,0.0,0.0,0.0,0.0,0.0,0.0,0.0,0.0,0.0,0.0,0.0,0.0,0.0,0.0,0.0,0.0,0.0,0.0,0.0,0.0,0.0,0.0,0.0,0.0,0.0,0.0,0.0,0.0
CA,CA,Canada,2022,0.0,32896.0,1676.6614173228347,0.0,0.0,1051.0,72.98425196850394,0.0,0.0,0.0,0.0,0.0,0.0,601278.0,37084.003937007874,19809.0,0.0,168862.0,9597.21653543307,1789.5,0.0,292764.0,15432.996062992126,3078.5,0.0,0.0,0.0,0.0,0.0,0.0,0.0,0.0,0.0,0.0,0.0,0.0,0.0,0.0,0.0,0.0,0.0,0.0,0.0,0.0,0.0,0.0,0.0,0.0,0.0,0.0,0.0,0.0,0.0,0.0,0.0,0.0
CD,CD,Democratic Republic of the Congo,2021,0.0,1518.0,219.54545454545453,79.5,0.0,10.0,1.4318181818181819,0.0,0.0,0.0,0.0,0.0,0.0,0.0,0.0,0.0,0.0,53527.0,5841.204545454545,2308.0,0.0,12015.0,2621.159090909091,733.5,0.0,0.0,0.0,0.0,0.0,0.0,0.0,0.0,0.0,0.0,0.0,0.0,0.0,0.0,0.0,0.0,0.0,0.0,0.0,0.0,0.0,0.0,0.0,0.0,0.0,0.0,0.0,0.0,0.0,0.0,0.0,0.0
CD,CD,Democratic Republic of the Congo,2022,0.0,654.0,68.80952380952381,19.0,0.0,1.0,0.047619047619047616,0.0,0.0,0.0,0.0,0.0,0.0,0.0,0.0,0.0,0.0,1093703.0,196656.57142857142,65289.0,0.0,552400.0,131232.47619047618,55947.0,0.0,0.0,0.0,0.0,0.0,0.0,0.0,0.0,0.0,0.0,0.0,0.0,0.0,0.0,0.0,0.0,0.0,0.0,0.0,0.0,0.0,0.0,0.0,0.0,0.0,0.0,0.0,0.0,0.0,0.0,0.0,0.0
CF,CF,Central African Republic,2021,0.0,28.0,7.2,3.0,0.0,1.0,0.1,0.0,0.0,0.0,0.0,0.0,0.0,0.0,0.0,0.0,0.0,97848.0,18721.45,1703.0,0.0,275628.0,16250.25,0.0,0.0,0.0,0.0,0.0,0.0,0.0,0.0,0.0,0.0,0.0,0.0,0.0,0.0,0.0,0.0,0.0,0.0,0.0,0.0,0.0,0.0,0.0,0.0,0.0,0.0,0.0,0.0,0.0,0.0,0.0,0.0,0.0
CF,CF,Central African Republic,2022,0.0,12.0,1.8,0.0,0.0,0.0,0.0,0.0,0.0,0.0,0.0,0.0,0.0,0.0,0.0,0.0,698.0,139175.0,54011.35,42872.0,0.0,155881.0,52169.7,43151.5,0.0,0.0,0.0,0.0,0.0,0.0,0.0,0.0,0.0,0.0,0.0,0.0,0.0,0.0,0.0,0.0,0.0,0.0,0.0,0.0,0.0,0.0,0.0,0.0,0.0,0.0,0.0,0.0,0.0,0.0,0.0,0.0
CG,CG,Republic of the Congo,2021,0.0,313.0,46.10344827586207,0.0,0.0,12.0,1.103448275862069,0.0,0.0,0.0,0.0,0.0,0.0,0.0,0.0,0.0,0.0,94681.0,20985.827586206895,15011.0,0.0,29016.0,2411.2758620689656,714.0,0.0,0.0,0.0,0.0,0.0,0.0,0.0,0.0,0.0,0.0,0.0,0.0,0.0,0.0,0.0,0.0,0.0,0.0,0.0,0.0,0.0,0.0,0.0,0.0,0.0,0.0,0.0,0.0,0.0,0.0,0.0,0.0
CG,CG,Republic of the Congo,2022,0.0,7.0,0.7777777777777778,0.0,0.0,0.0,0.0,0.0,0.0,0.0,0.0,0.0,0.0,0.0,0.0,0.0,0.0,52979.0,8097.111111111111,967.0,0.0,408302.0,57573.88888888889,0.0,0.0,0.0,0.0,0.0,0.0,0.0,0.0,0.0,0.0,0.0,0.0,0.0,0.0,0.0,0.0,0.0,0.0,0.0,0.0,0.0,0.0,0.0,0.0,0.0,0.0,0.0,0.0,0.0,0.0,0.0,0.0,0.0
CH,CH,Switzerland,2020,1721.0,5623.0,3700.818181818182,4210.0,63.0,97.0,84.45454545454545,84.0,0.0,0.0,0.0,0.0,12804.0,46436.0,28694.636363636364,28896.0,0.0,1664.0,570.8181818181819,264.0,0.0,4.0,1.0909090909090908,0.0,0.0,0.0,0.0,0.0,0.0,0.0,0.0,0.0,0.0,0.0,0.0,0.0,0.0,0.0,0.0,0.0,0.0,0.0,0.0,0.0,0.0,0.0,0.0,0.0,0.0,0.0,0.0,0.0,0.0,0.0,0.0,0.0
CH,CH,Switzerland,2021,59.0,19746.0,2456.8931506849317,1430.0,0.0,76.0,11.876712328767123,7.0,0.0,0.0,0.0,0.0,6891.0,77634.0,30384.728767123288,28272.0,1.0,63914.0,16329.64109589041,11369.0,0.0,62090.0,15974.69589041096,12242.0,0.0,0.0,0.0,0.0,0.0,0.0,0.0,0.0,0.0,0.0,0.0,0.0,0.0,0.0,0.0,0.0,0.0,0.0,0.0,0.0,0.0,0.0,0.0,0.0,0.0,0.0,0.0,0.0,0.0,0.0,0.0,0.0
CH,CH,Switzerland,2022,503.0,48332.0,10600.094117647059,4838.0,0.0,28.0,6.294117647058823,4.0,0.0,0.0,0.0,0.0,3022.0,125734.0,30699.360784313725,14734.0,0.0,3425.0,285.25882352941176,78.0,0.0,5606.0,532.9450980392157,95.0,0.0,0.0,0.0,0.0,0.0,0.0,0.0,0.0,0.0,0.0,0.0,0.0,0.0,0.0,0.0,0.0,0.0,0.0,0.0,0.0,0.0,0.0,0.0,0.0,0.0,0.0,0.0,0.0,0.0,0.0,0.0,0.0
CI,CI,Ivory Coast,2021,0.0,811.0,115.5273631840796,58.0,0.0,14.0,1.9900497512437811,1.0,0.0,0.0,0.0,0.0,0.0,5175.0,2473.81592039801,2482.0,0.0,1644476.0,24630.721393034826,4195.0,0.0,656522.0,9398.298507462687,0.0,0.0,0.0,0.0,0.0,0.0,0.0,0.0,0.0,0.0,0.0,0.0,0.0,0.0,0.0,0.0,0.0,0.0,0.0,0.0,0.0,0.0,0.0,0.0,0.0,0.0,0.0,0.0,0.0,0.0,0.0,0.0,0.0
CI,CI,Ivory Coast,2022,0.0,1434.0,256.04,18.0,0.0,5.0,0.96,0.0,0.0,0.0,0.0,0.0,0.0,8463.0,1905.12,0.0,0.0,1240002.0,230839.2,34201.0,0.0,1561121.0,266211.88,67134.0,0.0,0.0,0.0,0.0,0.0,0.0,0.0,0.0,0.0,0.0,0.0,0.0,0.0,0.0,0.0,0.0,0.0,0.0,0.0,0.0,0.0,0.0,0.0,0.0,0.0,0.0,0.0,0.0,0.0,0.0,0.0,0.0
CK,CK,Cook Islands,2021,0.0,0.0,0.0,0.0,0.0,0.0,0.0,0.0,0.0,0.0,0.0,0.0,0.0,0.0,0.0,0.0,0.0,3928.0,706.5,272.0,0.0,5278.0,1039.0833333333333,462.5,0.0,0.0,0.0,0.0,0.0,0.0,0.0,0.0,0.0,0.0,0.0,0.0,0.0,0.0,0.0,0.0,0.0,0.0,0.0,0.0,0.0,0.0,0.0,0.0,0.0,0.0,0.0,0.0,0.0,0.0,0.0,0.0
CK,CK,Cook Islands,2022,0.0,169.0,40.45454545454545,14.0,0.0,0.0,0.0,0.0,0.0,0.0,0.0,0.0,0.0,0.0,0.0,0.0,0.0,1509.0,199.27272727272728,62.0,6.0,1454.0,198.8181818181818,72.0,0.0,0.0,0.0,0.0,0.0,0.0,0.0,0.0,0.0,0.0,0.0,0.0,0.0,0.0,0.0,0.0,0.0,0.0,0.0,0.0,0.0,0.0,0.0,0.0,0.0,0.0,0.0,0.0,0.0,0.0,0.0,0.0
CL,CL,Chile,2020,1711.0,2564.0,2297.5,2457.5,39.0,75.0,53.75,50.5,0.0,0.0,0.0,0.0,23491.0,48273.0,36768.0,37654.0,0.0,4779.0,2057.0,1724.5,0.0,0.0,0.0,0.0,0.0,0.0,0.0,0.0,0.0,0.0,0.0,0.0,0.0,0.0,0.0,0.0,0.0,0.0,0.0,0.0,0.0,0.0,0.0,0.0,0.0,0.0,0.0,0.0,0.0,0.0,0.0,0.0,0.0,0.0,0.0,0.0
CL,CL,Chile,2021,273.0,9171.0,3277.4591549295774,2677.0,0.0,316.0,61.53521126760563,40.0,0.0,0.0,0.0,0.0,20338.0,86435.0,56887.957746478874,59732.0,0.0,272477.0,48730.20281690141,23196.0,0.0,272566.0,46610.343661971834,20985.0,0.0,0.0,0.0,0.0,0.0,0.0,0.0,0.0,0.0,0.0,0.0,0.0,0.0,0.0,0.0,0.0,0.0,0.0,0.0,0.0,0.0,0.0,0.0,0.0,0.0,0.0,0.0,0.0,0.0,0.0,0.0,0.0
CL,CL,Chile,2022,993.0,38446.0,10115.91796875,7574.5,0.0,11447.0,84.79296875,27.0,0.0,0.0,0.0,0.0,0.0,141234.0,49175.45703125,52587.0,2.0,20712.0,2957.20703125,1473.0,1.0,29651.0,4389.2734375,2309.5,0.0,0.0,0.0,0.0,0.0,0.0,0.0,0.0,0.0,0.0,0.0,0.0,0.0,0.0,0.0,0.0,0.0,0.0,0.0,0.0,0.0,0.0,0.0,0.0,0.0,0.0,0.0,0.0,0.0,0.0,0.0,0.0
CM,CM,Cameroon,2021,0.0,1226.0,64.40816326530613,0.0,0.0,40.0,1.2040816326530612,0.0,0.0,0.0,0.0,0.0,0.0,0.0,0.0,0.0,0.0,202786.0,17022.69387755102,6176.0,0.0,244924.0,13443.632653061224,2465.0,0.0,0.0,0.0,0.0,0.0,0.0,0.0,0.0,0.0,0.0,0.0,0.0,0.0,0.0,0.0,0.0,0.0,0.0,0.0,0.0,0.0,0.0,0.0,0.0,0.0,0.0,0.0,0.0,0.0,0.0,0.0,0.0
CM,CM,Cameroon,2022,0.0,174.0,33.0,0.0,0.0,3.0,0.7692307692307693,0.0,0.0,0.0,0.0,0.0,0.0,0.0,0.0,0.0,760.0,273963.0,56596.769230769234,4654.0,467.0,235134.0,43616.692307692305,3676.0,0.0,0.0,0.0,0.0,0.0,0.0,0.0,0.0,0.0,0.0,0.0,0.0,0.0,0.0,0.0,0.0,0.0,0.0,0.0,0.0,0.0,0.0,0.0,0.0,0.0,0.0,0.0,0.0,0.0,0.0,0.0,0.0
CN,CN,China,2020,79.0,114.0,96.5,96.5,2.0,2.0,2.0,2.0,102.0,113.0,107.5,107.5,0.0,0.0,0.0,0.0,0.0,0.0,0.0,0.0,0.0,0.0,0.0,0.0,0.0,0.0,0.0,0.0,0.0,0.0,0.0,0.0,0.0,0.0,0.0,0.0,0.0,0.0,0.0,0.0,0.0,0.0,0.0,0.0,0.0,0.0,0.0,0.0,0.0,0.0,0.0,0.0,0.0,0.0,0.0,0.0
CN,CN,China,2021,11.0,1636.0,112.64189189189189,60.0,0.0,153.0,3.8513513513513513,0.0,0.0,9032.0,82.26351351351352,42.0,0.0,0.0,0.0,0.0,0.0,450500000.0,2155293.918918919,0.0,0.0,112393000.0,1453942.5675675676,0.0,0.0,0.0,0.0,0.0,0.0,0.0,0.0,0.0,0.0,0.0,0.0,0.0,0.0,0.0,0.0,0.0,0.0,0.0,0.0,0.0,0.0,0.0,0.0,0.0,0.0,0.0,0.0,0.0,0.0,0.0,0.0,0.0
CN,CN,China,2022,15.0,436310.0,28427.65625,19020.5,-35.0,476.0,83.109375,48.5,-308.0,25446.0,817.85546875,284.0,0.0,0.0,0.0,0.0,0.0,3235000.0,167210.9375,0.0,0.0,5587000.0,247042.96875,0.0,0.0,0.0,0.0,0.0,0.0,0.0,0.0,0.0,0.0,0.0,0.0,0.0,0.0,0.0,0.0,0.0,0.0,0.0,0.0,0.0,0.0,0.0,0.0,0.0,0.0,0.0,0.0,0.0,0.0,0.0,0.0,0.0
CO,CO,Colombia,2021,604.0,34175.0,9279.67843137255,4176.0,51.0,716.0,269.0,163.0,29.0,51453.0,9145.682352941176,4609.0,21646.0,127781.0,57998.59607843137,50359.0,0.0,7664236.0,147466.81568627452,97572.0,0.0,686477.0,110943.50980392157,80721.0,0.0,0.0,0.0,0.0,0.0,0.0,0.0,0.0,0.0,0.0,0.0,0.0,0.0,0.0,0.0,0.0,0.0,0.0,0.0,0.0,0.0,0.0,0.0,0.0,0.0,0.0,0.0,0.0,0.0,0.0,0.0,0.0
CO,CO,Colombia,2022,0.0,38872.0,9382.12658227848,3731.0,0.0,273.0,105.79746835443038,99.0,0.0,37802.0,4571.291139240507,0.0,0.0,131614.0,42242.898734177215,33896.0,0.0,225636.0,54186.94936708861,41989.0,5292.0,335038.0,103240.21518987342,89353.0,0.0,0.0,0.0,0.0,0.0,0.0,0.0,0.0,0.0,0.0,0.0,0.0,0.0,0.0,0.0,0.0,0.0,0.0,0.0,0.0,0.0,0.0,0.0,0.0,0.0,0.0,0.0,0.0,0.0,0.0,0.0,0.0
CR,CR,Costa Rica,2020,1048.0,1048.0,1048.0,1048.0,21.0,21.0,21.0,21.0,0.0,0.0,0.0,0.0,2933.0,2933.0,2933.0,2933.0,0.0,0.0,0.0,0.0,0.0,0.0,0.0,0.0,0.0,0.0,0.0,0.0,0.0,0.0,0.0,0.0,0.0,0.0,0.0,0.0,0.0,0.0,0.0,0.0,0.0,0.0,0.0,0.0,0.0,0.0,0.0,0.0,0.0,0.0,0.0,0.0,0.0,0.0,0.0,0.0
CR,CR,Costa Rica,2021,51.0,2884.0,737.9074074074074,577.0,0.0,34.0,14.0,12.0,0.0,0.0,0.0,0.0,1405.0,9922.0,4828.074074074074,4431.0,156.0,590737.0,73053.27777777778,49367.5,0.0,289532.0,64909.648148148146,44256.5,0.0,0.0,0.0,0.0,0.0,0.0,0.0,0.0,0.0,0.0,0.0,0.0,0.0,0.0,0.0,0.0,0.0,0.0,0.0,0.0,0.0,0.0,0.0,0.0,0.0,0.0,0.0,0.0,0.0,0.0,0.0,0.0
CR,CR,Costa Rica,2022,0.0,16010.0,2273.0,528.0,0.0,50.0,8.62962962962963,5.0,0.0,0.0,0.0,0.0,0.0,16207.0,7902.481481481482,8814.0,0.0,43304.0,19211.25925925926,18911.0,2607.0,44813.0,25426.296296296296,32466.0,0.0,0.0,0.0,0.0,0.0,0.0,0.0,0.0,0.0,0.0,0.0,0.0,0.0,0.0,0.0,0.0,0.0,0.0,0.0,0.0,0.0,0.0,0.0,0.0,0.0,0.0,0.0,0.0,0.0,0.0,0.0,0.0
CU,CU,Cuba,2021,58.0,9907.0,3668.4863636363634,2096.5,0.0,98.0,32.61818181818182,15.0,0.0,0.0,0.0,0.0,0.0,38826.0,5526.404545454546,0.0,0.0,385908.0,47177.068181818184,19946.5,0.0,348581.0,43296.95,30041.0,0.0,0.0,0.0,0.0,0.0,0.0,0.0,0.0,0.0,0.0,0.0,0.0,0.0,0.0,0.0,0.0,0.0,0.0,0.0,0.0,0.0,0.0,0.0,0.0,0.0,0.0,0.0,0.0,0.0,0.0,0.0,0.0
CU,CU,Cuba,2022,0.0,6456.0,586.1391304347826,105.0,0.0,8.0,0.8260869565217391,0.0,0.0,0.0,0.0,0.0,0.0,0.0,0.0,0.0,0.0,9300.0,1096.291304347826,499.5,0.0,12437.0,1379.1521739130435,480.5,0.0,0.0,0.0,0.0,0.0,0.0,0.0,0.0,0.0,0.0,0.0,0.0,0.0,0.0,0.0,0.0,0.0,0.0,0.0,0.0,0.0,0.0,0.0,0.0,0.0,0.0,0.0,0.0,0.0,0.0,0.0,0.0
CV,CV,Cape Verde,2021,3.0,357.0,63.642857142857146,42.0,0.0,5.0,0.6428571428571429,0.0,0.0,0.0,0.0,0.0,0.0,1532.0,545.0238095238095,482.0,0.0,36343.0,7209.571428571428,4756.5,0.0,23410.0,6030.619047619048,3763.5,0.0,0.0,0.0,0.0,0.0,0.0,0.0,0.0,0.0,0.0,0.0,0.0,0.0,0.0,0.0,0.0,0.0,0.0,0.0,0.0,0.0,0.0,0.0,0.0,0.0,0.0,0.0,0.0,0.0,0.0,0.0,0.0
CV,CV,Cape Verde,2022,0.0,1005.0,71.38095238095238,4.0,0.0,2.0,0.19047619047619047,0.0,0.0,0.0,0.0,0.0,0.0,1157.0,226.33333333333334,0.0,126.0,22199.0,2550.1428571428573,290.0,111.0,17902.0,2496.5714285714284,260.0,0.0,0.0,0.0,0.0,0.0,0.0,0.0,0.0,0.0,0.0,0.0,0.0,0.0,0.0,0.0,0.0,0.0,0.0,0.0,0.0,0.0,0.0,0.0,0.0,0.0,0.0,0.0,0.0,0.0,0.0,0.0,0.0
CW,CW,Curaçao,2021,0.0,1232.0,40.84285714285714,4.0,0.0,14.0,0.5285714285714286,0.0,0.0,0.0,0.0,0.0,0.0,0.0,0.0,0.0,0.0,7950.0,423.7142857142857,165.0,0.0,3895.0,440.03809523809525,243.5,0.0,0.0,0.0,0.0,0.0,0.0,0.0,0.0,0.0,0.0,0.0,0.0,0.0,0.0,0.0,0.0,0.0,0.0,0.0,0.0,0.0,0.0,0.0,0.0,0.0,0.0,0.0,0.0,0.0,0.0,0.0,0.0
CW,CW,Curaçao,2022,0.0,2675.0,106.04060913705584,0.0,0.0,7.0,0.4416243654822335,0.0,0.0,0.0,0.0,0.0,0.0,3694.0,93.68020304568527,0.0,0.0,291.0,20.746192893401016,9.0,0.0,235.0,16.3248730964467,9.0,0.0,0.0,0.0,0.0,0.0,0.0,0.0,0.0,0.0,0.0,0.0,0.0,0.0,0.0,0.0,0.0,0.0,0.0,0.0,0.0,0.0,0.0,0.0,0.0,0.0,0.0,0.0,0.0,0.0,0.0,0.0,0.0
CY,CY,Cyprus,2021,33.0,1152.0,378.90845070422534,263.0,0.0,6.0,1.4225352112676057,1.0,0.0,0.0,0.0,0.0,6158.0,123495.0,53646.18309859155,53848.0,0.0,42241.0,4485.838028169014,2966.5,0.0,22595.0,4266.387323943662,3107.5,0.0,0.0,0.0,0.0,0.0,0.0,0.0,0.0,0.0,0.0,0.0,0.0,0.0,0.0,0.0,0.0,0.0,0.0,0.0,0.0,0.0,0.0,0.0,0.0,0.0,0.0,0.0,0.0,0.0,0.0,0.0,0.0
CY,CY,Cyprus,2022,0.0,3611.0,2073.3611111111113,2348.0,0.0,16.0,3.0555555555555554,3.0,0.0,0.0,0.0,0.0,0.0,139885.0,78093.38888888889,99405.0,0.0,9459.0,790.4722222222222,44.5,0.0,9047.0,1046.3333333333333,453.0,0.0,0.0,0.0,0.0,0.0,0.0,0.0,0.0,0.0,0.0,0.0,0.0,0.0,0.0,0.0,0.0,0.0,0.0,0.0,0.0,0.0,0.0,0.0,0.0,0.0,0.0,0.0,0.0,0.0,0.0,0.0,0.0
CZ,CZ,Czech Republic,2020,3803.0,17147.0,12384.4,13348.0,108.0,150.0,130.0,131.0,3204.0,11034.0,6788.2,7295.0,10483.0,36075.0,27621.6,28202.0,1286.0,3515.0,2377.4,2303.0,0.0,1.0,0.2,0.0,0.0,0.0,0.0,0.0,0.0,0.0,0.0,0.0,0.0,0.0,0.0,0.0,0.0,0.0,0.0,0.0,0.0,0.0,0.0,0.0,0.0,0.0,0.0,0.0,0.0,0.0,0.0,0.0,0.0,0.0,0.0,0.0
CZ,CZ,Czech Republic,2021,42.0,27938.0,4800.580821917808,2222.0,0.0,238.0,66.66849315068494,37.0,40.0,27020.0,4763.87397260274,2064.0,4464.0,114113.0,32778.40273972603,29236.0,3.0,84054.0,18682.569863013698,11414.0,0.0,89727.0,17143.0301369863,8789.0,0.0,0.0,0.0,0.0,0.0,0.0,0.0,0.0,0.0,0.0,0.0,0.0,0.0,0.0,0.0,0.0,0.0,0.0,0.0,0.0,0.0,0.0,0.0,0.0,0.0,0.0,0.0,0.0,0.0,0.0,0.0,0.0
CZ,CZ,Czech Republic,2022,29.0,57247.0,6146.03488372093,2278.0,0.0,65.0,17.7984496124031,12.0,52.0,56937.0,6382.779069767442,2471.5,418.0,156559.0,23196.294573643412,5921.5,1.0,7883.0,553.5697674418604,136.5,1.0,10037.0,853.4922480620155,176.0,0.0,0.0,0.0,0.0,0.0,0.0,0.0,0.0,0.0,0.0,0.0,0.0,0.0,0.0,0.0,0.0,0.0,0.0,0.0,0.0,0.0,0.0,0.0,0.0,0.0,0.0,0.0,0.0,0.0,0.0,0.0,0.0
DE,DE,Germany,2020,10270.0,31055.0,20843.6,19592.0,419.0,1296.0,928.2,896.0,0.0,0.0,0.0,0.0,0.0,0.0,0.0,0.0,0.0,64088.0,36419.8,49939.0,0.0,0.0,0.0,0.0,0.0,0.0,0.0,0.0,0.0,0.0,0.0,0.0,0.0,0.0,0.0,0.0,0.0,0.0,0.0,0.0,0.0,0.0,0.0,0.0,0.0,0.0,0.0,0.0,0.0,0.0,0.0,0.0,0.0,0.0,0.0,0.0
DE,DE,Germany,2021,208.0,75734.0,14917.016438356164,10022.0,0.0,1042.0,182.813698630137,129.0,0.0,0.0,0.0,0.0,0.0,0.0,0.0,0.0,1647.0,1095873.0,171297.55890410958,101429.0,0.0,1021861.0,162000.13698630137,82047.0,0.0,0.0,0.0,0.0,0.0,0.0,0.0,0.0,0.0,0.0,0.0,0.0,0.0,0.0,0.0,0.0,0.0,0.0,0.0,0.0,0.0,0.0,0.0,0.0,0.0,0.0,0.0,0.0,0.0,0.0,0.0,0.0
DE,DE,Germany,2022,4079.0,307873.0,99201.2890625,81225.5,0.0,359.0,118.93359375,95.5,0.0,0.0,0.0,0.0,0.0,0.0,0.0,0.0,57.0,62477.0,7981.94921875,1539.5,100.0,134928.0,16859.265625,2942.0,0.0,0.0,0.0,0.0,0.0,0.0,0.0,0.0,0.0,0.0,0.0,0.0,0.0,0.0,0.0,0.0,0.0,0.0,0.0,0.0,0.0,0.0,0.0,0.0,0.0,0.0,0.0,0.0,0.0,0.0,0.0,0.0
DJ,DJ,Djibouti,2021,0.0,48.0,11.25,5.0,0.0,2.0,0.3333333333333333,0.0,0.0,0.0,0.0,0.0,0.0,0.0,0.0,0.0,0.0,18981.0,2365.6666666666665,894.0,0.0,10171.0,2132.6666666666665,1241.5,0.0,0.0,0.0,0.0,0.0,0.0,0.0,0.0,0.0,0.0,0.0,0.0,0.0,0.0,0.0,0.0,0.0,0.0,0.0,0.0,0.0,0.0,0.0,0.0,0.0,0.0,0.0,0.0,0.0,0.0,0.0,0.0
DJ,DJ,Djibouti,2022,0.0,105.0,5.931034482758621,0.0,0.0,0.0,0.0,0.0,0.0,0.0,0.0,0.0,0.0,321.0,11.068965517241379,0.0,0.0,84932.0,6455.482758620689,3419.0,0.0,57568.0,6185.793103448276,3551.0,0.0,0.0,0.0,0.0,0.0,0.0,0.0,0.0,0.0,0.0,0.0,0.0,0.0,0.0,0.0,0.0,0.0,0.0,0.0,0.0,0.0,0.0,0.0,0.0,0.0,0.0,0.0,0.0,0.0,0.0,0.0,0.0
DK,DK,Denmark,2020,1203.0,4387.0,2646.0555555555557,2817.5,7.0,33.0,20.22222222222222,19.5,0.0,0.0,0.0,0.0,32021.0,168293.0,102100.33333333333,113688.0,0.0,10115.0,1697.5,3.5,0.0,0.0,0.0,0.0,0.0,0.0,0.0,0.0,0.0,0.0,0.0,0.0,0.0,0.0,0.0,0.0,0.0,0.0,0.0,0.0,0.0,0.0,0.0,0.0,0.0,0.0,0.0,0.0,0.0,0.0,0.0,0.0,0.0,0.0,0.0,0.0
DK,DK,Denmark,2021,145.0,23866.0,1804.9205479452055,760.0,0.0,39.0,5.30958904109589,2.0,0.0,0.0,0.0,0.0,21507.0,269142.0,118002.4712328767,114558.0,208.0,92565.0,12966.37808219178,7484.0,0.0,57299.0,12523.978082191781,5967.0,0.0,0.0,0.0,0.0,0.0,0.0,0.0,0.0,0.0,0.0,0.0,0.0,0.0,0.0,0.0,0.0,0.0,0.0,0.0,0.0,0.0,0.0,0.0,0.0,0.0,0.0,0.0,0.0,0.0,0.0,0.0,0.0
DK,DK,Denmark,2022,0.0,55120.0,9666.456692913385,2140.5,0.0,50.0,14.55511811023622,11.0,0.0,0.0,0.0,0.0,0.0,259877.0,43333.78346456693,7603.0,1.0,3853.0,211.04724409448818,52.0,3.0,13915.0,827.5551181102362,90.5,0.0,0.0,0.0,0.0,0.0,0.0,0.0,0.0,0.0,0.0,0.0,0.0,0.0,0.0,0.0,0.0,0.0,0.0,0.0,0.0,0.0,0.0,0.0,0.0,0.0,0.0,0.0,0.0,0.0,0.0,0.0,0.0
DM,DM,Dominica,2021,0.0,310.0,23.576271186440678,0.0,0.0,5.0,0.2542372881355932,0.0,0.0,0.0,0.0,0.0,0.0,0.0,0.0,0.0,0.0,2465.0,498.7457627118644,235.0,0.0,4505.0,462.3898305084746,181.0,0.0,0.0,0.0,0.0,0.0,0.0,0.0,0.0,0.0,0.0,0.0,0.0,0.0,0.0,0.0,0.0,0.0,0.0,0.0,0.0,0.0,0.0,0.0,0.0,0.0,0.0,0.0,0.0,0.0,0.0,0.0,0.0
DM,DM,Dominica,2022,0.0,968.0,61.80487804878049,0.0,0.0,2.0,0.0975609756097561,0.0,0.0,0.0,0.0,0.0,0.0,937.0,22.853658536585368,0.0,0.0,1304.0,84.04878048780488,32.0,0.0,822.0,71.90243902439025,48.0,0.0,0.0,0.0,0.0,0.0,0.0,0.0,0.0,0.0,0.0,0.0,0.0,0.0,0.0,0.0,0.0,0.0,0.0,0.0,0.0,0.0,0.0,0.0,0.0,0.0,0.0,0.0,0.0,0.0,0.0,0.0,0.0
DO,DO,Dominican Republic,2021,0.0,1784.0,613.611320754717,566.0,0.0,18.0,3.7471698113207546,3.0,0.0,0.0,0.0,0.0,0.0,7054.0,388.2792452830189,0.0,0.0,245953.0,26183.381132075472,11714.0,0.0,545605.0,21302.611320754717,10295.0,0.0,0.0,0.0,0.0,0.0,0.0,0.0,0.0,0.0,0.0,0.0,0.0,0.0,0.0,0.0,0.0,0.0,0.0,0.0,0.0,0.0,0.0,0.0,0.0,0.0,0.0,0.0,0.0,0.0,0.0,0.0,0.0
DO,DO,Dominican Republic,2022,0.0,7439.0,911.6271929824561,301.5,0.0,7.0,0.5745614035087719,0.0,0.0,0.0,0.0,0.0,0.0,16036.0,1073.1447368421052,0.0,42.0,15184.0,1481.390350877193,643.0,77.0,12135.0,1491.298245614035,735.5,0.0,0.0,0.0,0.0,0.0,0.0,0.0,0.0,0.0,0.0,0.0,0.0,0.0,0.0,0.0,0.0,0.0,0.0,0.0,0.0,0.0,0.0,0.0,0.0,0.0,0.0,0.0,0.0,0.0,0.0,0.0,0.0
DZ,DZ,Algeria,2021,81.0,515.0,194.45,179.5,2.0,27.0,7.7,5.0,0.0,0.0,0.0,0.0,0.0,0.0,0.0,0.0,0.0,3346279.0,353036.85,37870.0,0.0,2275188.0,244211.4,29685.0,0.0,0.0,0.0,0.0,0.0,0.0,0.0,0.0,0.0,0.0,0.0,0.0,0.0,0.0,0.0,0.0,0.0,0.0,0.0,0.0,0.0,0.0,0.0,0.0,0.0,0.0,0.0,0.0,0.0,0.0,0.0,0.0
DZ,DZ,Algeria,2022,0.0,585.0,157.5,19.0,0.0,11.0,3.75,0.5,0.0,0.0,0.0,0.0,0.0,0.0,0.0,0.0,0.0,378199.0,97424.25,29016.0,0.0,370474.0,109018.25,53586.5,0.0,0.0,0.0,0.0,0.0,0.0,0.0,0.0,0.0,0.0,0.0,0.0,0.0,0.0,0.0,0.0,0.0,0.0,0.0,0.0,0.0,0.0,0.0,0.0,0.0,0.0,0.0,0.0,0.0,0.0,0.0,0.0
EC,EC,Ecuador,2021,0.0,5913.0,938.8449848024316,669.0,0.0,8786.0,57.58358662613982,20.0,0.0,0.0,0.0,0.0,0.0,13171.0,3707.9908814589667,3686.0,0.0,405615.0,43235.82674772036,22096.0,0.0,713371.0,38572.84498480243,14924.0,0.0,0.0,0.0,0.0,0.0,0.0,0.0,0.0,0.0,0.0,0.0,0.0,0.0,0.0,0.0,0.0,0.0,0.0,0.0,0.0,0.0,0.0,0.0,0.0,0.0,0.0,0.0,0.0,0.0,0.0,0.0,0.0
EC,EC,Ecuador,2022,0.0,11090.0,1906.0260869565218,923.5,0.0,409.0,9.2,2.0,0.0,0.0,0.0,0.0,0.0,20964.0,3550.8478260869565,2685.5,49.0,210165.0,4403.169565217391,1364.0,110.0,68685.0,6077.126086956522,2270.0,0.0,0.0,0.0,0.0,0.0,0.0,0.0,0.0,0.0,0.0,0.0,0.0,0.0,0.0,0.0,0.0,0.0,0.0,0.0,0.0,0.0,0.0,0.0,0.0,0.0,0.0,0.0,0.0,0.0,0.0,0.0,0.0
EE,EE,Estonia,2020,418.0,965.0,601.8,476.0,0.0,13.0,5.6,5.0,0.0,0.0,0.0,0.0,3015.0,6632.0,4688.2,4422.0,0.0,1013.0,456.8,367.0,0.0,24.0,13.8,14.0,0.0,0.0,0.0,0.0,0.0,0.0,0.0,0.0,0.0,0.0,0.0,0.0,0.0,0.0,0.0,0.0,0.0,0.0,0.0,0.0,0.0,0.0,0.0,0.0,0.0,0.0,0.0,0.0,0.0,0.0,0.0,0.0
EE,EE,Estonia,2021,12.0,2308.0,587.184065934066,468.5,0.0,32.0,4.653846153846154,4.0,0.0,0.0,0.0,0.0,1705.0,10255.0,5186.057692307692,5048.0,2.0,11630.0,2306.868131868132,1651.0,0.0,11553.0,2239.203296703297,1586.5,0.0,0.0,0.0,0.0,0.0,0.0,0.0,0.0,0.0,0.0,0.0,0.0,0.0,0.0,0.0,0.0,0.0,0.0,0.0,0.0,0.0,0.0,0.0,0.0,0.0,0.0,0.0,0.0,0.0,0.0,0.0,0.0
EE,EE,Estonia,2022,33.0,8467.0,1400.6941176470589,314.0,0.0,18.0,2.835294117647059,1.0,0.0,0.0,0.0,0.0,476.0,14823.0,3812.3686274509805,1722.0,5.0,787.0,95.50588235294117,54.0,5.0,828.0,120.3921568627451,61.0,0.0,0.0,0.0,0.0,0.0,0.0,0.0,0.0,0.0,0.0,0.0,0.0,0.0,0.0,0.0,0.0,0.0,0.0,0.0,0.0,0.0,0.0,0.0,0.0,0.0,0.0,0.0,0.0,0.0,0.0,0.0,0.0
EG,EG,Egypt,2021,31.0,1187.0,638.65,704.5,4.0,68.0,35.28333333333333,39.0,0.0,0.0,0.0,0.0,0.0,0.0,0.0,0.0,0.0,2438243.0,551638.0666666667,425524.0,0.0,2228407.0,339858.93333333335,147328.5,0.0,0.0,0.0,0.0,0.0,0.0,0.0,0.0,0.0,0.0,0.0,0.0,0.0,0.0,0.0,0.0,0.0,0.0,0.0,0.0,0.0,0.0,0.0,0.0,0.0,0.0,0.0,0.0,0.0,0.0,0.0,0.0
EG,EG,Egypt,2022,0.0,2272.0,496.7567567567568,0.0,0.0,62.0,13.864864864864865,0.0,0.0,0.0,0.0,0.0,0.0,0.0,0.0,0.0,0.0,2546259.0,529543.2972972973,339485.0,0.0,2202195.0,506631.54054054053,300469.0,0.0,0.0,0.0,0.0,0.0,0.0,0.0,0.0,0.0,0.0,0.0,0.0,0.0,0.0,0.0,0.0,0.0,0.0,0.0,0.0,0.0,0.0,0.0,0.0,0.0,0.0,0.0,0.0,0.0,0.0,0.0,0.0
ES,ES,Spain,2021,529.0,150758.0,13370.312,7327.5,8.0,600.0,104.532,67.0,0.0,0.0,0.0,0.0,0.0,0.0,0.0,0.0,0.0,748439.0,158327.532,124507.0,0.0,790650.0,151468.756,78723.0,0.0,0.0,0.0,0.0,0.0,0.0,0.0,0.0,0.0,0.0,0.0,0.0,0.0,0.0,0.0,0.0,0.0,0.0,0.0,0.0,0.0,0.0,0.0,0.0,0.0,0.0,0.0,0.0,0.0,0.0,0.0,0.0
ES,ES,Spain,2022,0.0,176219.0,48763.81690140845,22889.0,0.0,269.0,117.94366197183099,98.0,0.0,0.0,0.0,0.0,0.0,0.0,0.0,0.0,0.0,151254.0,22977.61971830986,7657.0,1835.0,741863.0,38992.45070422535,12949.0,0.0,0.0,0.0,0.0,0.0,0.0,0.0,0.0,0.0,0.0,0.0,0.0,0.0,0.0,0.0,0.0,0.0,0.0,0.0,0.0,0.0,0.0,0.0,0.0,0.0,0.0,0.0,0.0,0.0,0.0,0.0,0.0
ET,ET,Ethiopia,2021,0.0,5185.0,697.0262008733624,386.0,0.0,49.0,13.353711790393014,9.0,0.0,0.0,0.0,0.0,0.0,10804.0,3892.187772925764,4638.0,0.0,641485.0,38926.47598253275,11995.0,0.0,0.0,0.0,0.0,0.0,0.0,0.0,0.0,0.0,0.0,0.0,0.0,0.0,0.0,0.0,0.0,0.0,0.0,0.0,0.0,0.0,0.0,0.0,0.0,0.0,0.0,0.0,0.0,0.0,0.0,0.0,0.0,0.0,0.0,0.0,0.0
ET,ET,Ethiopia,2022,6.0,4011.0,679.3018867924528,116.0,0.0,24.0,6.018867924528302,3.0,0.0,0.0,0.0,0.0,0.0,10603.0,662.0566037735849,0.0,0.0,13730462.0,637114.6981132076,13090.0,0.0,10805044.0,351821.28301886795,0.0,0.0,0.0,0.0,0.0,0.0,0.0,0.0,0.0,0.0,0.0,0.0,0.0,0.0,0.0,0.0,0.0,0.0,0.0,0.0,0.0,0.0,0.0,0.0,0.0,0.0,0.0,0.0,0.0,0.0,0.0,0.0,0.0
FI,FI,Finland,2021,0.0,11334.0,805.2142857142857,231.5,0.0,19.0,5.053571428571429,3.0,0.0,0.0,0.0,0.0,8752.0,33151.0,15745.285714285714,14911.5,0.0,226022.0,76342.78571428571,63295.5,0.0,215725.0,72953.42857142857,35893.0,0.0,0.0,0.0,0.0,0.0,0.0,0.0,0.0,0.0,0.0,0.0,0.0,0.0,0.0,0.0,0.0,0.0,0.0,0.0,0.0,0.0,0.0,0.0,0.0,0.0,0.0,0.0,0.0,0.0,0.0,0.0,0.0
FI,FI,Finland,2022,0.0,136804.0,7477.933333333333,5492.0,0.0,50.0,18.266666666666666,19.0,0.0,0.0,0.0,0.0,0.0,34970.0,15377.48,16275.0,0.0,90629.0,3280.653333333333,484.0,0.0,47440.0,3418.133333333333,1705.0,0.0,0.0,0.0,0.0,0.0,0.0,0.0,0.0,0.0,0.0,0.0,0.0,0.0,0.0,0.0,0.0,0.0,0.0,0.0,0.0,0.0,0.0,0.0,0.0,0.0,0.0,0.0,0.0,0.0,0.0,0.0,0.0
FJ,FJ,Fiji,2021,0.0,1100.0,209.64864864864865,63.0,0.0,29.0,3.864864864864865,0.0,0.0,0.0,0.0,0.0,0.0,4300.0,1319.3513513513512,1048.0,0.0,82583.0,17877.08108108108,15690.0,0.0,46926.0,16288.648648648648,11906.0,0.0,0.0,0.0,0.0,0.0,0.0,0.0,0.0,0.0,0.0,0.0,0.0,0.0,0.0,0.0,0.0,0.0,0.0,0.0,0.0,0.0,0.0,0.0,0.0,0.0,0.0,0.0,0.0,0.0,0.0,0.0,0.0
FJ,FJ,Fiji,2022,0.0,987.0,128.7058823529412,58.5,0.0,11.0,0.9411764705882353,0.0,0.0,0.0,0.0,0.0,0.0,0.0,0.0,0.0,45.0,20302.0,1415.5588235294117,423.0,18.0,4364.0,958.7941176470588,704.5,0.0,0.0,0.0,0.0,0.0,0.0,0.0,0.0,0.0,0.0,0.0,0.0,0.0,0.0,0.0,0.0,0.0,0.0,0.0,0.0,0.0,0.0,0.0,0.0,0.0,0.0,0.0,0.0,0.0,0.0,0.0,0.0
FK,FK,Falkland Islands,2021,0.0,8.0,1.3333333333333333,0.0,0.0,0.0,0.0,0.0,0.0,0.0,0.0,0.0,0.0,0.0,0.0,0.0,0.0,1515.0,438.6666666666667,317.5,0.0,58.0,9.666666666666666,0.0,0.0,0.0,0.0,0.0,0.0,0.0,0.0,0.0,0.0,0.0,0.0,0.0,0.0,0.0,0.0,0.0,0.0,0.0,0.0,0.0,0.0,0.0,0.0,0.0,0.0,0.0,0.0,0.0,0.0,0.0,0.0,0.0
FO,FO,Faroe Islands,2021,0.0,241.0,12.0,2.0,0.0,1.0,0.022556390977443608,0.0,0.0,0.0,0.0,0.0,0.0,0.0,0.0,0.0,0.0,1617.0,281.5338345864662,145.0,0.0,2537.0,304.7142857142857,175.0,0.0,0.0,0.0,0.0,0.0,0.0,0.0,0.0,0.0,0.0,0.0,0.0,0.0,0.0,0.0,0.0,0.0,0.0,0.0,0.0,0.0,0.0,0.0,0.0,0.0,0.0,0.0,0.0,0.0,0.0,0.0,0.0
FO,FO,Faroe Islands,2022,192.0,1265.0,600.2727272727273,591.5,0.0,2.0,0.18181818181818182,0.0,0.0,0.0,0.0,0.0,0.0,3606.0,163.9090909090909,0.0,1.0,59.0,12.636363636363637,7.0,2.0,68.0,16.681818181818183,10.0,0.0,0.0,0.0,0.0,0.0,0.0,0.0,0.0,0.0,0.0,0.0,0.0,0.0,0.0,0.0,0.0,0.0,0.0,0.0,0.0,0.0,0.0,0.0,0.0,0.0,0.0,0.0,0.0,0.0,0.0,0.0,0.0
FR,FR,France,2020,2960.0,26457.0,13912.2,11395.0,173.0,384.0,294.8,303.0,189941.0,194221.0,191947.0,191806.0,48016.0,399554.0,309727.4,366121.0,384.0,683.0,511.8,443.0,18.0,55.0,31.4,23.0,0.0,0.0,0.0,0.0,0.0,0.0,0.0,0.0,0.0,0.0,0.0,0.0,0.0,0.0,0.0,0.0,0.0,0.0,0.0,0.0,0.0,0.0,0.0,0.0,0.0,0.0,0.0,0.0,0.0,0.0,0.0,0.0
FR,FR,France,2021,487.0,232200.0,21141.468493150685,16642.0,4.0,897.0,152.14246575342466,109.0,194901.0,461407.0,357928.45479452057,384616.0,33219.0,1604390.0,438806.4876712329,392881.0,363.0,507528.0,145789.53424657535,89888.0,27.0,586140.0,142076.23561643835,73669.0,0.0,0.0,0.0,0.0,0.0,0.0,0.0,0.0,0.0,0.0,0.0,0.0,0.0,0.0,0.0,0.0,0.0,0.0,0.0,0.0,0.0,0.0,0.0,0.0,0.0,0.0,0.0,0.0,0.0,0.0,0.0,0.0
FR,FR,France,2022,3443.0,501635.0,96619.59143968871,58954.0,3.0,691.0,120.11673151750973,96.0,0.0,655984.0,303587.90272373543,472488.0,0.0,2221976.0,319285.5486381323,187247.0,1.0,60927.0,5214.653696498054,1475.0,1.0,49542.0,7012.0856031128405,1724.0,0.0,0.0,0.0,0.0,0.0,0.0,0.0,0.0,0.0,0.0,0.0,0.0,0.0,0.0,0.0,0.0,0.0,0.0,0.0,0.0,0.0,0.0,0.0,0.0,0.0,0.0,0.0,0.0,0.0,0.0,0.0,0.0
GA,GA,Gabon,2021,0.0,352.0,32.71739130434783,0.0,0.0,5.0,0.5,0.0,0.0,0.0,0.0,0.0,0.0,40115.0,872.0652173913044,0.0,0.0,33136.0,4777.717391304348,2947.0,0.0,31041.0,3762.086956521739,1830.0,0.0,0.0,0.0,0.0,0.0,0.0,0.0,0.0,0.0,0.0,0.0,0.0,0.0,0.0,0.0,0.0,0.0,0.0,0.0,0.0,0.0,0.0,0.0,0.0,0.0,0.0,0.0,0.0,0.0,0.0,0.0,0.0
GA,GA,Gabon,2022,0.0,5.0,0.35714285714285715,0.0,0.0,1.0,0.07142857142857142,0.0,0.0,0.0,0.0,0.0,0.0,0.0,0.0,0.0,0.0,57841.0,6456.785714285715,647.5,0.0,48508.0,5999.928571428572,589.5,0.0,0.0,0.0,0.0,0.0,0.0,0.0,0.0,0.0,0.0,0.0,0.0,0.0,0.0,0.0,0.0,0.0,0.0,0.0,0.0,0.0,0.0,0.0,0.0,0.0,0.0,0.0,0.0,0.0,0.0,0.0,0.0
GB,GB,United Kingdom,2021,1431.0,272790.0,30005.039325842696,28398.5,4.0,1370.0,184.22191011235955,108.5,0.0,0.0,0.0,0.0,381390.0,1895480.0,917209.4073033708,885763.5,0.0,752308.0,139045.49438202247,71045.5,0.0,556951.0,132142.8426966292,73057.5,0.0,0.0,0.0,0.0,0.0,0.0,0.0,0.0,0.0,0.0,0.0,0.0,0.0,0.0,0.0,0.0,0.0,0.0,0.0,0.0,0.0,0.0,0.0,0.0,0.0,0.0,0.0,0.0,0.0,0.0,0.0,0.0
GB,GB,United Kingdom,2022,2093.0,275647.0,38751.456,21170.5,0.0,313.0,154.98,150.5,0.0,0.0,0.0,0.0,0.0,2061041.0,420465.316,250897.0,-2263.0,31918.0,8088.344,5737.0,1177.0,58050.0,13265.884,9885.5,0.0,0.0,0.0,0.0,0.0,0.0,0.0,0.0,0.0,0.0,0.0,0.0,0.0,0.0,0.0,0.0,0.0,0.0,0.0,0.0,0.0,0.0,0.0,0.0,0.0,0.0,0.0,0.0,0.0,0.0,0.0,0.0
GD,GD,Grenada,2021,0.0,232.0,16.660377358490567,0.0,0.0,13.0,0.5660377358490566,0.0,0.0,0.0,0.0,0.0,0.0,0.0,0.0,0.0,0.0,5424.0,779.0,445.0,0.0,2335.0,668.9622641509434,509.0,0.0,0.0,0.0,0.0,0.0,0.0,0.0,0.0,0.0,0.0,0.0,0.0,0.0,0.0,0.0,0.0,0.0,0.0,0.0,0.0,0.0,0.0,0.0,0.0,0.0,0.0,0.0,0.0,0.0,0.0,0.0,0.0
GD,GD,Grenada,2022,0.0,293.0,47.170212765957444,16.0,0.0,2.0,0.14893617021276595,0.0,0.0,0.0,0.0,0.0,0.0,0.0,0.0,0.0,2.0,480.0,58.12765957446808,29.0,2.0,599.0,71.17021276595744,31.0,0.0,0.0,0.0,0.0,0.0,0.0,0.0,0.0,0.0,0.0,0.0,0.0,0.0,0.0,0.0,0.0,0.0,0.0,0.0,0.0,0.0,0.0,0.0,0.0,0.0,0.0,0.0,0.0,0.0,0.0,0.0,0.0
GE,GE,Georgia,2021,0.0,6021.0,2294.674157303371,1781.5,0.0,86.0,36.252808988764045,30.0,0.0,0.0,0.0,0.0,0.0,57978.0,34406.69662921348,31970.0,0.0,79543.0,7662.337078651685,3796.5,0.0,55326.0,6438.623595505618,3289.5,0.0,0.0,0.0,0.0,0.0,0.0,0.0,0.0,0.0,0.0,0.0,0.0,0.0,0.0,0.0,0.0,0.0,0.0,0.0,0.0,0.0,0.0,0.0,0.0,0.0,0.0,0.0,0.0,0.0,0.0,0.0,0.0
GE,GE,Georgia,2022,0.0,26320.0,5589.394495412844,1543.0,0.0,57.0,21.825688073394495,25.0,0.0,0.0,0.0,0.0,0.0,84658.0,19254.45871559633,0.0,124.0,14612.0,2586.0550458715597,1613.0,26.0,6609.0,1167.073394495413,685.0,0.0,0.0,0.0,0.0,0.0,0.0,0.0,0.0,0.0,0.0,0.0,0.0,0.0,0.0,0.0,0.0,0.0,0.0,0.0,0.0,0.0,0.0,0.0,0.0,0.0,0.0,0.0,0.0,0.0,0.0,0.0,0.0
GG,GG,Guernsey,2021,0.0,162.0,10.588888888888889,4.0,0.0,2.0,0.03333333333333333,0.0,0.0,0.0,0.0,0.0,0.0,0.0,0.0,0.0,0.0,8075.0,297.97777777777776,0.0,0.0,3215.0,145.51111111111112,0.0,0.0,0.0,0.0,0.0,0.0,0.0,0.0,0.0,0.0,0.0,0.0,0.0,0.0,0.0,0.0,0.0,0.0,0.0,0.0,0.0,0.0,0.0,0.0,0.0,0.0,0.0,0.0,0.0,0.0,0.0,0.0,0.0
GG,GG,Guernsey,2022,0.0,1196.0,166.05,66.0,0.0,2.0,0.25,0.0,0.0,0.0,0.0,0.0,0.0,0.0,0.0,0.0,0.0,21177.0,1058.85,0.0,0.0,37733.0,1886.65,0.0,0.0,0.0,0.0,0.0,0.0,0.0,0.0,0.0,0.0,0.0,0.0,0.0,0.0,0.0,0.0,0.0,0.0,0.0,0.0,0.0,0.0,0.0,0.0,0.0,0.0,0.0,0.0,0.0,0.0,0.0,0.0,0.0
GH,GH,Ghana,2021,0.0,1264.0,159.96666666666667,63.5,0.0,8.0,2.033333333333333,1.0,0.0,0.0,0.0,0.0,0.0,4675.0,1030.4666666666667,0.0,0.0,3122950.0,192480.43333333332,43424.5,0.0,768503.0,65261.36666666667,469.0,0.0,0.0,0.0,0.0,0.0,0.0,0.0,0.0,0.0,0.0,0.0,0.0,0.0,0.0,0.0,0.0,0.0,0.0,0.0,0.0,0.0,0.0,0.0,0.0,0.0,0.0,0.0,0.0,0.0,0.0,0.0,0.0
GH,GH,Ghana,2022,0.0,701.0,62.0,0.0,0.0,7.0,0.6818181818181818,0.0,0.0,0.0,0.0,0.0,0.0,0.0,0.0,0.0,0.0,1320447.0,254416.0909090909,142997.0,0.0,1432225.0,268994.36363636365,185798.0,0.0,0.0,0.0,0.0,0.0,0.0,0.0,0.0,0.0,0.0,0.0,0.0,0.0,0.0,0.0,0.0,0.0,0.0,0.0,0.0,0.0,0.0,0.0,0.0,0.0,0.0,0.0,0.0,0.0,0.0,0.0,0.0
GI,GI,Gibraltar,2021,0.0,87.0,16.0,7.0,0.0,9.0,0.3684210526315789,0.0,0.0,0.0,0.0,0.0,0.0,0.0,0.0,0.0,0.0,2634.0,194.99043062200957,27.0,0.0,1103.0,189.7846889952153,17.0,0.0,0.0,0.0,0.0,0.0,0.0,0.0,0.0,0.0,0.0,0.0,0.0,0.0,0.0,0.0,0.0,0.0,0.0,0.0,0.0,0.0,0.0,0.0,0.0,0.0,0.0,0.0,0.0,0.0,0.0,0.0,0.0
GI,GI,Gibraltar,2022,0.0,176.0,84.16,81.0,0.0,0.0,0.0,0.0,0.0,0.0,0.0,0.0,0.0,0.0,0.0,0.0,0.0,278.0,18.02,7.5,0.0,158.0,27.12,12.5,0.0,0.0,0.0,0.0,0.0,0.0,0.0,0.0,0.0,0.0,0.0,0.0,0.0,0.0,0.0,0.0,0.0,0.0,0.0,0.0,0.0,0.0,0.0,0.0,0.0,0.0,0.0,0.0,0.0,0.0,0.0,0.0
GL,GL,Greenland,2021,0.0,83.0,5.504347826086956,0.0,0.0,0.0,0.0,0.0,0.0,0.0,0.0,0.0,0.0,0.0,0.0,0.0,0.0,1626.0,329.24347826086955,194.0,0.0,3470.0,320.4347826086956,88.0,0.0,0.0,0.0,0.0,0.0,0.0,0.0,0.0,0.0,0.0,0.0,0.0,0.0,0.0,0.0,0.0,0.0,0.0,0.0,0.0,0.0,0.0,0.0,0.0,0.0,0.0,0.0,0.0,0.0,0.0,0.0,0.0
GL,GL,Greenland,2022,0.0,270.0,114.71428571428571,91.0,0.0,2.0,0.35714285714285715,0.0,0.0,0.0,0.0,0.0,0.0,0.0,0.0,0.0,0.0,541.0,56.857142857142854,11.0,0.0,171.0,32.07142857142857,18.5,0.0,0.0,0.0,0.0,0.0,0.0,0.0,0.0,0.0,0.0,0.0,0.0,0.0,0.0,0.0,0.0,0.0,0.0,0.0,0.0,0.0,0.0,0.0,0.0,0.0,0.0,0.0,0.0,0.0,0.0,0.0,0.0
GM,GM,Gambia,2021,0.0,310.0,11.878787878787879,0.0,0.0,3.0,0.18181818181818182,0.0,0.0,0.0,0.0,0.0,0.0,0.0,0.0,0.0,0.0,139540.0,7971.393939393939,2198.0,0.0,136539.0,7246.242424242424,1436.0,0.0,0.0,0.0,0.0,0.0,0.0,0.0,0.0,0.0,0.0,0.0,0.0,0.0,0.0,0.0,0.0,0.0,0.0,0.0,0.0,0.0,0.0,0.0,0.0,0.0,0.0,0.0,0.0,0.0,0.0,0.0,0.0
GM,GM,Gambia,2022,0.0,270.0,45.833333333333336,0.0,0.0,15.0,2.5,0.0,0.0,0.0,0.0,0.0,0.0,0.0,0.0,0.0,0.0,70721.0,31576.333333333332,30444.0,0.0,55173.0,17979.166666666668,14078.5,0.0,0.0,0.0,0.0,0.0,0.0,0.0,0.0,0.0,0.0,0.0,0.0,0.0,0.0,0.0,0.0,0.0,0.0,0.0,0.0,0.0,0.0,0.0,0.0,0.0,0.0,0.0,0.0,0.0,0.0,0.0,0.0
GN,GN,Guinea,2021,0.0,410.0,54.33576642335766,31.0,0.0,6.0,0.9124087591240876,0.0,0.0,0.0,0.0,0.0,0.0,0.0,0.0,0.0,0.0,84500.0,14609.518248175182,8201.0,0.0,64299.0,6736.014598540146,3434.0,0.0,0.0,0.0,0.0,0.0,0.0,0.0,0.0,0.0,0.0,0.0,0.0,0.0,0.0,0.0,0.0,0.0,0.0,0.0,0.0,0.0,0.0,0.0,0.0,0.0,0.0,0.0,0.0,0.0,0.0,0.0,0.0
GN,GN,Guinea,2022,0.0,438.0,52.567567567567565,0.0,0.0,7.0,0.5945945945945946,0.0,0.0,0.0,0.0,0.0,0.0,0.0,0.0,0.0,0.0,991409.0,83571.8918918919,7639.0,0.0,563603.0,52651.2972972973,1913.0,0.0,0.0,0.0,0.0,0.0,0.0,0.0,0.0,0.0,0.0,0.0,0.0,0.0,0.0,0.0,0.0,0.0,0.0,0.0,0.0,0.0,0.0,0.0,0.0,0.0,0.0,0.0,0.0,0.0,0.0,0.0,0.0
GQ,GQ,Equatorial Guinea,2021,0.0,63.0,2.6176470588235294,0.0,0.0,1.0,0.014705882352941176,0.0,0.0,0.0,0.0,0.0,0.0,2355.0,81.77941176470588,0.0,0.0,65995.0,3581.044117647059,1156.0,0.0,34257.0,2979.264705882353,1725.0,0.0,0.0,0.0,0.0,0.0,0.0,0.0,0.0,0.0,0.0,0.0,0.0,0.0,0.0,0.0,0.0,0.0,0.0,0.0,0.0,0.0,0.0,0.0,0.0,0.0,0.0,0.0,0.0,0.0,0.0,0.0,0.0
GQ,GQ,Equatorial Guinea,2022,0.0,54.0,8.083333333333334,0.0,0.0,0.0,0.0,0.0,0.0,0.0,0.0,0.0,0.0,0.0,0.0,0.0,0.0,6052.0,1736.0833333333333,1662.0,0.0,5928.0,886.8333333333334,136.0,0.0,0.0,0.0,0.0,0.0,0.0,0.0,0.0,0.0,0.0,0.0,0.0,0.0,0.0,0.0,0.0,0.0,0.0,0.0,0.0,0.0,0.0,0.0,0.0,0.0,0.0,0.0,0.0,0.0,0.0,0.0,0.0
GR,GR,Greece,2020,597.0,1045.0,879.0,937.0,43.0,58.0,52.25,54.0,0.0,0.0,0.0,0.0,28639.0,35015.0,31876.5,31926.0,0.0,645.0,473.0,623.5,0.0,0.0,0.0,0.0,0.0,0.0,0.0,0.0,0.0,0.0,0.0,0.0,0.0,0.0,0.0,0.0,0.0,0.0,0.0,0.0,0.0,0.0,0.0,0.0,0.0,0.0,0.0,0.0,0.0,0.0,0.0,0.0,0.0,0.0,0.0,0.0
GR,GR,Greece,2021,0.0,40560.0,3114.748554913295,2326.0,0.0,130.0,43.1878612716763,38.0,0.0,0.0,0.0,0.0,0.0,643683.0,95803.24277456648,52871.5,40.0,80689.0,21581.01156069364,16014.0,0.0,83591.0,20350.08959537572,13493.0,0.0,0.0,0.0,0.0,0.0,0.0,0.0,0.0,0.0,0.0,0.0,0.0,0.0,0.0,0.0,0.0,0.0,0.0,0.0,0.0,0.0,0.0,0.0,0.0,0.0,0.0,0.0,0.0,0.0,0.0,0.0,0.0
GR,GR,Greece,2022,0.0,148435.0,14054.48828125,9821.0,0.0,362.0,47.05078125,32.5,0.0,0.0,0.0,0.0,0.0,650101.0,47409.4609375,0.0,1.0,14232.0,1787.1953125,202.0,1.0,21789.0,2327.5234375,270.5,0.0,0.0,0.0,0.0,0.0,0.0,0.0,0.0,0.0,0.0,0.0,0.0,0.0,0.0,0.0,0.0,0.0,0.0,0.0,0.0,0.0,0.0,0.0,0.0,0.0,0.0,0.0,0.0,0.0,0.0,0.0,0.0
GT,GT,Guatemala,2021,0.0,8814.0,1476.9411764705883,1004.0,0.0,121.0,31.785467128027683,27.0,0.0,0.0,0.0,0.0,687.0,18118.0,7759.553633217993,7293.0,0.0,170631.0,22613.32179930796,16490.0,0.0,225979.0,16216.307958477508,8481.0,0.0,0.0,0.0,0.0,0.0,0.0,0.0,0.0,0.0,0.0,0.0,0.0,0.0,0.0,0.0,0.0,0.0,0.0,0.0,0.0,0.0,0.0,0.0,0.0,0.0,0.0,0.0,0.0,0.0,0.0,0.0,0.0
GT,GT,Guatemala,2022,0.0,7747.0,2521.9347826086955,2312.0,0.0,80.0,14.565217391304348,13.0,0.0,0.0,0.0,0.0,0.0,18328.0,6362.489130434783,5099.5,378.0,147181.0,23915.195652173912,15036.5,570.0,98405.0,23493.543478260868,19950.0,0.0,0.0,0.0,0.0,0.0,0.0,0.0,0.0,0.0,0.0,0.0,0.0,0.0,0.0,0.0,0.0,0.0,0.0,0.0,0.0,0.0,0.0,0.0,0.0,0.0,0.0,0.0,0.0,0.0,0.0,0.0,0.0
GW,GW,Guinea-Bissau,2021,0.0,62.0,10.038461538461538,2.0,0.0,3.0,0.3076923076923077,0.0,0.0,0.0,0.0,0.0,0.0,0.0,0.0,0.0,0.0,91506.0,14804.038461538461,4907.0,0.0,3790.0,850.6153846153846,515.5,0.0,0.0,0.0,0.0,0.0,0.0,0.0,0.0,0.0,0.0,0.0,0.0,0.0,0.0,0.0,0.0,0.0,0.0,0.0,0.0,0.0,0.0,0.0,0.0,0.0,0.0,0.0,0.0,0.0,0.0,0.0,0.0
GW,GW,Guinea-Bissau,2022,0.0,82.0,13.434782608695652,5.0,0.0,2.0,0.21739130434782608,0.0,0.0,0.0,0.0,0.0,0.0,0.0,0.0,0.0,6.0,69489.0,8794.869565217392,399.0,0.0,264683.0,16057.173913043478,258.0,0.0,0.0,0.0,0.0,0.0,0.0,0.0,0.0,0.0,0.0,0.0,0.0,0.0,0.0,0.0,0.0,0.0,0.0,0.0,0.0,0.0,0.0,0.0,0.0,0.0,0.0,0.0,0.0,0.0,0.0,0.0,0.0
GY,GY,Guyana,2021,0.0,391.0,103.98876404494382,87.0,0.0,14.0,2.955056179775281,2.0,0.0,0.0,0.0,0.0,0.0,0.0,0.0,0.0,0.0,38825.0,4612.348314606742,2113.0,0.0,55580.0,3298.4269662921347,1897.0,0.0,0.0,0.0,0.0,0.0,0.0,0.0,0.0,0.0,0.0,0.0,0.0,0.0,0.0,0.0,0.0,0.0,0.0,0.0,0.0,0.0,0.0,0.0,0.0,0.0,0.0,0.0,0.0,0.0,0.0,0.0,0.0
GY,GY,Guyana,2022,0.0,892.0,86.54761904761905,44.5,0.0,11.0,1.119047619047619,0.0,0.0,0.0,0.0,0.0,0.0,0.0,0.0,0.0,68.0,33859.0,1795.047619047619,627.5,69.0,91555.0,3986.785714285714,681.5,0.0,0.0,0.0,0.0,0.0,0.0,0.0,0.0,0.0,0.0,0.0,0.0,0.0,0.0,0.0,0.0,0.0,0.0,0.0,0.0,0.0,0.0,0.0,0.0,0.0,0.0,0.0,0.0,0.0,0.0,0.0,0.0
HK,HK,Hong Kong,2021,0.0,60.0,5.982935153583618,4.0,0.0,1.0,0.013651877133105802,0.0,0.0,0.0,0.0,0.0,0.0,0.0,0.0,0.0,0.0,38355.0,15401.092150170649,13190.0,0.0,43903.0,14759.163822525597,12851.0,0.0,0.0,0.0,0.0,0.0,0.0,0.0,0.0,0.0,0.0,0.0,0.0,0.0,0.0,0.0,0.0,0.0,0.0,0.0,0.0,0.0,0.0,0.0,0.0,0.0,0.0,0.0,0.0,0.0,0.0,0.0,0.0
HK,HK,Hong Kong,2022,0.0,356.0,66.375,31.0,0.0,2.0,0.075,0.0,0.0,0.0,0.0,0.0,0.0,0.0,0.0,0.0,133.0,21254.0,14074.5,15885.0,198.0,20089.0,6083.8,4598.5,0.0,0.0,0.0,0.0,0.0,0.0,0.0,0.0,0.0,0.0,0.0,0.0,0.0,0.0,0.0,0.0,0.0,0.0,0.0,0.0,0.0,0.0,0.0,0.0,0.0,0.0,0.0,0.0,0.0,0.0,0.0,0.0
HN,HN,Honduras,2021,0.0,3812.0,869.4528301886793,736.0,0.0,60.0,24.62264150943396,25.0,0.0,0.0,0.0,0.0,0.0,0.0,0.0,0.0,0.0,881851.0,92692.03773584905,45061.0,0.0,746425.0,81018.22641509434,199.0,0.0,0.0,0.0,0.0,0.0,0.0,0.0,0.0,0.0,0.0,0.0,0.0,0.0,0.0,0.0,0.0,0.0,0.0,0.0,0.0,0.0,0.0,0.0,0.0,0.0,0.0,0.0,0.0,0.0,0.0,0.0,0.0
HN,HN,Honduras,2022,0.0,2015.0,445.55172413793105,88.0,0.0,55.0,4.724137931034483,0.0,0.0,0.0,0.0,0.0,0.0,0.0,0.0,0.0,0.0,668980.0,48596.137931034486,10104.0,0.0,408408.0,44846.48275862069,17174.0,0.0,0.0,0.0,0.0,0.0,0.0,0.0,0.0,0.0,0.0,0.0,0.0,0.0,0.0,0.0,0.0,0.0,0.0,0.0,0.0,0.0,0.0,0.0,0.0,0.0,0.0,0.0,0.0,0.0,0.0,0.0,0.0
HR,HR,Croatia,2020,2391.0,2391.0,2391.0,2391.0,60.0,60.0,60.0,60.0,0.0,0.0,0.0,0.0,8441.0,8441.0,8441.0,8441.0,0.0,0.0,0.0,0.0,0.0,0.0,0.0,0.0,0.0,0.0,0.0,0.0,0.0,0.0,0.0,0.0,0.0,0.0,0.0,0.0,0.0,0.0,0.0,0.0,0.0,0.0,0.0,0.0,0.0,0.0,0.0,0.0,0.0,0.0,0.0,0.0,0.0,0.0,0.0,0.0
HR,HR,Croatia,2021,9.0,7315.0,1540.1263537906136,807.0,0.0,76.0,24.379061371841154,19.0,0.0,0.0,0.0,0.0,0.0,14252.0,4129.675090252707,3834.0,0.0,61038.0,8128.263537906138,4375.0,0.0,103858.0,7009.5054151624545,3710.0,0.0,0.0,0.0,0.0,0.0,0.0,0.0,0.0,0.0,0.0,0.0,0.0,0.0,0.0,0.0,0.0,0.0,0.0,0.0,0.0,0.0,0.0,0.0,0.0,0.0,0.0,0.0,0.0,0.0,0.0,0.0,0.0
HR,HR,Croatia,2022,19.0,11812.0,2059.953191489362,987.0,0.0,66.0,17.280851063829786,11.0,0.0,0.0,0.0,0.0,0.0,22524.0,1307.5829787234043,0.0,0.0,2353.0,248.39148936170213,56.0,0.0,189256.0,1252.9404255319148,66.0,0.0,0.0,0.0,0.0,0.0,0.0,0.0,0.0,0.0,0.0,0.0,0.0,0.0,0.0,0.0,0.0,0.0,0.0,0.0,0.0,0.0,0.0,0.0,0.0,0.0,0.0,0.0,0.0,0.0,0.0,0.0,0.0
HT,HT,Haiti,2021,0.0,113.0,35.041666666666664,28.0,0.0,7.0,1.125,0.0,0.0,0.0,0.0,0.0,0.0,0.0,0.0,0.0,0.0,11225.0,2581.2083333333335,1572.5,0.0,15065.0,1525.8125,672.5,0.0,0.0,0.0,0.0,0.0,0.0,0.0,0.0,0.0,0.0,0.0,0.0,0.0,0.0,0.0,0.0,0.0,0.0,0.0,0.0,0.0,0.0,0.0,0.0,0.0,0.0,0.0,0.0,0.0,0.0,0.0,0.0
HT,HT,Haiti,2022,0.0,148.0,21.107142857142858,7.0,0.0,4.0,0.32142857142857145,0.0,0.0,0.0,0.0,0.0,0.0,335.0,11.964285714285714,0.0,317.0,104072.0,8391.75,2900.5,323.0,54217.0,5288.035714285715,2053.0,0.0,0.0,0.0,0.0,0.0,0.0,0.0,0.0,0.0,0.0,0.0,0.0,0.0,0.0,0.0,0.0,0.0,0.0,0.0,0.0,0.0,0.0,0.0,0.0,0.0,0.0,0.0,0.0,0.0,0.0,0.0,0.0
HU,HU,Hungary,2020,1972.0,1972.0,1972.0,1972.0,137.0,137.0,137.0,137.0,0.0,0.0,0.0,0.0,6190.0,6190.0,6190.0,6190.0,0.0,0.0,0.0,0.0,0.0,0.0,0.0,0.0,0.0,0.0,0.0,0.0,0.0,0.0,0.0,0.0,0.0,0.0,0.0,0.0,0.0,0.0,0.0,0.0,0.0,0.0,0.0,0.0,0.0,0.0,0.0,0.0,0.0,0.0,0.0,0.0,0.0,0.0,0.0,0.0
HU,HU,Hungary,2021,0.0,12637.0,2596.1222222222223,1204.5,0.0,311.0,84.91851851851852,67.5,0.0,0.0,0.0,0.0,3436.0,127729.0,21781.296296296296,17851.0,0.0,161585.0,22727.314814814814,9919.5,0.0,175331.0,22147.874074074072,8254.5,0.0,0.0,0.0,0.0,0.0,0.0,0.0,0.0,0.0,0.0,0.0,0.0,0.0,0.0,0.0,0.0,0.0,0.0,0.0,0.0,0.0,0.0,0.0,0.0,0.0,0.0,0.0,0.0,0.0,0.0,0.0,0.0
HU,HU,Hungary,2022,0.0,20174.0,4003.151515151515,2220.0,0.0,132.0,41.494949494949495,37.0,0.0,0.0,0.0,0.0,0.0,134625.0,21634.68686868687,12839.0,47.0,15111.0,1527.7070707070707,584.0,94.0,21400.0,2241.818181818182,901.0,0.0,0.0,0.0,0.0,0.0,0.0,0.0,0.0,0.0,0.0,0.0,0.0,0.0,0.0,0.0,0.0,0.0,0.0,0.0,0.0,0.0,0.0,0.0,0.0,0.0,0.0,0.0,0.0,0.0,0.0,0.0,0.0
ID,ID,Indonesia,2021,92.0,56757.0,9665.576119402986,5436.0,1.0,2069.0,343.86567164179104,170.0,148.0,48832.0,9731.54328358209,5943.0,0.0,310931.0,103401.79701492537,103265.0,0.0,1994826.0,480844.3492537314,410765.0,0.0,1624194.0,339286.1462686567,195690.0,0.0,0.0,0.0,0.0,0.0,0.0,0.0,0.0,0.0,0.0,0.0,0.0,0.0,0.0,0.0,0.0,0.0,0.0,0.0,0.0,0.0,0.0,0.0,0.0,0.0,0.0,0.0,0.0,0.0,0.0,0.0,0.0
ID,ID,Indonesia,2022,107.0,64718.0,11255.60736196319,2282.0,1.0,401.0,77.41104294478528,26.0,112.0,61361.0,11123.889570552148,3286.0,0.0,358270.0,103615.8036809816,0.0,0.0,4039665.0,262573.5828220859,168062.0,0.0,1697144.0,348664.58895705524,253678.0,0.0,0.0,0.0,0.0,0.0,0.0,0.0,0.0,0.0,0.0,0.0,0.0,0.0,0.0,0.0,0.0,0.0,0.0,0.0,0.0,0.0,0.0,0.0,0.0,0.0,0.0,0.0,0.0,0.0,0.0,0.0,0.0
IE,IE,Ireland,2020,1545.0,1753.0,1659.5,1670.0,6.0,18.0,10.25,8.5,0.0,0.0,0.0,0.0,13805.0,27389.0,21248.75,21900.5,0.0,1060.0,543.25,556.5,0.0,3.0,1.25,1.0,0.0,0.0,0.0,0.0,0.0,0.0,0.0,0.0,0.0,0.0,0.0,0.0,0.0,0.0,0.0,0.0,0.0,0.0,0.0,0.0,0.0,0.0,0.0,0.0,0.0,0.0,0.0,0.0,0.0,0.0,0.0,0.0
IE,IE,Ireland,2021,174.0,23281.0,1978.9917355371902,1176.0,0.0,77.0,10.523415977961433,6.0,0.0,0.0,0.0,0.0,10586.0,45877.0,21028.12947658402,19634.0,1.0,40774.0,10814.449035812671,7646.0,0.0,53787.0,10679.267217630853,5107.0,0.0,0.0,0.0,0.0,0.0,0.0,0.0,0.0,0.0,0.0,0.0,0.0,0.0,0.0,0.0,0.0,0.0,0.0,0.0,0.0,0.0,0.0,0.0,0.0,0.0,0.0,0.0,0.0,0.0,0.0,0.0,0.0
IE,IE,Ireland,2022,10.0,26122.0,3302.6071428571427,1671.5,0.0,31.0,6.829365079365079,6.0,0.0,0.0,0.0,0.0,0.0,49212.0,8914.277777777777,5814.0,2.0,10721.0,666.468253968254,118.0,4.0,7555.0,690.6825396825396,193.0,0.0,0.0,0.0,0.0,0.0,0.0,0.0,0.0,0.0,0.0,0.0,0.0,0.0,0.0,0.0,0.0,0.0,0.0,0.0,0.0,0.0,0.0,0.0,0.0,0.0,0.0,0.0,0.0,0.0,0.0,0.0,0.0
IL,IL,Israel,2020,2658.0,6011.0,4501.0,4049.0,13.0,36.0,22.692307692307693,21.0,0.0,0.0,0.0,0.0,60679.0,101502.0,87665.46153846153,93246.0,0.0,158563.0,76312.15384615384,62914.0,0.0,2.0,0.15384615384615385,0.0,0.0,0.0,0.0,0.0,0.0,0.0,0.0,0.0,0.0,0.0,0.0,0.0,0.0,0.0,0.0,0.0,0.0,0.0,0.0,0.0,0.0,0.0,0.0,0.0,0.0,0.0,0.0,0.0,0.0,0.0,0.0,0.0
IL,IL,Israel,2021,3.0,11344.0,2630.53698630137,992.0,0.0,75.0,13.306849315068494,6.0,0.0,0.0,0.0,0.0,5408.0,179873.0,70961.45753424657,74250.0,180.0,152183.0,15304.52602739726,5119.0,0.0,164445.0,16273.77808219178,3871.0,0.0,0.0,0.0,0.0,0.0,0.0,0.0,0.0,0.0,0.0,0.0,0.0,0.0,0.0,0.0,0.0,0.0,0.0,0.0,0.0,0.0,0.0,0.0,0.0,0.0,0.0,0.0,0.0,0.0,0.0,0.0,0.0
IL,IL,Israel,2022,464.0,85277.0,12843.509881422924,6216.0,0.0,74.0,13.375494071146244,8.0,0.0,0.0,0.0,0.0,0.0,447589.0,70726.18972332016,39328.0,0.0,10339.0,550.4229249011858,75.0,0.0,9616.0,842.6798418972332,146.0,0.0,0.0,0.0,0.0,0.0,0.0,0.0,0.0,0.0,0.0,0.0,0.0,0.0,0.0,0.0,0.0,0.0,0.0,0.0,0.0,0.0,0.0,0.0,0.0,0.0,0.0,0.0,0.0,0.0,0.0,0.0,0.0
IM,IM,Isle of Man,2021,0.0,507.0,45.31730769230769,15.0,0.0,2.0,0.057692307692307696,0.0,0.0,0.0,0.0,0.0,0.0,0.0,0.0,0.0,0.0,10290.0,311.9855769230769,27.5,0.0,3857.0,313.1826923076923,40.0,0.0,0.0,0.0,0.0,0.0,0.0,0.0,0.0,0.0,0.0,0.0,0.0,0.0,0.0,0.0,0.0,0.0,0.0,0.0,0.0,0.0,0.0,0.0,0.0,0.0,0.0,0.0,0.0,0.0,0.0,0.0,0.0
IM,IM,Isle of Man,2022,0.0,1279.0,150.29310344827587,86.5,0.0,4.0,0.3275862068965517,0.0,0.0,0.0,0.0,0.0,0.0,0.0,0.0,0.0,0.0,96.0,13.275862068965518,8.5,0.0,168.0,28.482758620689655,20.5,0.0,0.0,0.0,0.0,0.0,0.0,0.0,0.0,0.0,0.0,0.0,0.0,0.0,0.0,0.0,0.0,0.0,0.0,0.0,0.0,0.0,0.0,0.0,0.0,0.0,0.0,0.0,0.0,0.0,0.0,0.0,0.0
IN,IN,India,2021,5326.0,414188.0,67237.11764705883,30402.5,77.0,6148.0,926.4823529411765,391.5,0.0,0.0,0.0,0.0,0.0,3740296.0,1370866.1235294119,1324831.0,0.0,12666048.0,2487178.238235294,2203729.5,0.0,11175154.0,1774168.0970588236,1128246.5,0.0,0.0,0.0,0.0,0.0,0.0,0.0,0.0,0.0,0.0,0.0,0.0,0.0,0.0,0.0,0.0,0.0,0.0,0.0,0.0,0.0,0.0,0.0,0.0,0.0,0.0,0.0,0.0,0.0,0.0,0.0,0.0
IN,IN,India,2022,796.0,347254.0,38663.87044534413,9062.0,1.0,4100.0,186.20242914979758,43.0,0.0,0.0,0.0,0.0,0.0,35855632.0,688648.008097166,429323.0,15777.0,8536349.0,728034.2307692308,226939.0,87641.0,8786162.0,1385511.7246963563,977897.0,0.0,0.0,0.0,0.0,0.0,0.0,0.0,0.0,0.0,0.0,0.0,0.0,0.0,0.0,0.0,0.0,0.0,0.0,0.0,0.0,0.0,0.0,0.0,0.0,0.0,0.0,0.0,0.0,0.0,0.0,0.0,0.0
IQ,IQ,Iraq,2021,225.0,9149.0,3777.6666666666665,3604.5,7.0,70.0,31.333333333333332,27.5,0.0,0.0,0.0,0.0,0.0,52610.0,19452.119047619046,17476.0,0.0,2858539.0,201966.2142857143,110672.0,0.0,1560421.0,130299.78571428571,83153.0,0.0,0.0,0.0,0.0,0.0,0.0,0.0,0.0,0.0,0.0,0.0,0.0,0.0,0.0,0.0,0.0,0.0,0.0,0.0,0.0,0.0,0.0,0.0,0.0,0.0,0.0,0.0,0.0,0.0,0.0,0.0,0.0
IQ,IQ,Iraq,2022,0.0,8293.0,1762.7567567567567,636.0,0.0,25.0,5.243243243243243,4.0,0.0,0.0,0.0,0.0,0.0,28509.0,1970.972972972973,0.0,8395.0,263706.0,71019.7027027027,62086.0,7097.0,205073.0,58757.51351351351,47657.0,0.0,0.0,0.0,0.0,0.0,0.0,0.0,0.0,0.0,0.0,0.0,0.0,0.0,0.0,0.0,0.0,0.0,0.0,0.0,0.0,0.0,0.0,0.0,0.0,0.0,0.0,0.0,0.0,0.0,0.0,0.0,0.0
IR,IR,Iran,2021,1967.0,50228.0,16324.703703703704,13406.0,34.0,669.0,259.462962962963,223.0,0.0,0.0,0.0,0.0,0.0,119642.0,29516.296296296296,0.0,0.0,6777160.0,1101830.9259259258,556127.5,0.0,5830787.0,946174.074074074,472078.5,0.0,0.0,0.0,0.0,0.0,0.0,0.0,0.0,0.0,0.0,0.0,0.0,0.0,0.0,0.0,0.0,0.0,0.0,0.0,0.0,0.0,0.0,0.0,0.0,0.0,0.0,0.0,0.0,0.0,0.0,0.0,0.0
IR,IR,Iran,2022,159.0,39819.0,8338.117117117117,3125.0,0.0,242.0,70.46846846846847,39.0,0.0,0.0,0.0,0.0,0.0,106310.0,17075.945945945947,0.0,1096.0,322159.0,49368.93693693694,29577.0,1743.0,744531.0,64504.63963963964,42527.0,0.0,0.0,0.0,0.0,0.0,0.0,0.0,0.0,0.0,0.0,0.0,0.0,0.0,0.0,0.0,0.0,0.0,0.0,0.0,0.0,0.0,0.0,0.0,0.0,0.0,0.0,0.0,0.0,0.0,0.0,0.0,0.0
IS,IS,Iceland,2020,4.0,4.0,4.0,4.0,0.0,0.0,0.0,0.0,0.0,0.0,0.0,0.0,596.0,596.0,596.0,596.0,0.0,0.0,0.0,0.0,0.0,0.0,0.0,0.0,0.0,0.0,0.0,0.0,0.0,0.0,0.0,0.0,0.0,0.0,0.0,0.0,0.0,0.0,0.0,0.0,0.0,0.0,0.0,0.0,0.0,0.0,0.0,0.0,0.0,0.0,0.0,0.0,0.0,0.0,0.0,0.0
IS,IS,Iceland,2021,0.0,1597.0,57.75409836065574,5.0,0.0,1.0,0.01639344262295082,0.0,0.0,0.0,0.0,0.0,204.0,6003.0,1519.7868852459017,1325.0,0.0,16816.0,2322.6721311475408,639.0,0.0,23055.0,2323.27868852459,632.5,0.0,0.0,0.0,0.0,0.0,0.0,0.0,0.0,0.0,0.0,0.0,0.0,0.0,0.0,0.0,0.0,0.0,0.0,0.0,0.0,0.0,0.0,0.0,0.0,0.0,0.0,0.0,0.0,0.0,0.0,0.0,0.0
IS,IS,Iceland,2022,464.0,2886.0,1706.421052631579,1583.0,0.0,4.0,0.7894736842105263,0.0,0.0,0.0,0.0,0.0,1947.0,7983.0,5516.526315789473,5516.0,56.0,6905.0,1133.1052631578948,290.0,0.0,1579.0,330.1578947368421,234.0,0.0,0.0,0.0,0.0,0.0,0.0,0.0,0.0,0.0,0.0,0.0,0.0,0.0,0.0,0.0,0.0,0.0,0.0,0.0,0.0,0.0,0.0,0.0,0.0,0.0,0.0,0.0,0.0,0.0,0.0,0.0,0.0
IT,IT,Italy,2020,8585.0,23477.0,13680.2,11224.0,298.0,659.0,506.4,555.0,7798.0,19960.0,15379.6,17044.0,59879.0,186004.0,122469.8,128740.0,1098.0,25905.0,8144.0,4881.0,0.0,0.0,0.0,0.0,0.0,0.0,0.0,0.0,0.0,0.0,0.0,0.0,0.0,0.0,0.0,0.0,0.0,0.0,0.0,0.0,0.0,0.0,0.0,0.0,0.0,0.0,0.0,0.0,0.0,0.0,0.0,0.0,0.0,0.0,0.0,0.0
IT,IT,Italy,2021,389.0,144243.0,10982.928767123287,7470.0,2.0,718.0,173.26849315068492,77.0,501.0,53074.0,9929.276712328767,7774.0,67174.0,1224025.0,311065.7506849315,275579.0,1514.0,497456.0,127646.09315068493,88746.0,0.0,512078.0,118499.16438356164,80087.0,0.0,0.0,0.0,0.0,0.0,0.0,0.0,0.0,0.0,0.0,0.0,0.0,0.0,0.0,0.0,0.0,0.0,0.0,0.0,0.0,0.0,0.0,0.0,0.0,0.0,0.0,0.0,0.0,0.0,0.0,0.0,0.0
IT,IT,Italy,2022,6415.0,220532.0,61001.700389105055,49571.0,18.0,469.0,151.75875486381324,129.0,1904.0,248971.0,63742.603112840465,52529.0,57519.0,1481349.0,405593.766536965,326211.0,1.0,91775.0,8684.326848249028,608.0,1.0,81020.0,12496.984435797665,945.0,0.0,0.0,0.0,0.0,0.0,0.0,0.0,0.0,0.0,0.0,0.0,0.0,0.0,0.0,0.0,0.0,0.0,0.0,0.0,0.0,0.0,0.0,0.0,0.0,0.0,0.0,0.0,0.0,0.0,0.0,0.0,0.0
JE,JE,Jersey,2021,0.0,413.0,57.04225352112676,29.0,0.0,2.0,0.056338028169014086,0.0,0.0,0.0,0.0,0.0,0.0,0.0,0.0,0.0,0.0,3828.0,582.112676056338,244.0,0.0,7965.0,1005.2957746478874,229.0,0.0,0.0,0.0,0.0,0.0,0.0,0.0,0.0,0.0,0.0,0.0,0.0,0.0,0.0,0.0,0.0,0.0,0.0,0.0,0.0,0.0,0.0,0.0,0.0,0.0,0.0,0.0,0.0,0.0,0.0,0.0,0.0
JE,JE,Jersey,2022,8.0,652.0,161.7,127.0,0.0,2.0,0.075,0.0,0.0,0.0,0.0,0.0,0.0,0.0,0.0,0.0,11.0,135.0,62.15,59.0,12.0,343.0,108.075,93.5,0.0,0.0,0.0,0.0,0.0,0.0,0.0,0.0,0.0,0.0,0.0,0.0,0.0,0.0,0.0,0.0,0.0,0.0,0.0,0.0,0.0,0.0,0.0,0.0,0.0,0.0,0.0,0.0,0.0,0.0,0.0,0.0
JM,JM,Jamaica,2021,0.0,929.0,212.26785714285714,98.5,0.0,31.0,7.830357142857143,6.0,0.0,0.0,0.0,0.0,0.0,2976.0,756.8125,758.0,0.0,87745.0,6361.303571428572,2728.0,0.0,45919.0,4999.0,2633.0,0.0,0.0,0.0,0.0,0.0,0.0,0.0,0.0,0.0,0.0,0.0,0.0,0.0,0.0,0.0,0.0,0.0,0.0,0.0,0.0,0.0,0.0,0.0,0.0,0.0,0.0,0.0,0.0,0.0,0.0,0.0,0.0
JM,JM,Jamaica,2022,0.0,1968.0,223.30285714285714,107.0,0.0,18.0,3.2914285714285714,2.0,0.0,0.0,0.0,0.0,0.0,5408.0,959.2228571428572,0.0,0.0,4626.0,673.5085714285714,486.0,0.0,6116.0,927.0171428571429,617.0,0.0,0.0,0.0,0.0,0.0,0.0,0.0,0.0,0.0,0.0,0.0,0.0,0.0,0.0,0.0,0.0,0.0,0.0,0.0,0.0,0.0,0.0,0.0,0.0,0.0,0.0,0.0,0.0,0.0,0.0,0.0,0.0
JO,JO,Jordan,2021,0.0,9269.0,1849.121052631579,1067.0,0.0,111.0,18.36842105263158,12.0,0.0,0.0,0.0,0.0,0.0,55184.0,9822.673684210526,0.0,0.0,335665.0,22799.694736842106,9554.5,0.0,172230.0,20546.584210526315,10489.0,0.0,0.0,0.0,0.0,0.0,0.0,0.0,0.0,0.0,0.0,0.0,0.0,0.0,0.0,0.0,0.0,0.0,0.0,0.0,0.0,0.0,0.0,0.0,0.0,0.0,0.0,0.0,0.0,0.0,0.0,0.0,0.0
JO,JO,Jordan,2022,0.0,21626.0,4419.208333333333,0.0,0.0,31.0,6.5,0.0,0.0,0.0,0.0,0.0,0.0,72951.0,9798.583333333334,0.0,0.0,205049.0,20401.541666666668,9030.5,0.0,203615.0,26019.25,14974.5,0.0,0.0,0.0,0.0,0.0,0.0,0.0,0.0,0.0,0.0,0.0,0.0,0.0,0.0,0.0,0.0,0.0,0.0,0.0,0.0,0.0,0.0,0.0,0.0,0.0,0.0,0.0,0.0,0.0,0.0,0.0,0.0
JP,JP,Japan,2021,22.0,25975.0,4258.265780730897,1912.0,0.0,228.0,35.48504983388705,30.0,0.0,0.0,0.0,0.0,7002.0,232366.0,66610.95348837209,60152.0,0.0,1070803.0,336191.42524916946,270965.0,0.0,1036643.0,331237.5813953488,252964.0,0.0,0.0,0.0,0.0,0.0,0.0,0.0,0.0,0.0,0.0,0.0,0.0,0.0,0.0,0.0,0.0,0.0,0.0,0.0,0.0,0.0,0.0,0.0,0.0,0.0,0.0,0.0,0.0,0.0,0.0,0.0,0.0
JP,JP,Japan,2022,432.0,268367.0,70315.33463035019,49182.0,0.0,347.0,96.43579766536965,52.0,0.0,0.0,0.0,0.0,0.0,1329376.0,99240.87159533074,92091.0,14.0,79675.0,11625.20233463035,8242.0,24.0,77551.0,11939.377431906614,8314.0,0.0,0.0,0.0,0.0,0.0,0.0,0.0,0.0,0.0,0.0,0.0,0.0,0.0,0.0,0.0,0.0,0.0,0.0,0.0,0.0,0.0,0.0,0.0,0.0,0.0,0.0,0.0,0.0,0.0,0.0,0.0,0.0
KE,KE,Kenya,2021,12.0,3746.0,594.8514851485148,444.0,0.0,37.0,11.297029702970297,9.0,0.0,0.0,0.0,0.0,0.0,0.0,0.0,0.0,0.0,242147.0,29357.712871287127,13149.0,0.0,255153.0,20572.420792079207,6831.5,0.0,0.0,0.0,0.0,0.0,0.0,0.0,0.0,0.0,0.0,0.0,0.0,0.0,0.0,0.0,0.0,0.0,0.0,0.0,0.0,0.0,0.0,0.0,0.0,0.0,0.0,0.0,0.0,0.0,0.0,0.0,0.0
KE,KE,Kenya,2022,2.0,2444.0,309.85526315789474,50.5,0.0,23.0,3.0,1.0,0.0,0.0,0.0,0.0,0.0,12045.0,376.63157894736844,0.0,0.0,2716968.0,99077.55263157895,0.0,0.0,631305.0,76708.61842105263,50910.5,0.0,0.0,0.0,0.0,0.0,0.0,0.0,0.0,0.0,0.0,0.0,0.0,0.0,0.0,0.0,0.0,0.0,0.0,0.0,0.0,0.0,0.0,0.0,0.0,0.0,0.0,0.0,0.0,0.0,0.0,0.0,0.0
KG,KG,Kyrgyzstan,2021,26.0,958.0,173.1656050955414,87.0,0.0,14.0,3.3694267515923566,3.0,0.0,0.0,0.0,0.0,0.0,0.0,0.0,0.0,0.0,292888.0,7842.75796178344,5307.0,0.0,41390.0,6306.464968152866,4879.0,0.0,0.0,0.0,0.0,0.0,0.0,0.0,0.0,0.0,0.0,0.0,0.0,0.0,0.0,0.0,0.0,0.0,0.0,0.0,0.0,0.0,0.0,0.0,0.0,0.0,0.0,0.0,0.0,0.0,0.0,0.0,0.0
KG,KG,Kyrgyzstan,2022,0.0,1091.0,78.06224066390041,0.0,0.0,5.0,0.7593360995850622,0.0,0.0,0.0,0.0,0.0,0.0,0.0,0.0,0.0,0.0,8768.0,1505.5186721991702,865.0,0.0,102023.0,1425.4522821576763,482.0,0.0,0.0,0.0,0.0,0.0,0.0,0.0,0.0,0.0,0.0,0.0,0.0,0.0,0.0,0.0,0.0,0.0,0.0,0.0,0.0,0.0,0.0,0.0,0.0,0.0,0.0,0.0,0.0,0.0,0.0,0.0,0.0
KH,KH,Cambodia,2021,0.0,1130.0,375.66246056782336,401.0,0.0,43.0,9.46372239747634,6.0,0.0,0.0,0.0,0.0,0.0,14879.0,927.7570977917981,0.0,0.0,226274.0,44991.07255520505,23521.0,0.0,225844.0,43089.76025236593,29935.0,0.0,0.0,0.0,0.0,0.0,0.0,0.0,0.0,0.0,0.0,0.0,0.0,0.0,0.0,0.0,0.0,0.0,0.0,0.0,0.0,0.0,0.0,0.0,0.0,0.0,0.0,0.0,0.0,0.0,0.0,0.0,0.0
KH,KH,Cambodia,2022,0.0,736.0,113.4390243902439,35.0,0.0,5.0,0.34146341463414637,0.0,0.0,0.0,0.0,0.0,0.0,5268.0,214.4308943089431,0.0,0.0,85210.0,7401.048780487805,4003.0,0.0,88150.0,6942.3983739837395,4076.0,0.0,0.0,0.0,0.0,0.0,0.0,0.0,0.0,0.0,0.0,0.0,0.0,0.0,0.0,0.0,0.0,0.0,0.0,0.0,0.0,0.0,0.0,0.0,0.0,0.0,0.0,0.0,0.0,0.0,0.0,0.0,0.0
KI,KI,Kiribati,2021,0.0,0.0,0.0,0.0,0.0,0.0,0.0,0.0,0.0,0.0,0.0,0.0,0.0,0.0,0.0,0.0,0.0,13970.0,5949.2,5200.5,0.0,7485.0,1577.2,312.5,0.0,0.0,0.0,0.0,0.0,0.0,0.0,0.0,0.0,0.0,0.0,0.0,0.0,0.0,0.0,0.0,0.0,0.0,0.0,0.0,0.0,0.0,0.0,0.0,0.0,0.0,0.0,0.0,0.0,0.0,0.0,0.0
KI,KI,Kiribati,2022,0.0,201.0,21.3,0.0,0.0,1.0,0.1,0.0,0.0,0.0,0.0,0.0,0.0,0.0,0.0,0.0,0.0,6981.0,2328.2,1569.0,0.0,15412.0,4020.1,2668.5,0.0,0.0,0.0,0.0,0.0,0.0,0.0,0.0,0.0,0.0,0.0,0.0,0.0,0.0,0.0,0.0,0.0,0.0,0.0,0.0,0.0,0.0,0.0,0.0,0.0,0.0,0.0,0.0,0.0,0.0,0.0,0.0
KM,KM,Comoros,2021,0.0,147.0,7.88,2.0,0.0,1.0,0.04,0.0,0.0,0.0,0.0,0.0,0.0,0.0,0.0,0.0,0.0,53030.0,12878.72,3794.0,0.0,118246.0,9822.04,0.0,0.0,0.0,0.0,0.0,0.0,0.0,0.0,0.0,0.0,0.0,0.0,0.0,0.0,0.0,0.0,0.0,0.0,0.0,0.0,0.0,0.0,0.0,0.0,0.0,0.0,0.0,0.0,0.0,0.0,0.0,0.0,0.0
KM,KM,Comoros,2022,0.0,13.0,2.875,1.0,0.0,1.0,0.125,0.0,0.0,0.0,0.0,0.0,0.0,0.0,0.0,0.0,0.0,67792.0,10980.875,1569.0,0.0,60812.0,16986.625,7559.0,0.0,0.0,0.0,0.0,0.0,0.0,0.0,0.0,0.0,0.0,0.0,0.0,0.0,0.0,0.0,0.0,0.0,0.0,0.0,0.0,0.0,0.0,0.0,0.0,0.0,0.0,0.0,0.0,0.0,0.0,0.0,0.0
KN,KN,Saint Kitts and Nevis,2021,0.0,49.0,10.698412698412698,3.0,0.0,2.0,0.12698412698412698,0.0,0.0,0.0,0.0,0.0,0.0,834.0,47.58730158730159,0.0,0.0,6903.0,438.3333333333333,126.0,0.0,3771.0,404.63492063492066,101.0,0.0,0.0,0.0,0.0,0.0,0.0,0.0,0.0,0.0,0.0,0.0,0.0,0.0,0.0,0.0,0.0,0.0,0.0,0.0,0.0,0.0,0.0,0.0,0.0,0.0,0.0,0.0,0.0,0.0,0.0,0.0,0.0
KN,KN,Saint Kitts and Nevis,2022,0.0,177.0,55.083333333333336,23.5,0.0,0.0,0.0,0.0,0.0,0.0,0.0,0.0,0.0,417.0,112.75,38.5,21.0,3116.0,514.9166666666666,62.5,28.0,564.0,110.41666666666667,53.5,0.0,0.0,0.0,0.0,0.0,0.0,0.0,0.0,0.0,0.0,0.0,0.0,0.0,0.0,0.0,0.0,0.0,0.0,0.0,0.0,0.0,0.0,0.0,0.0,0.0,0.0,0.0,0.0,0.0,0.0,0.0,0.0
KR,KR,South Korea,2021,344.0,7850.0,1779.1844660194174,1431.0,0.0,109.0,13.26537216828479,5.0,0.0,0.0,0.0,0.0,26097.0,293990.0,119256.56310679612,97279.0,0.0,894314.0,143282.39805825244,52808.0,0.0,1100645.0,138007.7799352751,58464.0,0.0,0.0,0.0,0.0,0.0,0.0,0.0,0.0,0.0,0.0,0.0,0.0,0.0,0.0,0.0,0.0,0.0,0.0,0.0,0.0,0.0,0.0,0.0,0.0,0.0,0.0,0.0,0.0,0.0,0.0,0.0,0.0
KR,KR,South Korea,2022,3003.0,621328.0,92286.6875,52515.5,2.0,470.0,85.82421875,45.0,0.0,0.0,0.0,0.0,0.0,1154325.0,213746.59375,146302.5,2.0,40668.0,3109.0859375,611.5,1.0,109802.0,7874.33203125,986.5,0.0,0.0,0.0,0.0,0.0,0.0,0.0,0.0,0.0,0.0,0.0,0.0,0.0,0.0,0.0,0.0,0.0,0.0,0.0,0.0,0.0,0.0,0.0,0.0,0.0,0.0,0.0,0.0,0.0,0.0,0.0,0.0
KW,KW,Kuwait,2020,236.0,236.0,236.0,236.0,0.0,0.0,0.0,0.0,0.0,0.0,0.0,0.0,3586.0,3586.0,3586.0,3586.0,0.0,0.0,0.0,0.0,0.0,0.0,0.0,0.0,0.0,0.0,0.0,0.0,0.0,0.0,0.0,0.0,0.0,0.0,0.0,0.0,0.0,0.0,0.0,0.0,0.0,0.0,0.0,0.0,0.0,0.0,0.0,0.0,0.0,0.0,0.0,0.0,0.0,0.0,0.0,0.0
KW,KW,Kuwait,2021,0.0,1654.0,691.1428571428571,580.0,0.0,13.0,4.238095238095238,3.0,0.0,0.0,0.0,0.0,7570.0,24068.0,14162.333333333334,11419.0,0.0,1852426.0,152258.14285714287,3108.0,0.0,2242078.0,151366.66666666666,0.0,0.0,0.0,0.0,0.0,0.0,0.0,0.0,0.0,0.0,0.0,0.0,0.0,0.0,0.0,0.0,0.0,0.0,0.0,0.0,0.0,0.0,0.0,0.0,0.0,0.0,0.0,0.0,0.0,0.0,0.0,0.0,0.0
KW,KW,Kuwait,2022,0.0,6913.0,1654.5,300.5,0.0,2.0,0.5238095238095238,0.0,0.0,0.0,0.0,0.0,0.0,37540.0,10647.119047619048,0.0,274.0,13248.0,2602.8809523809523,1918.5,0.0,9140.0,2829.8571428571427,2430.5,0.0,0.0,0.0,0.0,0.0,0.0,0.0,0.0,0.0,0.0,0.0,0.0,0.0,0.0,0.0,0.0,0.0,0.0,0.0,0.0,0.0,0.0,0.0,0.0,0.0,0.0,0.0,0.0,0.0,0.0,0.0,0.0
KY,KY,Cayman Islands,2020,0.0,0.0,0.0,0.0,0.0,0.0,0.0,0.0,0.0,0.0,0.0,0.0,0.0,0.0,0.0,0.0,0.0,0.0,0.0,0.0,0.0,0.0,0.0,0.0,0.0,0.0,0.0,0.0,0.0,0.0,0.0,0.0,0.0,0.0,0.0,0.0,0.0,0.0,0.0,0.0,0.0,0.0,0.0,0.0,0.0,0.0,0.0,0.0,0.0,0.0,0.0,0.0,0.0,0.0,0.0,0.0
KY,KY,Cayman Islands,2021,0.0,336.0,13.927083333333334,1.0,0.0,1.0,0.010416666666666666,0.0,0.0,0.0,0.0,0.0,0.0,0.0,0.0,0.0,0.0,7811.0,610.3229166666666,262.0,0.0,2502.0,559.3125,323.0,0.0,0.0,0.0,0.0,0.0,0.0,0.0,0.0,0.0,0.0,0.0,0.0,0.0,0.0,0.0,0.0,0.0,0.0,0.0,0.0,0.0,0.0,0.0,0.0,0.0,0.0,0.0,0.0,0.0,0.0,0.0,0.0
KY,KY,Cayman Islands,2022,0.0,432.0,17.28,0.0,0.0,1.0,0.04,0.0,0.0,0.0,0.0,0.0,0.0,0.0,0.0,0.0,20.0,773.0,122.88,67.0,0.0,516.0,130.16,78.0,0.0,0.0,0.0,0.0,0.0,0.0,0.0,0.0,0.0,0.0,0.0,0.0,0.0,0.0,0.0,0.0,0.0,0.0,0.0,0.0,0.0,0.0,0.0,0.0,0.0,0.0,0.0,0.0,0.0,0.0,0.0,0.0
KZ,KZ,Kazakhstan,2021,351.0,8325.0,2841.938271604938,1976.0,0.0,1077.0,47.55555555555556,0.0,0.0,0.0,0.0,0.0,0.0,148586.0,7474.201646090535,0.0,0.0,395398.0,36980.09465020576,26859.0,0.0,174263.0,35032.81069958848,30676.0,0.0,0.0,0.0,0.0,0.0,0.0,0.0,0.0,0.0,0.0,0.0,0.0,0.0,0.0,0.0,0.0,0.0,0.0,0.0,0.0,0.0,0.0,0.0,0.0,0.0,0.0,0.0,0.0,0.0,0.0,0.0,0.0
KZ,KZ,Kazakhstan,2022,5.0,16442.0,1859.7578947368422,223.0,0.0,30.0,3.8210526315789473,0.0,0.0,0.0,0.0,0.0,0.0,0.0,0.0,0.0,0.0,1233856.0,9699.363157894737,1625.5,0.0,1182327.0,10865.447368421053,2705.5,0.0,0.0,0.0,0.0,0.0,0.0,0.0,0.0,0.0,0.0,0.0,0.0,0.0,0.0,0.0,0.0,0.0,0.0,0.0,0.0,0.0,0.0,0.0,0.0,0.0,0.0,0.0,0.0,0.0,0.0,0.0,0.0
LA,LA,Laos,2021,0.0,1336.0,140.16666666666666,56.0,0.0,5.0,0.21428571428571427,0.0,0.0,0.0,0.0,0.0,0.0,6855.0,2018.75,1835.5,0.0,492782.0,44095.333333333336,14969.5,0.0,656535.0,36532.40476190476,9472.0,0.0,0.0,0.0,0.0,0.0,0.0,0.0,0.0,0.0,0.0,0.0,0.0,0.0,0.0,0.0,0.0,0.0,0.0,0.0,0.0,0.0,0.0,0.0,0.0,0.0,0.0,0.0,0.0,0.0,0.0,0.0,0.0
LA,LA,Laos,2022,0.0,2819.0,695.6666666666666,253.0,0.0,12.0,1.711111111111111,1.0,0.0,0.0,0.0,0.0,0.0,5688.0,686.9777777777778,0.0,383.0,845739.0,47642.42222222222,12470.0,981.0,544017.0,47186.97777777778,14098.0,0.0,0.0,0.0,0.0,0.0,0.0,0.0,0.0,0.0,0.0,0.0,0.0,0.0,0.0,0.0,0.0,0.0,0.0,0.0,0.0,0.0,0.0,0.0,0.0,0.0,0.0,0.0,0.0,0.0,0.0,0.0,0.0
LB,LB,Lebanon,2021,0.0,4537.0,1247.8983050847457,923.0,0.0,93.0,15.664406779661016,8.0,0.0,0.0,0.0,0.0,0.0,22450.0,560.0271186440677,0.0,0.0,51661.0,7381.047457627119,5437.0,0.0,50354.0,6167.6169491525425,4245.0,0.0,0.0,0.0,0.0,0.0,0.0,0.0,0.0,0.0,0.0,0.0,0.0,0.0,0.0,0.0,0.0,0.0,0.0,0.0,0.0,0.0,0.0,0.0,0.0,0.0,0.0,0.0,0.0,0.0,0.0,0.0,0.0
LB,LB,Lebanon,2022,0.0,10760.0,3072.516129032258,1633.5,0.0,21.0,10.088709677419354,10.0,0.0,0.0,0.0,0.0,0.0,0.0,0.0,0.0,0.0,152716.0,3797.9193548387098,1414.5,7.0,135501.0,4580.153225806452,2270.5,0.0,0.0,0.0,0.0,0.0,0.0,0.0,0.0,0.0,0.0,0.0,0.0,0.0,0.0,0.0,0.0,0.0,0.0,0.0,0.0,0.0,0.0,0.0,0.0,0.0,0.0,0.0,0.0,0.0,0.0,0.0,0.0
LC,LC,Saint Lucia,2021,0.0,181.0,33.986301369863014,14.5,0.0,18.0,0.9657534246575342,0.0,0.0,0.0,0.0,0.0,0.0,0.0,0.0,0.0,0.0,15295.0,381.3767123287671,113.0,0.0,4452.0,219.26027397260273,133.0,0.0,0.0,0.0,0.0,0.0,0.0,0.0,0.0,0.0,0.0,0.0,0.0,0.0,0.0,0.0,0.0,0.0,0.0,0.0,0.0,0.0,0.0,0.0,0.0,0.0,0.0,0.0,0.0,0.0,0.0,0.0,0.0
LC,LC,Saint Lucia,2022,0.0,568.0,90.47692307692307,45.0,0.0,8.0,0.35384615384615387,0.0,0.0,0.0,0.0,0.0,0.0,421.0,13.6,0.0,0.0,520.0,66.03076923076924,48.0,0.0,527.0,84.1076923076923,62.0,0.0,0.0,0.0,0.0,0.0,0.0,0.0,0.0,0.0,0.0,0.0,0.0,0.0,0.0,0.0,0.0,0.0,0.0,0.0,0.0,0.0,0.0,0.0,0.0,0.0,0.0,0.0,0.0,0.0,0.0,0.0,0.0
LI,LI,Liechtenstein,2020,23.0,59.0,36.0,34.0,0.0,4.0,1.3636363636363635,1.0,0.0,143.0,35.09090909090909,30.0,92.0,306.0,201.27272727272728,194.0,0.0,0.0,0.0,0.0,0.0,0.0,0.0,0.0,0.0,0.0,0.0,0.0,0.0,0.0,0.0,0.0,0.0,0.0,0.0,0.0,0.0,0.0,0.0,0.0,0.0,0.0,0.0,0.0,0.0,0.0,0.0,0.0,0.0,0.0,0.0,0.0,0.0,0.0,0.0,0.0
LI,LI,Liechtenstein,2021,0.0,78.0,11.183561643835617,4.0,0.0,3.0,0.0684931506849315,0.0,0.0,181.0,10.698630136986301,2.0,33.0,859.0,185.27397260273972,173.0,0.0,632.0,71.65479452054795,8.0,0.0,570.0,70.14246575342466,4.0,0.0,0.0,0.0,0.0,0.0,0.0,0.0,0.0,0.0,0.0,0.0,0.0,0.0,0.0,0.0,0.0,0.0,0.0,0.0,0.0,0.0,0.0,0.0,0.0,0.0,0.0,0.0,0.0,0.0,0.0,0.0,0.0
LI,LI,Liechtenstein,2022,0.0,238.0,51.06666666666667,27.0,0.0,2.0,0.06274509803921569,0.0,-84.0,612.0,52.67843137254902,18.0,1.0,471.0,125.57254901960785,62.0,0.0,53.0,1.3450980392156864,0.0,0.0,51.0,2.556862745098039,0.0,0.0,0.0,0.0,0.0,0.0,0.0,0.0,0.0,0.0,0.0,0.0,0.0,0.0,0.0,0.0,0.0,0.0,0.0,0.0,0.0,0.0,0.0,0.0,0.0,0.0,0.0,0.0,0.0,0.0,0.0,0.0,0.0
LK,LK,Sri Lanka,2021,139.0,9962.0,1595.40625,941.5,0.0,243.0,45.697916666666664,24.0,0.0,0.0,0.0,0.0,6022.0,28727.0,15005.826388888889,13513.5,0.0,548226.0,55526.041666666664,17584.0,0.0,1493107.0,48045.708333333336,10024.0,0.0,0.0,0.0,0.0,0.0,0.0,0.0,0.0,0.0,0.0,0.0,0.0,0.0,0.0,0.0,0.0,0.0,0.0,0.0,0.0,0.0,0.0,0.0,0.0,0.0,0.0,0.0,0.0,0.0,0.0,0.0,0.0
LK,LK,Sri Lanka,2022,3.0,2859.0,736.9354838709677,672.0,0.0,54.0,14.526881720430108,13.0,0.0,0.0,0.0,0.0,0.0,17761.0,8353.78494623656,8432.0,215.0,85473.0,12076.548387096775,4888.0,429.0,73973.0,8620.268817204302,4237.0,0.0,0.0,0.0,0.0,0.0,0.0,0.0,0.0,0.0,0.0,0.0,0.0,0.0,0.0,0.0,0.0,0.0,0.0,0.0,0.0,0.0,0.0,0.0,0.0,0.0,0.0,0.0,0.0,0.0,0.0,0.0,0.0
LR,LR,Liberia,2021,0.0,193.0,30.318181818181817,4.0,0.0,11.0,1.7727272727272727,0.0,0.0,0.0,0.0,0.0,0.0,0.0,0.0,0.0,0.0,179370.0,34019.72727272727,5768.0,0.0,233497.0,34323.77272727273,955.0,0.0,0.0,0.0,0.0,0.0,0.0,0.0,0.0,0.0,0.0,0.0,0.0,0.0,0.0,0.0,0.0,0.0,0.0,0.0,0.0,0.0,0.0,0.0,0.0,0.0,0.0,0.0,0.0,0.0,0.0,0.0,0.0
LR,LR,Liberia,2022,0.0,21.0,2.875,0.0,0.0,0.0,0.0,0.0,0.0,0.0,0.0,0.0,0.0,0.0,0.0,0.0,0.0,857758.0,339858.375,210637.5,0.0,691411.0,274303.875,215136.0,0.0,0.0,0.0,0.0,0.0,0.0,0.0,0.0,0.0,0.0,0.0,0.0,0.0,0.0,0.0,0.0,0.0,0.0,0.0,0.0,0.0,0.0,0.0,0.0,0.0,0.0,0.0,0.0,0.0,0.0,0.0,0.0
LS,LS,Lesotho,2021,0.0,493.0,100.2,11.0,0.0,7.0,1.2,0.0,0.0,0.0,0.0,0.0,0.0,0.0,0.0,0.0,0.0,234021.0,52145.0,22148.0,0.0,232781.0,48493.73333333333,19563.0,0.0,0.0,0.0,0.0,0.0,0.0,0.0,0.0,0.0,0.0,0.0,0.0,0.0,0.0,0.0,0.0,0.0,0.0,0.0,0.0,0.0,0.0,0.0,0.0,0.0,0.0,0.0,0.0,0.0,0.0,0.0,0.0
LS,LS,Lesotho,2022,0.0,11.0,5.0,6.0,0.0,0.0,0.0,0.0,0.0,0.0,0.0,0.0,0.0,0.0,0.0,0.0,0.0,134309.0,28414.6,0.0,0.0,132043.0,29026.6,5008.0,0.0,0.0,0.0,0.0,0.0,0.0,0.0,0.0,0.0,0.0,0.0,0.0,0.0,0.0,0.0,0.0,0.0,0.0,0.0,0.0,0.0,0.0,0.0,0.0,0.0,0.0,0.0,0.0,0.0,0.0,0.0,0.0
LT,LT,Lithuania,2020,1243.0,3478.0,2661.0,2810.0,41.0,56.0,47.2,44.0,0.0,0.0,0.0,0.0,5061.0,15267.0,11563.6,13255.0,0.0,2980.0,1467.6,1531.0,0.0,0.0,0.0,0.0,0.0,0.0,0.0,0.0,0.0,0.0,0.0,0.0,0.0,0.0,0.0,0.0,0.0,0.0,0.0,0.0,0.0,0.0,0.0,0.0,0.0,0.0,0.0,0.0,0.0,0.0,0.0,0.0,0.0,0.0,0.0,0.0
LT,LT,Lithuania,2021,15.0,3658.0,1035.2,793.5,0.0,44.0,14.936111111111112,13.0,0.0,0.0,0.0,0.0,2852.0,28247.0,14524.708333333334,13501.5,0.0,29931.0,5300.152777777777,3238.5,0.0,26515.0,5086.330555555555,3018.5,0.0,0.0,0.0,0.0,0.0,0.0,0.0,0.0,0.0,0.0,0.0,0.0,0.0,0.0,0.0,0.0,0.0,0.0,0.0,0.0,0.0,0.0,0.0,0.0,0.0,0.0,0.0,0.0,0.0,0.0,0.0,0.0
LT,LT,Lithuania,2022,13.0,15412.0,2904.159663865546,1317.5,0.0,36.0,7.651260504201681,4.0,0.0,0.0,0.0,0.0,0.0,35067.0,7559.5210084033615,2543.0,0.0,2120.0,155.6890756302521,51.0,0.0,2425.0,194.46638655462183,48.5,0.0,0.0,0.0,0.0,0.0,0.0,0.0,0.0,0.0,0.0,0.0,0.0,0.0,0.0,0.0,0.0,0.0,0.0,0.0,0.0,0.0,0.0,0.0,0.0,0.0,0.0,0.0,0.0,0.0,0.0,0.0,0.0
LU,LU,Luxembourg,2020,187.0,325.0,253.25,250.5,4.0,7.0,4.75,4.0,0.0,0.0,0.0,0.0,4470.0,9080.0,7751.5,8728.0,0.0,452.0,312.75,399.5,0.0,0.0,0.0,0.0,0.0,0.0,0.0,0.0,0.0,0.0,0.0,0.0,0.0,0.0,0.0,0.0,0.0,0.0,0.0,0.0,0.0,0.0,0.0,0.0,0.0,0.0,0.0,0.0,0.0,0.0,0.0,0.0,0.0,0.0,0.0,0.0
LU,LU,Luxembourg,2021,0.0,1281.0,171.27409638554218,135.0,0.0,8.0,1.0572289156626506,0.0,0.0,0.0,0.0,0.0,201.0,16526.0,5783.629518072289,5521.0,0.0,6401.0,1395.0361445783133,710.5,0.0,2692.0,112.71686746987952,0.0,0.0,0.0,0.0,0.0,0.0,0.0,0.0,0.0,0.0,0.0,0.0,0.0,0.0,0.0,0.0,0.0,0.0,0.0,0.0,0.0,0.0,0.0,0.0,0.0,0.0,0.0,0.0,0.0,0.0,0.0,0.0,0.0
LU,LU,Luxembourg,2022,6.0,3073.0,813.2286995515695,654.0,0.0,4.0,0.8251121076233184,1.0,0.0,0.0,0.0,0.0,0.0,9411.0,1919.152466367713,1426.0,0.0,844.0,77.37219730941705,13.0,0.0,425086.0,1906.2152466367713,0.0,0.0,0.0,0.0,0.0,0.0,0.0,0.0,0.0,0.0,0.0,0.0,0.0,0.0,0.0,0.0,0.0,0.0,0.0,0.0,0.0,0.0,0.0,0.0,0.0,0.0,0.0,0.0,0.0,0.0,0.0,0.0,0.0
LV,LV,Latvia,2020,314.0,1861.0,858.1111111111111,775.0,5.0,25.0,14.833333333333334,15.0,0.0,0.0,0.0,0.0,3730.0,12395.0,8865.722222222223,9825.5,0.0,879.0,129.61111111111111,4.0,0.0,1.0,0.05555555555555555,0.0,0.0,0.0,0.0,0.0,0.0,0.0,0.0,0.0,0.0,0.0,0.0,0.0,0.0,0.0,0.0,0.0,0.0,0.0,0.0,0.0,0.0,0.0,0.0,0.0,0.0,0.0,0.0,0.0,0.0,0.0,0.0,0.0
LV,LV,Latvia,2021,18.0,3206.0,644.0876712328767,526.0,0.0,79.0,10.715068493150685,8.0,0.0,0.0,0.0,0.0,1674.0,54975.0,12814.213698630138,11357.0,0.0,15822.0,3593.9424657534246,2982.0,0.0,18715.0,3458.917808219178,2552.0,0.0,0.0,0.0,0.0,0.0,0.0,0.0,0.0,0.0,0.0,0.0,0.0,0.0,0.0,0.0,0.0,0.0,0.0,0.0,0.0,0.0,0.0,0.0,0.0,0.0,0.0,0.0,0.0,0.0,0.0,0.0,0.0
LV,LV,Latvia,2022,31.0,11992.0,2963.0785340314137,995.0,0.0,32.0,6.7643979057591626,5.0,0.0,0.0,0.0,0.0,0.0,32433.0,8928.811518324608,4905.0,0.0,1430.0,167.8586387434555,39.0,0.0,1852.0,227.58638743455498,63.0,0.0,0.0,0.0,0.0,0.0,0.0,0.0,0.0,0.0,0.0,0.0,0.0,0.0,0.0,0.0,0.0,0.0,0.0,0.0,0.0,0.0,0.0,0.0,0.0,0.0,0.0,0.0,0.0,0.0,0.0,0.0,0.0
LY,LY,Libya,2021,0.0,3512.0,971.2830188679245,648.0,0.0,33.0,13.849056603773585,13.0,0.0,0.0,0.0,0.0,0.0,11016.0,3512.490566037736,3974.0,0.0,137332.0,34970.698113207545,22216.0,0.0,52524.0,14596.735849056604,11543.0,0.0,0.0,0.0,0.0,0.0,0.0,0.0,0.0,0.0,0.0,0.0,0.0,0.0,0.0,0.0,0.0,0.0,0.0,0.0,0.0,0.0,0.0,0.0,0.0,0.0,0.0,0.0,0.0,0.0,0.0,0.0,0.0
LY,LY,Libya,2022,0.0,4429.0,734.1929824561404,293.0,0.0,17.0,5.807017543859649,6.0,0.0,0.0,0.0,0.0,0.0,10894.0,1846.017543859649,0.0,0.0,46923.0,7898.3859649122805,3726.0,0.0,47818.0,7070.438596491228,2326.0,0.0,0.0,0.0,0.0,0.0,0.0,0.0,0.0,0.0,0.0,0.0,0.0,0.0,0.0,0.0,0.0,0.0,0.0,0.0,0.0,0.0,0.0,0.0,0.0,0.0,0.0,0.0,0.0,0.0,0.0,0.0,0.0
MA,MA,Morocco,2021,0.0,11358.0,1838.4190476190477,505.0,0.0,152.0,23.12857142857143,8.0,0.0,0.0,0.0,0.0,0.0,51434.0,14496.709523809524,10963.0,0.0,643649.0,106061.37619047619,49461.5,0.0,850822.0,109474.9619047619,60088.5,0.0,0.0,0.0,0.0,0.0,0.0,0.0,0.0,0.0,0.0,0.0,0.0,0.0,0.0,0.0,0.0,0.0,0.0,0.0,0.0,0.0,0.0,0.0,0.0,0.0,0.0,0.0,0.0,0.0,0.0,0.0,0.0
MA,MA,Morocco,2022,0.0,9355.0,1681.142857142857,286.0,0.0,38.0,7.690476190476191,2.0,0.0,0.0,0.0,0.0,0.0,35115.0,6460.785714285715,0.0,0.0,28483.0,8703.02380952381,7399.0,0.0,37376.0,11774.547619047618,9239.5,0.0,0.0,0.0,0.0,0.0,0.0,0.0,0.0,0.0,0.0,0.0,0.0,0.0,0.0,0.0,0.0,0.0,0.0,0.0,0.0,0.0,0.0,0.0,0.0,0.0,0.0,0.0,0.0,0.0,0.0,0.0,0.0
MC,MC,Monaco,2020,22.0,22.0,22.0,22.0,0.0,0.0,0.0,0.0,0.0,0.0,0.0,0.0,0.0,0.0,0.0,0.0,0.0,0.0,0.0,0.0,0.0,0.0,0.0,0.0,0.0,0.0,0.0,0.0,0.0,0.0,0.0,0.0,0.0,0.0,0.0,0.0,0.0,0.0,0.0,0.0,0.0,0.0,0.0,0.0,0.0,0.0,0.0,0.0,0.0,0.0,0.0,0.0,0.0,0.0,0.0,0.0
MC,MC,Monaco,2021,0.0,52.0,9.2,7.0,0.0,1.0,0.08,0.0,0.0,0.0,0.0,0.0,0.0,0.0,0.0,0.0,0.0,2203.0,817.04,652.0,0.0,2359.0,740.16,543.0,0.0,0.0,0.0,0.0,0.0,0.0,0.0,0.0,0.0,0.0,0.0,0.0,0.0,0.0,0.0,0.0,0.0,0.0,0.0,0.0,0.0,0.0,0.0,0.0,0.0,0.0,0.0,0.0,0.0,0.0,0.0,0.0
MD,MD,Moldova,2021,21.0,2273.0,604.984693877551,373.0,0.0,82.0,20.525510204081634,19.0,0.0,0.0,0.0,0.0,1964.0,11372.0,5601.7959183673465,5593.5,0.0,263931.0,5030.857142857143,1915.5,0.0,236192.0,4970.178571428572,2256.5,0.0,0.0,0.0,0.0,0.0,0.0,0.0,0.0,0.0,0.0,0.0,0.0,0.0,0.0,0.0,0.0,0.0,0.0,0.0,0.0,0.0,0.0,0.0,0.0,0.0,0.0,0.0,0.0,0.0,0.0,0.0,0.0
MD,MD,Moldova,2022,0.0,6199.0,1322.0898876404494,571.0,0.0,34.0,10.910112359550562,9.0,0.0,0.0,0.0,0.0,0.0,19808.0,5175.483146067416,4091.0,0.0,84435.0,1049.314606741573,0.0,0.0,3766.0,913.1797752808989,875.0,0.0,0.0,0.0,0.0,0.0,0.0,0.0,0.0,0.0,0.0,0.0,0.0,0.0,0.0,0.0,0.0,0.0,0.0,0.0,0.0,0.0,0.0,0.0,0.0,0.0,0.0,0.0,0.0,0.0,0.0,0.0,0.0
ME,ME,Montenegro,2021,10.0,1845.0,308.5357142857143,271.0,0.0,18.0,4.5,4.0,0.0,0.0,0.0,0.0,0.0,0.0,0.0,0.0,0.0,16728.0,1013.8714285714286,644.0,0.0,17430.0,973.2892857142857,633.0,0.0,0.0,0.0,0.0,0.0,0.0,0.0,0.0,0.0,0.0,0.0,0.0,0.0,0.0,0.0,0.0,0.0,0.0,0.0,0.0,0.0,0.0,0.0,0.0,0.0,0.0,0.0,0.0,0.0,0.0,0.0,0.0
ME,ME,Montenegro,2022,25.0,3099.0,413.9024390243902,124.0,0.0,11.0,1.4682926829268292,1.0,0.0,0.0,0.0,0.0,0.0,0.0,0.0,0.0,0.0,405.0,43.40975609756097,31.0,0.0,679.0,58.614634146341466,33.0,0.0,0.0,0.0,0.0,0.0,0.0,0.0,0.0,0.0,0.0,0.0,0.0,0.0,0.0,0.0,0.0,0.0,0.0,0.0,0.0,0.0,0.0,0.0,0.0,0.0,0.0,0.0,0.0,0.0,0.0,0.0,0.0
MG,MG,Madagascar,2021,0.0,400.0,55.15,28.5,0.0,7.0,2.05,0.5,0.0,0.0,0.0,0.0,0.0,868.0,245.5,117.0,0.0,184632.0,29419.7,14136.0,0.0,221527.0,17826.4,0.0,0.0,0.0,0.0,0.0,0.0,0.0,0.0,0.0,0.0,0.0,0.0,0.0,0.0,0.0,0.0,0.0,0.0,0.0,0.0,0.0,0.0,0.0,0.0,0.0,0.0,0.0,0.0,0.0,0.0,0.0,0.0,0.0
MG,MG,Madagascar,2022,0.0,41.0,2.05,0.0,0.0,4.0,0.2,0.0,0.0,0.0,0.0,0.0,0.0,0.0,0.0,0.0,0.0,228383.0,46668.6,27342.5,0.0,225953.0,45980.05,29294.0,0.0,0.0,0.0,0.0,0.0,0.0,0.0,0.0,0.0,0.0,0.0,0.0,0.0,0.0,0.0,0.0,0.0,0.0,0.0,0.0,0.0,0.0,0.0,0.0,0.0,0.0,0.0,0.0,0.0,0.0,0.0,0.0
MH,MH,Marshall Islands,2021,0.0,0.0,0.0,0.0,0.0,0.0,0.0,0.0,0.0,0.0,0.0,0.0,0.0,2698.0,9.39209726443769,0.0,0.0,708.0,77.38297872340425,1.0,0.0,678.0,69.580547112462,1.0,0.0,0.0,0.0,0.0,0.0,0.0,0.0,0.0,0.0,0.0,0.0,0.0,0.0,0.0,0.0,0.0,0.0,0.0,0.0,0.0,0.0,0.0,0.0,0.0,0.0,0.0,0.0,0.0,0.0,0.0,0.0,0.0
MH,MH,Marshall Islands,2022,-3.0,3130.0,28.019108280254777,0.0,0.0,3.0,0.01910828025477707,0.0,0.0,0.0,0.0,0.0,0.0,0.0,0.0,0.0,0.0,1417.0,95.20382165605096,0.0,0.0,863.0,62.802547770700635,0.0,0.0,0.0,0.0,0.0,0.0,0.0,0.0,0.0,0.0,0.0,0.0,0.0,0.0,0.0,0.0,0.0,0.0,0.0,0.0,0.0,0.0,0.0,0.0,0.0,0.0,0.0,0.0,0.0,0.0,0.0,0.0,0.0
MK,MK,Macedonia,2021,1.0,1402.0,373.6388888888889,323.5,0.0,46.0,14.694444444444445,14.0,0.0,0.0,0.0,0.0,0.0,5569.0,600.8402777777778,0.0,0.0,27209.0,5853.270833333333,3779.0,0.0,42468.0,5506.354166666667,3912.0,0.0,0.0,0.0,0.0,0.0,0.0,0.0,0.0,0.0,0.0,0.0,0.0,0.0,0.0,0.0,0.0,0.0,0.0,0.0,0.0,0.0,0.0,0.0,0.0,0.0,0.0,0.0,0.0,0.0,0.0,0.0,0.0
MK,MK,Macedonia,2022,23.0,1252.0,384.5263157894737,235.0,1.0,24.0,8.157894736842104,4.0,0.0,0.0,0.0,0.0,0.0,1362.0,135.31578947368422,0.0,0.0,4862.0,599.2105263157895,0.0,35.0,8651.0,1105.578947368421,368.0,0.0,0.0,0.0,0.0,0.0,0.0,0.0,0.0,0.0,0.0,0.0,0.0,0.0,0.0,0.0,0.0,0.0,0.0,0.0,0.0,0.0,0.0,0.0,0.0,0.0,0.0,0.0,0.0,0.0,0.0,0.0,0.0
ML,ML,Mali,2021,3.0,181.0,38.486486486486484,17.0,0.0,7.0,0.8648648648648649,0.0,0.0,0.0,0.0,0.0,0.0,0.0,0.0,0.0,0.0,167799.0,23716.891891891893,11002.0,0.0,145334.0,10263.378378378378,3074.0,0.0,0.0,0.0,0.0,0.0,0.0,0.0,0.0,0.0,0.0,0.0,0.0,0.0,0.0,0.0,0.0,0.0,0.0,0.0,0.0,0.0,0.0,0.0,0.0,0.0,0.0,0.0,0.0,0.0,0.0,0.0,0.0
ML,ML,Mali,2022,0.0,1217.0,98.0,4.5,0.0,2.0,0.11538461538461539,0.0,0.0,0.0,0.0,0.0,0.0,0.0,0.0,0.0,0.0,173433.0,50986.653846153844,45750.5,0.0,117026.0,48447.653846153844,42750.0,0.0,0.0,0.0,0.0,0.0,0.0,0.0,0.0,0.0,0.0,0.0,0.0,0.0,0.0,0.0,0.0,0.0,0.0,0.0,0.0,0.0,0.0,0.0,0.0,0.0,0.0,0.0,0.0,0.0,0.0,0.0,0.0
MM,MM,Myanmar,2021,0.0,2273.0,782.5217391304348,549.0,0.0,125.0,23.91304347826087,14.0,0.0,0.0,0.0,0.0,0.0,21230.0,7250.347826086957,2219.0,0.0,2832539.0,818663.4347826086,620000.0,0.0,1442934.0,564772.9130434783,304561.0,0.0,0.0,0.0,0.0,0.0,0.0,0.0,0.0,0.0,0.0,0.0,0.0,0.0,0.0,0.0,0.0,0.0,0.0,0.0,0.0,0.0,0.0,0.0,0.0,0.0,0.0,0.0,0.0,0.0,0.0,0.0,0.0
MM,MM,Myanmar,2022,0.0,2938.0,525.25,146.5,0.0,7.0,1.03125,0.0,0.0,0.0,0.0,0.0,0.0,36612.0,2817.0625,0.0,63149.0,1987182.0,498376.71875,394205.0,59011.0,2542140.0,453611.0,244685.5,0.0,0.0,0.0,0.0,0.0,0.0,0.0,0.0,0.0,0.0,0.0,0.0,0.0,0.0,0.0,0.0,0.0,0.0,0.0,0.0,0.0,0.0,0.0,0.0,0.0,0.0,0.0,0.0,0.0,0.0,0.0,0.0
MN,MN,Mongolia,2021,0.0,9255.0,2163.2418032786886,1299.0,0.0,19.0,6.233606557377049,5.0,0.0,0.0,0.0,0.0,0.0,1777881.0,13612.70081967213,6857.0,0.0,147765.0,9274.065573770491,1824.0,0.0,240860.0,8778.54918032787,954.0,0.0,0.0,0.0,0.0,0.0,0.0,0.0,0.0,0.0,0.0,0.0,0.0,0.0,0.0,0.0,0.0,0.0,0.0,0.0,0.0,0.0,0.0,0.0,0.0,0.0,0.0,0.0,0.0,0.0,0.0,0.0,0.0
MN,MN,Mongolia,2022,0.0,12310.0,2423.4285714285716,1081.0,0.0,5.0,1.0649350649350648,0.0,0.0,0.0,0.0,0.0,0.0,23894.0,1103.8831168831168,0.0,0.0,388.0,90.66233766233766,69.0,0.0,1042.0,156.42857142857142,113.0,0.0,0.0,0.0,0.0,0.0,0.0,0.0,0.0,0.0,0.0,0.0,0.0,0.0,0.0,0.0,0.0,0.0,0.0,0.0,0.0,0.0,0.0,0.0,0.0,0.0,0.0,0.0,0.0,0.0,0.0,0.0,0.0
MO,MO,Macau,2021,0.0,4.0,0.8636363636363636,1.0,0.0,0.0,0.0,0.0,0.0,2.0,0.5,0.0,0.0,0.0,0.0,0.0,0.0,12311.0,2832.409090909091,2022.0,0.0,14524.0,2472.090909090909,1372.5,0.0,0.0,0.0,0.0,0.0,0.0,0.0,0.0,0.0,0.0,0.0,0.0,0.0,0.0,0.0,0.0,0.0,0.0,0.0,0.0,0.0,0.0,0.0,0.0,0.0,0.0,0.0,0.0,0.0,0.0,0.0,0.0
MO,MO,Macau,2022,0.0,75.0,12.775510204081632,4.0,0.0,2.0,0.12244897959183673,0.0,-1.0,76.0,11.306122448979592,1.0,0.0,0.0,0.0,0.0,0.0,6061.0,393.14285714285717,126.0,0.0,2419.0,269.14285714285717,123.0,0.0,0.0,0.0,0.0,0.0,0.0,0.0,0.0,0.0,0.0,0.0,0.0,0.0,0.0,0.0,0.0,0.0,0.0,0.0,0.0,0.0,0.0,0.0,0.0,0.0,0.0,0.0,0.0,0.0,0.0,0.0,0.0
MR,MR,Mauritania,2021,0.0,365.0,108.76363636363637,73.0,0.0,9.0,1.9454545454545455,1.0,0.0,0.0,0.0,0.0,0.0,0.0,0.0,0.0,0.0,399881.0,21204.18181818182,4316.0,0.0,548042.0,13832.89090909091,638.0,0.0,0.0,0.0,0.0,0.0,0.0,0.0,0.0,0.0,0.0,0.0,0.0,0.0,0.0,0.0,0.0,0.0,0.0,0.0,0.0,0.0,0.0,0.0,0.0,0.0,0.0,0.0,0.0,0.0,0.0,0.0,0.0
MR,MR,Mauritania,2022,0.0,490.0,55.92,5.0,0.0,3.0,0.24,0.0,0.0,0.0,0.0,0.0,0.0,2814.0,112.56,0.0,0.0,357412.0,33552.76,4826.0,0.0,250168.0,26272.68,5525.0,0.0,0.0,0.0,0.0,0.0,0.0,0.0,0.0,0.0,0.0,0.0,0.0,0.0,0.0,0.0,0.0,0.0,0.0,0.0,0.0,0.0,0.0,0.0,0.0,0.0,0.0,0.0,0.0,0.0,0.0,0.0,0.0
MS,MS,Montserrat,2021,0.0,2.0,0.2,0.0,0.0,0.0,0.0,0.0,0.0,0.0,0.0,0.0,0.0,0.0,0.0,0.0,0.0,652.0,61.88,16.0,0.0,470.0,57.28,21.0,0.0,0.0,0.0,0.0,0.0,0.0,0.0,0.0,0.0,0.0,0.0,0.0,0.0,0.0,0.0,0.0,0.0,0.0,0.0,0.0,0.0,0.0,0.0,0.0,0.0,0.0,0.0,0.0,0.0,0.0,0.0,0.0
MS,MS,Montserrat,2022,0.0,45.0,4.041666666666667,0.0,0.0,0.0,0.0,0.0,0.0,0.0,0.0,0.0,0.0,0.0,0.0,0.0,0.0,139.0,22.458333333333332,6.5,0.0,98.0,19.166666666666668,9.5,0.0,0.0,0.0,0.0,0.0,0.0,0.0,0.0,0.0,0.0,0.0,0.0,0.0,0.0,0.0,0.0,0.0,0.0,0.0,0.0,0.0,0.0,0.0,0.0,0.0,0.0,0.0,0.0,0.0,0.0,0.0,0.0
MT,MT,Malta,2021,0.0,1353.0,112.42899408284023,55.0,0.0,5.0,0.6923076923076923,0.0,0.0,0.0,0.0,0.0,1021.0,8190.0,2850.9852071005917,2733.5,0.0,6595.0,1280.7988165680474,809.5,0.0,7835.0,1286.0236686390533,743.5,0.0,0.0,0.0,0.0,0.0,0.0,0.0,0.0,0.0,0.0,0.0,0.0,0.0,0.0,0.0,0.0,0.0,0.0,0.0,0.0,0.0,0.0,0.0,0.0,0.0,0.0,0.0,0.0,0.0,0.0,0.0,0.0
MT,MT,Malta,2022,11.0,1147.0,235.6078431372549,159.0,0.0,7.0,1.2705882352941176,1.0,0.0,0.0,0.0,0.0,0.0,7938.0,1550.8392156862744,1463.0,0.0,1071.0,130.14901960784314,33.0,0.0,1070.0,136.54509803921567,33.0,0.0,0.0,0.0,0.0,0.0,0.0,0.0,0.0,0.0,0.0,0.0,0.0,0.0,0.0,0.0,0.0,0.0,0.0,0.0,0.0,0.0,0.0,0.0,0.0,0.0,0.0,0.0,0.0,0.0,0.0,0.0,0.0
MU,MU,Mauritius,2021,0.0,1597.0,391.1764705882353,179.0,0.0,46.0,4.235294117647059,0.0,0.0,0.0,0.0,0.0,0.0,0.0,0.0,0.0,0.0,132689.0,27560.352941176472,11968.0,0.0,159664.0,26512.823529411766,14333.5,0.0,0.0,0.0,0.0,0.0,0.0,0.0,0.0,0.0,0.0,0.0,0.0,0.0,0.0,0.0,0.0,0.0,0.0,0.0,0.0,0.0,0.0,0.0,0.0,0.0,0.0,0.0,0.0,0.0,0.0,0.0,0.0
MU,MU,Mauritius,2022,98.0,3061.0,579.5384615384615,370.0,0.0,2.0,0.3076923076923077,0.0,0.0,0.0,0.0,0.0,0.0,0.0,0.0,0.0,0.0,43637.0,6529.384615384615,0.0,0.0,34394.0,5217.538461538462,0.0,0.0,0.0,0.0,0.0,0.0,0.0,0.0,0.0,0.0,0.0,0.0,0.0,0.0,0.0,0.0,0.0,0.0,0.0,0.0,0.0,0.0,0.0,0.0,0.0,0.0,0.0,0.0,0.0,0.0,0.0,0.0,0.0
MV,MV,Maldives,2021,45.0,2194.0,250.68421052631578,133.0,0.0,10.0,0.6631578947368421,0.0,0.0,0.0,0.0,0.0,2556.0,7999.0,4433.371929824561,4318.0,0.0,11474.0,1389.1192982456141,390.0,0.0,14665.0,1283.259649122807,633.0,0.0,0.0,0.0,0.0,0.0,0.0,0.0,0.0,0.0,0.0,0.0,0.0,0.0,0.0,0.0,0.0,0.0,0.0,0.0,0.0,0.0,0.0,0.0,0.0,0.0,0.0,0.0,0.0,0.0,0.0,0.0,0.0
MV,MV,Maldives,2022,0.0,2813.0,812.2835820895523,507.0,0.0,2.0,0.34328358208955223,0.0,0.0,0.0,0.0,0.0,0.0,7852.0,3354.820895522388,3601.0,6.0,156.0,34.38805970149254,27.0,14.0,12162.0,260.97014925373134,69.0,0.0,0.0,0.0,0.0,0.0,0.0,0.0,0.0,0.0,0.0,0.0,0.0,0.0,0.0,0.0,0.0,0.0,0.0,0.0,0.0,0.0,0.0,0.0,0.0,0.0,0.0,0.0,0.0,0.0,0.0,0.0,0.0
MW,MW,Malawi,2021,0.0,1265.0,119.08173076923077,18.5,0.0,29.0,3.375,1.0,0.0,0.0,0.0,0.0,0.0,2826.0,17.826923076923077,0.0,0.0,42100.0,7150.278846153846,5496.5,0.0,42100.0,3393.028846153846,1462.5,0.0,0.0,0.0,0.0,0.0,0.0,0.0,0.0,0.0,0.0,0.0,0.0,0.0,0.0,0.0,0.0,0.0,0.0,0.0,0.0,0.0,0.0,0.0,0.0,0.0,0.0,0.0,0.0,0.0,0.0,0.0,0.0
MW,MW,Malawi,2022,0.0,828.0,143.96363636363637,57.0,0.0,12.0,3.672727272727273,3.0,0.0,0.0,0.0,0.0,0.0,1322.0,56.163636363636364,0.0,0.0,450710.0,28161.163636363635,559.0,0.0,414535.0,28036.909090909092,1327.0,0.0,0.0,0.0,0.0,0.0,0.0,0.0,0.0,0.0,0.0,0.0,0.0,0.0,0.0,0.0,0.0,0.0,0.0,0.0,0.0,0.0,0.0,0.0,0.0,0.0,0.0,0.0,0.0,0.0,0.0,0.0,0.0
MX,MX,Mexico,2020,4397.0,16224.0,12385.6,14728.0,843.0,971.0,928.2,946.0,0.0,0.0,0.0,0.0,4743.0,40687.0,31219.0,39111.0,0.0,8950.0,4414.8,3900.0,0.0,0.0,0.0,0.0,0.0,0.0,0.0,0.0,0.0,0.0,0.0,0.0,0.0,0.0,0.0,0.0,0.0,0.0,0.0,0.0,0.0,0.0,0.0,0.0,0.0,0.0,0.0,0.0,0.0,0.0,0.0,0.0,0.0,0.0,0.0,0.0
MX,MX,Mexico,2021,773.0,25605.0,7357.4363057324845,4954.0,69.0,1495.0,448.2515923566879,313.5,0.0,0.0,0.0,0.0,3311.0,63580.0,24616.754777070062,22090.5,0.0,3194239.0,260799.3917197452,181257.0,0.0,5954510.0,231778.33757961783,150278.5,0.0,0.0,0.0,0.0,0.0,0.0,0.0,0.0,0.0,0.0,0.0,0.0,0.0,0.0,0.0,0.0,0.0,0.0,0.0,0.0,0.0,0.0,0.0,0.0,0.0,0.0,0.0,0.0,0.0,0.0,0.0,0.0
MX,MX,Mexico,2022,214.0,75117.0,15874.344086021505,5898.0,0.0,585.0,174.78494623655914,80.0,0.0,0.0,0.0,0.0,0.0,118363.0,27996.322580645163,12385.0,0.0,2013594.0,155443.38709677418,30871.0,0.0,546658.0,77065.74193548386,36091.0,0.0,0.0,0.0,0.0,0.0,0.0,0.0,0.0,0.0,0.0,0.0,0.0,0.0,0.0,0.0,0.0,0.0,0.0,0.0,0.0,0.0,0.0,0.0,0.0,0.0,0.0,0.0,0.0,0.0,0.0,0.0,0.0
MY,MY,Malaysia,2021,941.0,24599.0,7941.662379421222,5755.0,1.0,592.0,97.7684887459807,61.0,1052.0,24855.0,7809.327974276527,5427.0,34321.0,181238.0,108199.33762057878,105714.0,60.0,375543.0,83050.07395498392,32368.0,2.0,365122.0,82493.41800643087,30312.0,0.0,214297.0,43844.360128617365,22989.0,0.0,204428.0,43096.51125401929,24147.0,0.0,0.0,0.0,0.0,0.0,0.0,0.0,0.0,0.0,0.0,0.0,0.0,0.0,0.0,0.0,0.0,0.0,192701.0,32545.707395498393,3418.0,0.0,0.0,0.0,0.0
MY,MY,Malaysia,2022,922.0,33406.0,7967.503875968992,3398.0,0.0,115.0,18.651162790697676,9.0,1080.0,33872.0,8003.178294573643,3396.5,0.0,297765.0,86300.52713178295,54312.0,72.0,74236.0,7953.065891472868,2070.0,210.0,63910.0,7158.705426356589,2732.5,58.0,73913.0,7651.186046511628,1711.0,187.0,62322.0,6786.616279069767,2352.5,0.0,0.0,0.0,0.0,0.0,0.0,0.0,0.0,0.0,0.0,0.0,0.0,0.0,0.0,0.0,0.0,9.0,2991.0,281.29457364341084,152.0,0.0,0.0,0.0,0.0
MZ,MZ,Mozambique,2021,0.0,4861.0,577.7027027027027,175.0,0.0,34.0,5.135135135135135,1.0,0.0,0.0,0.0,0.0,0.0,6001.0,1721.5945945945946,1351.0,0.0,1060447.0,233350.4054054054,112745.0,0.0,978323.0,162859.5945945946,108048.0,0.0,0.0,0.0,0.0,0.0,0.0,0.0,0.0,0.0,0.0,0.0,0.0,0.0,0.0,0.0,0.0,0.0,0.0,0.0,0.0,0.0,0.0,0.0,0.0,0.0,0.0,0.0,0.0,0.0,0.0,0.0,0.0
MZ,MZ,Mozambique,2022,1.0,3031.0,435.84615384615387,17.0,0.0,10.0,1.6153846153846154,0.0,0.0,0.0,0.0,0.0,0.0,1352.0,180.3846153846154,0.0,0.0,1098250.0,370949.07692307694,288642.0,0.0,1260492.0,520522.8461538461,374336.0,0.0,0.0,0.0,0.0,0.0,0.0,0.0,0.0,0.0,0.0,0.0,0.0,0.0,0.0,0.0,0.0,0.0,0.0,0.0,0.0,0.0,0.0,0.0,0.0,0.0,0.0,0.0,0.0,0.0,0.0,0.0,0.0
NC,NC,New Caledonia,2021,0.0,331.0,28.355555555555554,0.0,0.0,16.0,1.0888888888888888,0.0,0.0,0.0,0.0,0.0,0.0,0.0,0.0,0.0,0.0,26154.0,4030.4,2625.0,0.0,25086.0,3843.5333333333333,2511.0,0.0,0.0,0.0,0.0,0.0,0.0,0.0,0.0,0.0,0.0,0.0,0.0,0.0,0.0,0.0,0.0,0.0,0.0,0.0,0.0,0.0,0.0,0.0,0.0,0.0,0.0,0.0,0.0,0.0,0.0,0.0,0.0
NC,NC,New Caledonia,2022,18.0,3659.0,630.75,339.5,0.0,2.0,0.25,0.0,0.0,0.0,0.0,0.0,0.0,0.0,0.0,0.0,10.0,2972.0,322.85714285714283,67.0,1.0,3448.0,383.39285714285717,104.0,0.0,0.0,0.0,0.0,0.0,0.0,0.0,0.0,0.0,0.0,0.0,0.0,0.0,0.0,0.0,0.0,0.0,0.0,0.0,0.0,0.0,0.0,0.0,0.0,0.0,0.0,0.0,0.0,0.0,0.0,0.0,0.0
NE,NE,Niger,2021,0.0,31.0,8.38888888888889,7.0,0.0,4.0,0.3333333333333333,0.0,0.0,0.0,0.0,0.0,0.0,0.0,0.0,0.0,0.0,168490.0,28179.055555555555,13056.5,0.0,106918.0,25470.277777777777,5391.5,0.0,0.0,0.0,0.0,0.0,0.0,0.0,0.0,0.0,0.0,0.0,0.0,0.0,0.0,0.0,0.0,0.0,0.0,0.0,0.0,0.0,0.0,0.0,0.0,0.0,0.0,0.0,0.0,0.0,0.0,0.0,0.0
NE,NE,Niger,2022,0.0,74.0,6.0,1.0,0.0,4.0,0.47058823529411764,0.0,0.0,0.0,0.0,0.0,0.0,0.0,0.0,0.0,0.0,1131444.0,190168.0,7755.0,0.0,1046524.0,147902.88235294117,5907.0,0.0,0.0,0.0,0.0,0.0,0.0,0.0,0.0,0.0,0.0,0.0,0.0,0.0,0.0,0.0,0.0,0.0,0.0,0.0,0.0,0.0,0.0,0.0,0.0,0.0,0.0,0.0,0.0,0.0,0.0,0.0,0.0
NG,NG,Nigeria,2021,0.0,2123.0,192.74468085106383,64.0,0.0,93.0,3.0425531914893615,0.0,0.0,0.0,0.0,0.0,0.0,0.0,0.0,0.0,0.0,629942.0,109685.91489361702,35175.5,0.0,418675.0,47596.63829787234,8296.0,0.0,0.0,0.0,0.0,0.0,0.0,0.0,0.0,0.0,0.0,0.0,0.0,0.0,0.0,0.0,0.0,0.0,0.0,0.0,0.0,0.0,0.0,0.0,0.0,0.0,0.0,0.0,0.0,0.0,0.0,0.0,0.0
NG,NG,Nigeria,2022,0.0,814.0,169.28571428571428,108.5,0.0,8.0,1.0,0.0,0.0,0.0,0.0,0.0,0.0,0.0,0.0,0.0,0.0,7972827.0,1196679.25,678567.5,0.0,4168782.0,951850.6428571428,336070.5,0.0,0.0,0.0,0.0,0.0,0.0,0.0,0.0,0.0,0.0,0.0,0.0,0.0,0.0,0.0,0.0,0.0,0.0,0.0,0.0,0.0,0.0,0.0,0.0,0.0,0.0,0.0,0.0,0.0,0.0,0.0,0.0
NI,NI,Nicaragua,2021,0.0,34.0,1.4782608695652173,0.0,0.0,1.0,0.043478260869565216,0.0,0.0,0.0,0.0,0.0,0.0,0.0,0.0,0.0,0.0,2593190.0,212145.91304347827,64181.0,0.0,1627531.0,119257.0,19689.0,0.0,0.0,0.0,0.0,0.0,0.0,0.0,0.0,0.0,0.0,0.0,0.0,0.0,0.0,0.0,0.0,0.0,0.0,0.0,0.0,0.0,0.0,0.0,0.0,0.0,0.0,0.0,0.0,0.0,0.0,0.0,0.0
NI,NI,Nicaragua,2022,0.0,0.0,0.0,0.0,0.0,0.0,0.0,0.0,0.0,0.0,0.0,0.0,0.0,0.0,0.0,0.0,0.0,107642.0,26052.17777777778,9801.0,0.0,285398.0,62165.73333333333,19894.0,0.0,0.0,0.0,0.0,0.0,0.0,0.0,0.0,0.0,0.0,0.0,0.0,0.0,0.0,0.0,0.0,0.0,0.0,0.0,0.0,0.0,0.0,0.0,0.0,0.0,0.0,0.0,0.0,0.0,0.0,0.0,0.0
NL,NL,Netherlands,2021,550.0,22600.0,6754.653846153846,5276.5,0.0,134.0,27.615384615384617,18.5,0.0,0.0,0.0,0.0,12317.0,90108.0,35942.96153846154,30757.5,0.0,1005835.0,241965.21153846153,102082.5,0.0,938756.0,226150.28846153847,85501.5,0.0,0.0,0.0,0.0,0.0,0.0,0.0,0.0,0.0,0.0,0.0,0.0,0.0,0.0,0.0,0.0,0.0,0.0,0.0,0.0,0.0,0.0,0.0,0.0,0.0,0.0,0.0,0.0,0.0,0.0,0.0,0.0
NL,NL,Netherlands,2022,988.0,70297.0,17563.114285714284,4863.0,0.0,21.0,6.314285714285714,6.0,0.0,0.0,0.0,0.0,0.0,132504.0,29446.514285714286,2390.0,447.0,43800.0,4530.828571428571,1664.0,524.0,24490.0,5010.0,2162.0,0.0,0.0,0.0,0.0,0.0,0.0,0.0,0.0,0.0,0.0,0.0,0.0,0.0,0.0,0.0,0.0,0.0,0.0,0.0,0.0,0.0,0.0,0.0,0.0,0.0,0.0,0.0,0.0,0.0,0.0,0.0,0.0
NO,NO,Norway,2020,256.0,778.0,466.54545454545456,437.5,0.0,21.0,4.0,1.5,0.0,0.0,0.0,0.0,6089.0,31845.0,16613.272727272728,18084.0,0.0,1092.0,110.04545454545455,8.5,0.0,0.0,0.0,0.0,0.0,0.0,0.0,0.0,0.0,0.0,0.0,0.0,0.0,0.0,0.0,0.0,0.0,0.0,0.0,0.0,0.0,0.0,0.0,0.0,0.0,0.0,0.0,0.0,0.0,0.0,0.0,0.0,0.0,0.0,0.0,0.0
NO,NO,Norway,2021,99.0,6646.0,952.1123287671232,510.0,0.0,49.0,2.695890410958904,0.0,0.0,0.0,0.0,0.0,3426.0,41249.0,17864.01095890411,17241.0,1.0,105757.0,11752.350684931507,3443.0,0.0,126376.0,10764.402739726027,2680.0,0.0,0.0,0.0,0.0,0.0,0.0,0.0,0.0,0.0,0.0,0.0,0.0,0.0,0.0,0.0,0.0,0.0,0.0,0.0,0.0,0.0,0.0,0.0,0.0,0.0,0.0,0.0,0.0,0.0,0.0,0.0,0.0
NO,NO,Norway,2022,39.0,29479.0,4202.699604743083,446.0,0.0,206.0,10.347826086956522,0.0,0.0,0.0,0.0,0.0,0.0,50366.0,7469.537549407115,1682.0,0.0,2351.0,209.52173913043478,66.0,0.0,5217.0,487.1501976284585,151.0,0.0,0.0,0.0,0.0,0.0,0.0,0.0,0.0,0.0,0.0,0.0,0.0,0.0,0.0,0.0,0.0,0.0,0.0,0.0,0.0,0.0,0.0,0.0,0.0,0.0,0.0,0.0,0.0,0.0,0.0,0.0,0.0
NP,NP,Nepal,2021,77.0,8777.0,1961.92,1543.5,0.0,193.0,28.993333333333332,19.0,0.0,0.0,0.0,0.0,0.0,22353.0,12275.68,12445.0,0.0,1819524.0,80920.05333333333,31624.5,0.0,1011548.0,62502.21333333333,26730.0,0.0,0.0,0.0,0.0,0.0,0.0,0.0,0.0,0.0,0.0,0.0,0.0,0.0,0.0,0.0,0.0,0.0,0.0,0.0,0.0,0.0,0.0,0.0,0.0,0.0,0.0,0.0,0.0,0.0,0.0,0.0,0.0
NP,NP,Nepal,2022,2.0,8730.0,227.136,18.0,0.0,14.0,0.568,0.0,0.0,0.0,0.0,0.0,0.0,25909.0,1425.576,0.0,0.0,3073053.0,115736.024,11577.0,0.0,1393959.0,100700.8,20544.0,0.0,0.0,0.0,0.0,0.0,0.0,0.0,0.0,0.0,0.0,0.0,0.0,0.0,0.0,0.0,0.0,0.0,0.0,0.0,0.0,0.0,0.0,0.0,0.0,0.0,0.0,0.0,0.0,0.0,0.0,0.0,0.0
NR,NR,Nauru,2021,0.0,0.0,0.0,0.0,0.0,0.0,0.0,0.0,0.0,0.0,0.0,0.0,0.0,0.0,0.0,0.0,0.0,6692.0,692.0,46.0,0.0,3895.0,494.27272727272725,0.0,0.0,0.0,0.0,0.0,0.0,0.0,0.0,0.0,0.0,0.0,0.0,0.0,0.0,0.0,0.0,0.0,0.0,0.0,0.0,0.0,0.0,0.0,0.0,0.0,0.0,0.0,0.0,0.0,0.0,0.0,0.0,0.0
NR,NR,Nauru,2022,0.0,215.0,43.0,0.0,0.0,0.0,0.0,0.0,0.0,0.0,0.0,0.0,0.0,0.0,0.0,0.0,152.0,1386.0,576.2,347.0,0.0,911.0,266.8,113.0,0.0,0.0,0.0,0.0,0.0,0.0,0.0,0.0,0.0,0.0,0.0,0.0,0.0,0.0,0.0,0.0,0.0,0.0,0.0,0.0,0.0,0.0,0.0,0.0,0.0,0.0,0.0,0.0,0.0,0.0,0.0,0.0
NU,NU,Niue,2021,0.0,0.0,0.0,0.0,0.0,0.0,0.0,0.0,0.0,0.0,0.0,0.0,0.0,0.0,0.0,0.0,0.0,698.0,268.0,138.0,0.0,1118.0,251.2,0.0,0.0,0.0,0.0,0.0,0.0,0.0,0.0,0.0,0.0,0.0,0.0,0.0,0.0,0.0,0.0,0.0,0.0,0.0,0.0,0.0,0.0,0.0,0.0,0.0,0.0,0.0,0.0,0.0,0.0,0.0,0.0,0.0
NU,NU,Niue,2022,0.0,1.0,0.5,0.5,0.0,0.0,0.0,0.0,0.0,0.0,0.0,0.0,0.0,0.0,0.0,0.0,0.0,310.0,155.0,155.0,19.0,129.0,74.0,74.0,0.0,0.0,0.0,0.0,0.0,0.0,0.0,0.0,0.0,0.0,0.0,0.0,0.0,0.0,0.0,0.0,0.0,0.0,0.0,0.0,0.0,0.0,0.0,0.0,0.0,0.0,0.0,0.0,0.0,0.0,0.0,0.0
NZ,NZ,New Zealand,2021,0.0,226.0,37.24764890282132,6.0,0.0,3.0,0.08150470219435736,0.0,0.0,0.0,0.0,0.0,0.0,52117.0,8132.551724137931,4512.0,0.0,67914.0,12450.504702194357,7450.0,0.0,91758.0,12087.971786833856,8758.0,0.0,0.0,0.0,0.0,0.0,0.0,0.0,0.0,0.0,0.0,0.0,0.0,0.0,0.0,0.0,0.0,0.0,0.0,0.0,0.0,0.0,0.0,0.0,0.0,0.0,0.0,0.0,0.0,0.0,0.0,0.0,0.0
NZ,NZ,New Zealand,2022,0.0,23937.0,6765.73046875,6279.5,0.0,98.0,11.34375,9.0,0.0,0.0,0.0,0.0,0.0,31015.0,1088.8515625,0.0,9.0,16629.0,1271.515625,110.5,56.0,7987.0,1076.48828125,528.5,0.0,0.0,0.0,0.0,0.0,0.0,0.0,0.0,0.0,0.0,0.0,0.0,0.0,0.0,0.0,0.0,0.0,0.0,0.0,0.0,0.0,0.0,0.0,0.0,0.0,0.0,0.0,0.0,0.0,0.0,0.0,0.0
OM,OM,Oman,2020,0.0,148.0,76.0,78.0,0.0,2.0,1.0,1.0,0.0,0.0,0.0,0.0,0.0,0.0,0.0,0.0,0.0,1680.0,1199.75,1559.5,0.0,0.0,0.0,0.0,0.0,0.0,0.0,0.0,0.0,0.0,0.0,0.0,0.0,0.0,0.0,0.0,0.0,0.0,0.0,0.0,0.0,0.0,0.0,0.0,0.0,0.0,0.0,0.0,0.0,0.0,0.0,0.0,0.0,0.0,0.0,0.0
OM,OM,Oman,2021,0.0,2529.0,467.1038961038961,197.0,0.0,37.0,4.961038961038961,2.0,0.0,0.0,0.0,0.0,0.0,0.0,0.0,0.0,0.0,457230.0,40459.454545454544,2093.0,0.0,395680.0,37682.87012987013,0.0,0.0,0.0,0.0,0.0,0.0,0.0,0.0,0.0,0.0,0.0,0.0,0.0,0.0,0.0,0.0,0.0,0.0,0.0,0.0,0.0,0.0,0.0,0.0,0.0,0.0,0.0,0.0,0.0,0.0,0.0,0.0,0.0
OM,OM,Oman,2022,0.0,2828.0,608.5263157894736,69.0,0.0,8.0,1.0,0.0,0.0,0.0,0.0,0.0,0.0,0.0,0.0,0.0,360.0,32544.0,7860.473684210527,2487.0,0.0,34213.0,7500.368421052632,2930.0,0.0,0.0,0.0,0.0,0.0,0.0,0.0,0.0,0.0,0.0,0.0,0.0,0.0,0.0,0.0,0.0,0.0,0.0,0.0,0.0,0.0,0.0,0.0,0.0,0.0,0.0,0.0,0.0,0.0,0.0,0.0,0.0
PA,PA,Panama,2021,113.0,2243.0,673.2125,541.0,0.0,54.0,12.925,10.0,0.0,0.0,0.0,0.0,2796.0,13302.0,7041.3125,6386.5,0.0,467564.0,39002.0125,10529.5,0.0,449276.0,35023.45,4076.0,0.0,0.0,0.0,0.0,0.0,0.0,0.0,0.0,0.0,0.0,0.0,0.0,0.0,0.0,0.0,0.0,0.0,0.0,0.0,0.0,0.0,0.0,0.0,0.0,0.0,0.0,0.0,0.0,0.0,0.0,0.0,0.0
PA,PA,Panama,2022,0.0,9973.0,2341.595238095238,1659.5,0.0,20.0,5.380952380952381,3.5,0.0,0.0,0.0,0.0,0.0,16832.0,3833.190476190476,0.0,0.0,43488.0,8994.261904761905,2633.5,0.0,27924.0,8108.380952380952,5092.5,0.0,0.0,0.0,0.0,0.0,0.0,0.0,0.0,0.0,0.0,0.0,0.0,0.0,0.0,0.0,0.0,0.0,0.0,0.0,0.0,0.0,0.0,0.0,0.0,0.0,0.0,0.0,0.0,0.0,0.0,0.0,0.0
PE,PE,Peru,2021,272.0,12636.0,3332.1840490797545,1726.0,20.0,847.0,284.07975460122697,89.5,0.0,0.0,0.0,0.0,0.0,0.0,0.0,0.0,0.0,483847.0,76187.93558282209,58362.5,0.0,400386.0,67734.36196319018,53986.5,0.0,0.0,0.0,0.0,0.0,0.0,0.0,0.0,0.0,0.0,0.0,0.0,0.0,0.0,0.0,0.0,0.0,0.0,0.0,0.0,0.0,0.0,0.0,0.0,0.0,0.0,0.0,0.0,0.0,0.0,0.0,0.0
PE,PE,Peru,2022,0.0,58128.0,7208.470588235294,2199.0,0.0,261.0,53.811764705882354,30.0,0.0,0.0,0.0,0.0,0.0,0.0,0.0,0.0,0.0,150177.0,19609.823529411766,6328.0,0.0,95506.0,23847.50588235294,12455.0,0.0,0.0,0.0,0.0,0.0,0.0,0.0,0.0,0.0,0.0,0.0,0.0,0.0,0.0,0.0,0.0,0.0,0.0,0.0,0.0,0.0,0.0,0.0,0.0,0.0,0.0,0.0,0.0,0.0,0.0,0.0,0.0
PF,PF,French Polynesia,2021,0.0,2164.0,220.12765957446808,8.0,0.0,23.0,1.9361702127659575,0.0,0.0,0.0,0.0,0.0,0.0,0.0,0.0,0.0,0.0,13889.0,3571.531914893617,2927.0,0.0,13344.0,3376.276595744681,2897.0,0.0,0.0,0.0,0.0,0.0,0.0,0.0,0.0,0.0,0.0,0.0,0.0,0.0,0.0,0.0,0.0,0.0,0.0,0.0,0.0,0.0,0.0,0.0,0.0,0.0,0.0,0.0,0.0,0.0,0.0,0.0,0.0
PF,PF,French Polynesia,2022,0.0,1778.0,270.15,15.0,0.0,0.0,0.0,0.0,0.0,0.0,0.0,0.0,0.0,0.0,0.0,0.0,0.0,4337.0,917.85,205.0,0.0,13974.0,1269.55,0.0,0.0,0.0,0.0,0.0,0.0,0.0,0.0,0.0,0.0,0.0,0.0,0.0,0.0,0.0,0.0,0.0,0.0,0.0,0.0,0.0,0.0,0.0,0.0,0.0,0.0,0.0,0.0,0.0,0.0,0.0,0.0,0.0
PG,PG,Papua New Guinea,2021,0.0,357.0,107.11538461538461,52.5,0.0,13.0,2.3461538461538463,0.0,0.0,0.0,0.0,0.0,0.0,0.0,0.0,0.0,0.0,70852.0,10919.807692307691,6974.5,0.0,74626.0,8144.2692307692305,0.0,0.0,0.0,0.0,0.0,0.0,0.0,0.0,0.0,0.0,0.0,0.0,0.0,0.0,0.0,0.0,0.0,0.0,0.0,0.0,0.0,0.0,0.0,0.0,0.0,0.0,0.0,0.0,0.0,0.0,0.0,0.0,0.0
PG,PG,Papua New Guinea,2022,0.0,202.0,44.82608695652174,9.0,0.0,18.0,1.434782608695652,0.0,0.0,0.0,0.0,0.0,0.0,0.0,0.0,0.0,0.0,7480.0,2775.5652173913045,2239.0,0.0,7354.0,2965.2608695652175,2507.0,0.0,0.0,0.0,0.0,0.0,0.0,0.0,0.0,0.0,0.0,0.0,0.0,0.0,0.0,0.0,0.0,0.0,0.0,0.0,0.0,0.0,0.0,0.0,0.0,0.0,0.0,0.0,0.0,0.0,0.0,0.0,0.0
PH,PH,Philippines,2021,20.0,22734.0,7007.994565217391,6272.0,0.0,484.0,117.80434782608695,114.0,0.0,2781.0,691.9130434782609,680.5,18930.0,85772.0,49480.108695652176,51195.0,0.0,15592334.0,304947.2880434783,7229.5,0.0,2957199.0,269701.60326086957,102185.0,0.0,0.0,0.0,0.0,0.0,0.0,0.0,0.0,0.0,0.0,0.0,0.0,0.0,0.0,0.0,0.0,0.0,0.0,0.0,0.0,0.0,0.0,0.0,0.0,0.0,0.0,0.0,0.0,0.0,0.0,0.0,0.0
PH,PH,Philippines,2022,0.0,37062.0,8481.241379310344,2066.0,0.0,218.0,55.706896551724135,38.0,0.0,0.0,0.0,0.0,0.0,85330.0,30677.379310344826,24086.0,0.0,12551294.0,364529.4310344828,0.0,0.0,1480306.0,395554.1379310345,330813.0,0.0,0.0,0.0,0.0,0.0,0.0,0.0,0.0,0.0,0.0,0.0,0.0,0.0,0.0,0.0,0.0,0.0,0.0,0.0,0.0,0.0,0.0,0.0,0.0,0.0,0.0,0.0,0.0,0.0,0.0,0.0,0.0
PK,PK,Pakistan,2021,176.0,5661.0,2056.6857142857143,1456.5,2.0,151.0,46.128571428571426,39.5,0.0,0.0,0.0,0.0,29530.0,64690.0,47481.37142857143,46711.5,0.0,3925961.0,692719.1285714286,597297.5,0.0,5708948.0,497313.92142857146,289034.0,0.0,0.0,0.0,0.0,0.0,0.0,0.0,0.0,0.0,0.0,0.0,0.0,0.0,0.0,0.0,0.0,0.0,0.0,0.0,0.0,0.0,0.0,0.0,0.0,0.0,0.0,0.0,0.0,0.0,0.0,0.0,0.0
PK,PK,Pakistan,2022,0.0,18785.0,1050.3125,323.0,0.0,50.0,5.53125,1.0,0.0,0.0,0.0,0.0,0.0,30338787.0,211702.56875,17370.0,1847.0,4134638.0,264289.81875,51828.0,2444.0,13889842.0,380408.15,99023.0,0.0,0.0,0.0,0.0,0.0,0.0,0.0,0.0,0.0,0.0,0.0,0.0,0.0,0.0,0.0,0.0,0.0,0.0,0.0,0.0,0.0,0.0,0.0,0.0,0.0,0.0,0.0,0.0,0.0,0.0,0.0,0.0
PL,PL,Poland,2020,6945.0,13397.0,10443.8,11008.0,102.0,565.0,382.0,400.0,0.0,0.0,0.0,0.0,0.0,0.0,0.0,0.0,2170.0,20329.0,9504.6,10028.0,0.0,0.0,0.0,0.0,0.0,0.0,0.0,0.0,0.0,0.0,0.0,0.0,0.0,0.0,0.0,0.0,0.0,0.0,0.0,0.0,0.0,0.0,0.0,0.0,0.0,0.0,0.0,0.0,0.0,0.0,0.0,0.0,0.0,0.0,0.0,0.0
PL,PL,Poland,2021,38.0,35251.0,7706.947945205479,4683.0,0.0,954.0,188.5150684931507,65.0,0.0,0.0,0.0,0.0,0.0,115051.0,51525.676712328765,46691.0,61.0,282748.0,59336.561643835616,33339.0,0.0,402373.0,50612.05479452055,18276.0,0.0,0.0,0.0,0.0,0.0,0.0,0.0,0.0,0.0,0.0,0.0,0.0,0.0,0.0,0.0,0.0,0.0,0.0,0.0,0.0,0.0,0.0,0.0,0.0,0.0,0.0,0.0,0.0,0.0,0.0,0.0,0.0
PL,PL,Poland,2022,0.0,57659.0,8174.114624505929,3032.0,0.0,684.0,77.9802371541502,16.0,0.0,0.0,0.0,0.0,1674.0,179820.0,38955.06324110672,12682.0,0.0,45909.0,4239.450592885375,975.0,6.0,41768.0,5083.249011857708,983.0,0.0,0.0,0.0,0.0,0.0,0.0,0.0,0.0,0.0,0.0,0.0,0.0,0.0,0.0,0.0,0.0,0.0,0.0,0.0,0.0,0.0,0.0,0.0,0.0,0.0,0.0,0.0,0.0,0.0,0.0,0.0,0.0
PN,PN,Pitcairn Islands,2021,0.0,0.0,0.0,0.0,0.0,0.0,0.0,0.0,0.0,0.0,0.0,0.0,0.0,0.0,0.0,0.0,0.0,0.0,0.0,0.0,0.0,11.0,3.4,0.0,0.0,0.0,0.0,0.0,0.0,0.0,0.0,0.0,0.0,0.0,0.0,0.0,0.0,0.0,0.0,0.0,0.0,0.0,0.0,0.0,0.0,0.0,0.0,0.0,0.0,0.0,0.0,0.0,0.0,0.0,0.0,0.0
PN,PN,Pitcairn Islands,2022,0.0,0.0,0.0,0.0,0.0,0.0,0.0,0.0,0.0,0.0,0.0,0.0,0.0,0.0,0.0,0.0,0.0,0.0,0.0,0.0,0.0,0.0,0.0,0.0,0.0,0.0,0.0,0.0,0.0,0.0,0.0,0.0,0.0,0.0,0.0,0.0,0.0,0.0,0.0,0.0,0.0,0.0,0.0,0.0,0.0,0.0,0.0,0.0,0.0,0.0,0.0,0.0,0.0,0.0,0.0,0.0
PS,PS,Palestine,2021,0.0,3909.0,989.4258064516129,451.0,0.0,33.0,8.096774193548388,5.0,0.0,0.0,0.0,0.0,0.0,12827.0,5638.109677419355,4727.0,0.0,0.0,0.0,0.0,0.0,0.0,0.0,0.0,0.0,0.0,0.0,0.0,0.0,0.0,0.0,0.0,0.0,0.0,0.0,0.0,0.0,0.0,0.0,0.0,0.0,0.0,0.0,0.0,0.0,0.0,0.0,0.0,0.0,0.0,0.0,0.0,0.0,0.0,0.0,0.0
PS,PS,Palestine,2022,0.0,598.0,107.16666666666667,0.0,0.0,6.0,0.6666666666666666,0.0,0.0,0.0,0.0,0.0,0.0,5910.0,454.05555555555554,0.0,0.0,0.0,0.0,0.0,0.0,0.0,0.0,0.0,0.0,0.0,0.0,0.0,0.0,0.0,0.0,0.0,0.0,0.0,0.0,0.0,0.0,0.0,0.0,0.0,0.0,0.0,0.0,0.0,0.0,0.0,0.0,0.0,0.0,0.0,0.0,0.0,0.0,0.0,0.0,0.0
PT,PT,Portugal,2021,393.0,22807.0,3193.830188679245,1626.0,0.0,292.0,33.471698113207545,8.0,0.0,0.0,0.0,0.0,19891.0,161335.0,46884.07547169811,40997.0,0.0,476067.0,176769.79245283018,123246.0,0.0,626910.0,161652.3962264151,60775.0,0.0,0.0,0.0,0.0,0.0,0.0,0.0,0.0,0.0,0.0,0.0,0.0,0.0,0.0,0.0,0.0,0.0,0.0,0.0,0.0,0.0,0.0,0.0,0.0,0.0,0.0,0.0,0.0,0.0,0.0,0.0,0.0
PT,PT,Portugal,2022,2354.0,62242.0,16869.457142857143,11862.0,2.0,50.0,23.514285714285716,20.0,0.0,0.0,0.0,0.0,0.0,263939.0,52837.91428571429,32670.0,801.0,218311.0,10788.885714285714,2455.0,1259.0,99559.0,9908.371428571429,5382.0,0.0,0.0,0.0,0.0,0.0,0.0,0.0,0.0,0.0,0.0,0.0,0.0,0.0,0.0,0.0,0.0,0.0,0.0,0.0,0.0,0.0,0.0,0.0,0.0,0.0,0.0,0.0,0.0,0.0,0.0,0.0,0.0
PW,PW,Palau,2021,0.0,3.0,0.034161490683229816,0.0,0.0,0.0,0.0,0.0,0.0,0.0,0.0,0.0,0.0,0.0,0.0,0.0,0.0,1108.0,56.984472049689444,1.0,0.0,909.0,51.338509316770185,1.0,0.0,0.0,0.0,0.0,0.0,0.0,0.0,0.0,0.0,0.0,0.0,0.0,0.0,0.0,0.0,0.0,0.0,0.0,0.0,0.0,0.0,0.0,0.0,0.0,0.0,0.0,0.0,0.0,0.0,0.0,0.0,0.0
PW,PW,Palau,2022,0.0,492.0,29.725,0.0,0.0,3.0,0.03125,0.0,0.0,0.0,0.0,0.0,0.0,0.0,0.0,0.0,0.0,329.0,11.35,0.0,0.0,217.0,11.34375,0.0,0.0,0.0,0.0,0.0,0.0,0.0,0.0,0.0,0.0,0.0,0.0,0.0,0.0,0.0,0.0,0.0,0.0,0.0,0.0,0.0,0.0,0.0,0.0,0.0,0.0,0.0,0.0,0.0,0.0,0.0,0.0,0.0
PY,PY,Paraguay,2021,21.0,3481.0,1446.867298578199,1507.0,0.0,152.0,61.843601895734594,55.0,0.0,0.0,0.0,0.0,1789.0,9581.0,5169.431279620853,5811.0,0.0,253075.0,16443.701421800946,2366.0,0.0,303752.0,13971.687203791469,835.0,0.0,0.0,0.0,0.0,0.0,0.0,0.0,0.0,0.0,0.0,0.0,0.0,0.0,0.0,0.0,0.0,0.0,0.0,0.0,0.0,0.0,0.0,0.0,0.0,0.0,0.0,0.0,0.0,0.0,0.0,0.0,0.0
PY,PY,Paraguay,2022,0.0,5462.0,1011.25,224.5,0.0,67.0,14.78125,4.5,0.0,0.0,0.0,0.0,0.0,12693.0,2473.0625,0.0,0.0,96599.0,16160.75,10615.0,0.0,66944.0,17776.40625,13812.5,0.0,0.0,0.0,0.0,0.0,0.0,0.0,0.0,0.0,0.0,0.0,0.0,0.0,0.0,0.0,0.0,0.0,0.0,0.0,0.0,0.0,0.0,0.0,0.0,0.0,0.0,0.0,0.0,0.0,0.0,0.0,0.0
QA,QA,Qatar,2020,140.0,140.0,140.0,140.0,0.0,0.0,0.0,0.0,0.0,0.0,0.0,0.0,0.0,0.0,0.0,0.0,0.0,0.0,0.0,0.0,0.0,0.0,0.0,0.0,0.0,0.0,0.0,0.0,0.0,0.0,0.0,0.0,0.0,0.0,0.0,0.0,0.0,0.0,0.0,0.0,0.0,0.0,0.0,0.0,0.0,0.0,0.0,0.0,0.0,0.0,0.0,0.0,0.0,0.0,0.0,0.0
QA,QA,Qatar,2021,0.0,989.0,285.4436090225564,170.0,0.0,10.0,1.2932330827067668,0.0,0.0,0.0,0.0,0.0,0.0,100000.0,13653.616541353384,17912.0,0.0,871973.0,8497.398496240601,0.0,0.0,55038.0,6253.045112781955,0.0,0.0,0.0,0.0,0.0,0.0,0.0,0.0,0.0,0.0,0.0,0.0,0.0,0.0,0.0,0.0,0.0,0.0,0.0,0.0,0.0,0.0,0.0,0.0,0.0,0.0,0.0,0.0,0.0,0.0,0.0,0.0,0.0
QA,QA,Qatar,2022,0.0,4187.0,711.8543046357615,198.0,0.0,4.0,0.3576158940397351,0.0,0.0,0.0,0.0,0.0,0.0,39802.0,18350.258278145695,17451.0,0.0,215626.0,2817.4900662251657,0.0,0.0,357642.0,3757.9933774834435,0.0,0.0,0.0,0.0,0.0,0.0,0.0,0.0,0.0,0.0,0.0,0.0,0.0,0.0,0.0,0.0,0.0,0.0,0.0,0.0,0.0,0.0,0.0,0.0,0.0,0.0,0.0,0.0,0.0,0.0,0.0,0.0,0.0
RO,RO,Romania,2020,2049.0,4875.0,3700.6,4322.0,104.0,171.0,131.8,127.0,2904.0,6737.0,4892.2,4794.0,0.0,0.0,0.0,0.0,0.0,4623.0,1864.8,1101.0,0.0,0.0,0.0,0.0,0.0,0.0,0.0,0.0,0.0,0.0,0.0,0.0,0.0,0.0,0.0,0.0,0.0,0.0,0.0,0.0,0.0,0.0,0.0,0.0,0.0,0.0,0.0,0.0,0.0,0.0,0.0,0.0,0.0,0.0,0.0,0.0
RO,RO,Romania,2021,-16383.0,32211.0,3106.653846153846,1849.5,-446.0,835.0,114.39285714285714,81.0,-13388.0,23339.0,3044.002747252747,2117.0,0.0,0.0,0.0,0.0,0.0,63546.0,15011.587912087913,9877.5,0.0,71266.0,21473.46153846154,15632.0,0.0,0.0,0.0,0.0,0.0,0.0,0.0,0.0,0.0,0.0,0.0,0.0,0.0,0.0,0.0,0.0,0.0,0.0,0.0,0.0,0.0,0.0,0.0,0.0,0.0,0.0,0.0,0.0,0.0,0.0,0.0,0.0
RO,RO,Romania,2022,-17447.0,40018.0,6566.901840490797,2320.0,-183.0,308.0,40.67484662576687,26.0,-29942.0,53016.0,4663.39263803681,0.0,0.0,0.0,0.0,0.0,0.0,2707006.0,16607.398773006134,0.0,0.0,10119.0,1825.484662576687,419.0,0.0,0.0,0.0,0.0,0.0,0.0,0.0,0.0,0.0,0.0,0.0,0.0,0.0,0.0,0.0,0.0,0.0,0.0,0.0,0.0,0.0,0.0,0.0,0.0,0.0,0.0,0.0,0.0,0.0,0.0,0.0,0.0
RS,RS,Serbia,2021,88.0,8171.0,2894.741116751269,2216.0,1.0,67.0,26.076142131979694,21.0,0.0,0.0,0.0,0.0,5550.0,26127.0,14084.431472081218,13695.0,0.0,124733.0,16762.218274111674,8812.0,0.0,290769.0,16039.944162436548,6498.0,0.0,0.0,0.0,0.0,0.0,0.0,0.0,0.0,0.0,0.0,0.0,0.0,0.0,0.0,0.0,0.0,0.0,0.0,0.0,0.0,0.0,0.0,0.0,0.0,0.0,0.0,0.0,0.0,0.0,0.0,0.0,0.0
RS,RS,Serbia,2022,242.0,19214.0,6340.0,3043.5,0.0,67.0,29.325,26.5,0.0,0.0,0.0,0.0,0.0,39473.0,18768.825,16729.0,46.0,6994.0,1122.95,607.0,61.0,13443.0,1766.6,933.5,0.0,0.0,0.0,0.0,0.0,0.0,0.0,0.0,0.0,0.0,0.0,0.0,0.0,0.0,0.0,0.0,0.0,0.0,0.0,0.0,0.0,0.0,0.0,0.0,0.0,0.0,0.0,0.0,0.0,0.0,0.0,0.0
RU,RU,Russia,2020,26509.0,27250.0,26879.5,26879.5,549.0,596.0,572.5,572.5,0.0,0.0,0.0,0.0,0.0,393445.0,196722.5,196722.5,0.0,23500.0,11750.0,11750.0,0.0,0.0,0.0,0.0,0.0,0.0,0.0,0.0,0.0,0.0,0.0,0.0,0.0,0.0,0.0,0.0,0.0,0.0,0.0,0.0,0.0,0.0,0.0,0.0,0.0,0.0,0.0,0.0,0.0,0.0,0.0,0.0,0.0,0.0,0.0,0.0
RU,RU,Russia,2021,7639.0,40993.0,20403.870967741936,20992.0,277.0,1254.0,728.3333333333334,787.0,0.0,0.0,0.0,0.0,0.0,730274.0,148707.70250896056,0.0,8467.0,3158334.0,264416.49103942653,184450.0,0.0,1632828.0,235419.1541218638,164075.0,0.0,0.0,0.0,0.0,0.0,0.0,0.0,0.0,0.0,0.0,0.0,0.0,0.0,0.0,0.0,0.0,0.0,0.0,0.0,0.0,0.0,0.0,0.0,0.0,0.0,0.0,0.0,0.0,0.0,0.0,0.0,0.0
RU,RU,Russia,2022,2541.0,203949.0,45607.20863309353,23280.0,34.0,834.0,369.36690647482015,291.0,0.0,0.0,0.0,0.0,0.0,1118115.0,40503.13669064748,0.0,0.0,412179.0,73443.6834532374,50181.0,0.0,563904.0,70053.43884892086,31371.0,0.0,0.0,0.0,0.0,0.0,0.0,0.0,0.0,0.0,0.0,0.0,0.0,0.0,0.0,0.0,0.0,0.0,0.0,0.0,0.0,0.0,0.0,0.0,0.0,0.0,0.0,0.0,0.0,0.0,0.0,0.0,0.0
RW,RW,Rwanda,2021,0.0,2281.0,277.758064516129,110.0,0.0,17.0,3.596774193548387,2.0,0.0,0.0,0.0,0.0,0.0,25704.0,4443.8387096774195,0.0,0.0,2855281.0,123062.53225806452,10060.0,0.0,2915328.0,86862.64516129032,0.0,0.0,0.0,0.0,0.0,0.0,0.0,0.0,0.0,0.0,0.0,0.0,0.0,0.0,0.0,0.0,0.0,0.0,0.0,0.0,0.0,0.0,0.0,0.0,0.0,0.0,0.0,0.0,0.0,0.0,0.0,0.0,0.0
RW,RW,Rwanda,2022,0.0,247.0,42.05263157894737,11.0,0.0,4.0,0.3684210526315789,0.0,0.0,0.0,0.0,0.0,0.0,25520.0,6696.263157894737,5345.0,0.0,1798572.0,174224.47368421053,31045.0,0.0,1609543.0,265978.1052631579,74179.0,0.0,0.0,0.0,0.0,0.0,0.0,0.0,0.0,0.0,0.0,0.0,0.0,0.0,0.0,0.0,0.0,0.0,0.0,0.0,0.0,0.0,0.0,0.0,0.0,0.0,0.0,0.0,0.0,0.0,0.0,0.0,0.0
SA,SA,Saudi Arabia,2021,24.0,1567.0,580.5623003194888,410.0,1.0,19.0,7.731629392971246,7.0,0.0,0.0,0.0,0.0,10557.0,117620.0,63734.07028753994,57626.0,0.0,240334.0,29146.722044728434,8553.0,0.0,413447.0,69443.4249201278,23182.0,0.0,0.0,0.0,0.0,0.0,0.0,0.0,0.0,0.0,0.0,0.0,0.0,0.0,0.0,0.0,0.0,0.0,0.0,0.0,0.0,0.0,0.0,0.0,0.0,0.0,0.0,0.0,0.0,0.0,0.0,0.0,0.0
SA,SA,Saudi Arabia,2022,114.0,5928.0,3070.035087719298,3168.0,1.0,4.0,2.0701754385964914,2.0,0.0,0.0,0.0,0.0,0.0,212831.0,122452.61403508772,127853.0,1889.0,903215.0,32401.280701754386,15133.0,1634.0,1062573.0,36507.54385964912,19616.0,0.0,0.0,0.0,0.0,0.0,0.0,0.0,0.0,0.0,0.0,0.0,0.0,0.0,0.0,0.0,0.0,0.0,0.0,0.0,0.0,0.0,0.0,0.0,0.0,0.0,0.0,0.0,0.0,0.0,0.0,0.0,0.0
SB,SB,Solomon Islands,2021,0.0,0.0,0.0,0.0,0.0,0.0,0.0,0.0,0.0,0.0,0.0,0.0,0.0,0.0,0.0,0.0,0.0,30187.0,6665.666666666667,3898.0,0.0,7473.0,1943.1851851851852,1295.0,0.0,0.0,0.0,0.0,0.0,0.0,0.0,0.0,0.0,0.0,0.0,0.0,0.0,0.0,0.0,0.0,0.0,0.0,0.0,0.0,0.0,0.0,0.0,0.0,0.0,0.0,0.0,0.0,0.0,0.0,0.0,0.0
SB,SB,Solomon Islands,2022,0.0,621.0,131.54166666666666,0.0,0.0,7.0,0.7916666666666666,0.0,0.0,0.0,0.0,0.0,0.0,0.0,0.0,0.0,0.0,32175.0,5192.375,4074.0,0.0,17990.0,6049.875,5069.0,0.0,0.0,0.0,0.0,0.0,0.0,0.0,0.0,0.0,0.0,0.0,0.0,0.0,0.0,0.0,0.0,0.0,0.0,0.0,0.0,0.0,0.0,0.0,0.0,0.0,0.0,0.0,0.0,0.0,0.0,0.0,0.0
SC,SC,Seychelles,2021,0.0,484.0,70.01282051282051,50.5,0.0,8.0,0.23076923076923078,0.0,0.0,0.0,0.0,0.0,0.0,0.0,0.0,0.0,0.0,4389.0,1055.7435897435898,484.5,0.0,4580.0,1003.3076923076923,415.5,0.0,0.0,0.0,0.0,0.0,0.0,0.0,0.0,0.0,0.0,0.0,0.0,0.0,0.0,0.0,0.0,0.0,0.0,0.0,0.0,0.0,0.0,0.0,0.0,0.0,0.0,0.0,0.0,0.0,0.0,0.0,0.0
SC,SC,Seychelles,2022,0.0,579.0,59.526315789473685,29.0,0.0,9.0,0.47368421052631576,0.0,0.0,0.0,0.0,0.0,0.0,0.0,0.0,0.0,0.0,1071.0,160.47368421052633,68.0,0.0,1061.0,154.78947368421052,87.0,0.0,0.0,0.0,0.0,0.0,0.0,0.0,0.0,0.0,0.0,0.0,0.0,0.0,0.0,0.0,0.0,0.0,0.0,0.0,0.0,0.0,0.0,0.0,0.0,0.0,0.0,0.0,0.0,0.0,0.0,0.0,0.0
SD,SD,Sudan,2021,0.0,272.0,59.04347826086956,24.0,0.0,38.0,6.260869565217392,4.0,0.0,0.0,0.0,0.0,0.0,0.0,0.0,0.0,0.0,1628210.0,120976.65217391304,29363.0,0.0,652540.0,52019.782608695656,3462.0,0.0,0.0,0.0,0.0,0.0,0.0,0.0,0.0,0.0,0.0,0.0,0.0,0.0,0.0,0.0,0.0,0.0,0.0,0.0,0.0,0.0,0.0,0.0,0.0,0.0,0.0,0.0,0.0,0.0,0.0,0.0,0.0
SD,SD,Sudan,2022,0.0,936.0,151.30769230769232,11.0,0.0,15.0,2.3076923076923075,0.0,0.0,0.0,0.0,0.0,0.0,0.0,0.0,0.0,0.0,1213678.0,297600.3846153846,68413.0,0.0,905574.0,254044.46153846153,181141.0,0.0,0.0,0.0,0.0,0.0,0.0,0.0,0.0,0.0,0.0,0.0,0.0,0.0,0.0,0.0,0.0,0.0,0.0,0.0,0.0,0.0,0.0,0.0,0.0,0.0,0.0,0.0,0.0,0.0,0.0,0.0,0.0
SE,SE,Sweden,2021,0.0,2754.0,825.8823529411765,620.0,0.0,83.0,12.450980392156863,6.0,0.0,0.0,0.0,0.0,10292.0,56966.0,30197.92156862745,29034.0,0.0,411447.0,150513.92156862744,108532.0,0.0,469921.0,143938.45098039217,76213.0,0.0,0.0,0.0,0.0,0.0,0.0,0.0,0.0,0.0,0.0,0.0,0.0,0.0,0.0,0.0,0.0,0.0,0.0,0.0,0.0,0.0,0.0,0.0,0.0,0.0,0.0,0.0,0.0,0.0,0.0,0.0,0.0
SE,SE,Sweden,2022,64.0,30983.0,3056.675675675676,308.0,0.0,50.0,17.54054054054054,13.0,0.0,0.0,0.0,0.0,0.0,87153.0,12173.837837837838,2944.0,442.0,25316.0,4533.135135135135,1782.0,575.0,53529.0,8705.0,2671.0,0.0,0.0,0.0,0.0,0.0,0.0,0.0,0.0,0.0,0.0,0.0,0.0,0.0,0.0,0.0,0.0,0.0,0.0,0.0,0.0,0.0,0.0,0.0,0.0,0.0,0.0,0.0,0.0,0.0,0.0,0.0,0.0
SG,SG,Singapore,2020,30.0,30.0,30.0,30.0,0.0,0.0,0.0,0.0,0.0,0.0,0.0,0.0,0.0,0.0,0.0,0.0,0.0,5.0,2.5,2.5,0.0,0.0,0.0,0.0,0.0,0.0,0.0,0.0,0.0,0.0,0.0,0.0,0.0,0.0,0.0,0.0,0.0,0.0,0.0,0.0,0.0,0.0,0.0,0.0,0.0,0.0,0.0,0.0,0.0,0.0,0.0,0.0,0.0,0.0,0.0,0.0
SG,SG,Singapore,2021,1.0,5324.0,606.1150684931507,40.0,0.0,18.0,2.191780821917808,0.0,0.0,0.0,0.0,0.0,0.0,0.0,0.0,0.0,4.0,63150.0,13005.22191780822,7597.0,0.0,65155.0,12337.564383561645,8557.0,0.0,0.0,0.0,0.0,0.0,0.0,0.0,0.0,0.0,0.0,0.0,0.0,0.0,0.0,0.0,0.0,0.0,0.0,0.0,0.0,0.0,0.0,0.0,0.0,0.0,0.0,0.0,0.0,0.0,0.0,0.0,0.0
SG,SG,Singapore,2022,0.0,26032.0,6215.219607843137,4498.0,0.0,20.0,3.0313725490196077,2.0,0.0,0.0,0.0,0.0,0.0,279300.0,57249.01960784314,24200.0,2.0,11102.0,1087.6196078431371,212.0,39.0,11354.0,1966.592156862745,1134.0,0.0,0.0,0.0,0.0,0.0,0.0,0.0,0.0,0.0,0.0,0.0,0.0,0.0,0.0,0.0,0.0,0.0,0.0,0.0,0.0,0.0,0.0,0.0,0.0,0.0,0.0,0.0,0.0,0.0,0.0,0.0,0.0
SH,SH,Saint Helena,2021,0.0,0.0,0.0,0.0,0.0,0.0,0.0,0.0,0.0,0.0,0.0,0.0,0.0,0.0,0.0,0.0,0.0,3000.0,709.0,105.0,0.0,2519.0,570.1666666666666,0.0,0.0,0.0,0.0,0.0,0.0,0.0,0.0,0.0,0.0,0.0,0.0,0.0,0.0,0.0,0.0,0.0,0.0,0.0,0.0,0.0,0.0,0.0,0.0,0.0,0.0,0.0,0.0,0.0,0.0,0.0,0.0,0.0
SI,SI,Slovenia,2020,517.0,2412.0,1809.6,1957.0,30.0,36.0,32.6,32.0,37.0,157.0,102.4,98.0,1976.0,14383.0,9837.8,10750.0,0.0,1857.0,1058.2,1326.0,0.0,0.0,0.0,0.0,0.0,0.0,0.0,0.0,0.0,0.0,0.0,0.0,0.0,0.0,0.0,0.0,0.0,0.0,0.0,0.0,0.0,0.0,0.0,0.0,0.0,0.0,0.0,0.0,0.0,0.0,0.0,0.0,0.0,0.0,0.0,0.0
SI,SI,Slovenia,2021,-575.0,4511.0,941.8282548476454,770.0,0.0,40.0,7.706371191135734,6.0,0.0,128.0,38.97783933518006,35.0,1591.0,119597.0,32252.08864265928,28952.0,0.0,29531.0,3717.02216066482,2101.0,0.0,21707.0,3393.4404432132965,1937.0,0.0,0.0,0.0,0.0,0.0,0.0,0.0,0.0,0.0,0.0,0.0,0.0,0.0,0.0,0.0,0.0,0.0,0.0,0.0,0.0,0.0,0.0,0.0,0.0,0.0,0.0,0.0,0.0,0.0,0.0,0.0,0.0
SI,SI,Slovenia,2022,87.0,23433.0,3309.022988505747,1721.5,0.0,25.0,7.660919540229885,7.0,0.0,120.0,22.35632183908046,0.0,0.0,139954.0,31849.459770114943,11081.5,0.0,1008.0,88.29310344827586,22.5,0.0,2184.0,191.00574712643677,40.5,0.0,0.0,0.0,0.0,0.0,0.0,0.0,0.0,0.0,0.0,0.0,0.0,0.0,0.0,0.0,0.0,0.0,0.0,0.0,0.0,0.0,0.0,0.0,0.0,0.0,0.0,0.0,0.0,0.0,0.0,0.0,0.0
SK,SK,Slovakia,2021,1.0,15278.0,1808.5674931129477,842.0,0.0,192.0,39.0633608815427,33.0,0.0,0.0,0.0,0.0,4875.0,798187.0,118886.22038567493,58434.0,0.0,35109.0,7518.738292011019,5560.0,0.0,35873.0,6717.363636363636,3922.0,0.0,0.0,0.0,0.0,0.0,0.0,0.0,0.0,0.0,0.0,0.0,0.0,0.0,0.0,0.0,0.0,0.0,0.0,0.0,0.0,0.0,0.0,0.0,0.0,0.0,0.0,0.0,0.0,0.0,0.0,0.0,0.0
SK,SK,Slovakia,2022,28.0,20582.0,4734.960975609756,1398.0,0.0,64.0,17.121951219512194,15.0,0.0,0.0,0.0,0.0,0.0,102990.0,23438.38048780488,13496.0,0.0,3779.0,314.1219512195122,38.0,0.0,4478.0,534.0926829268293,68.0,0.0,0.0,0.0,0.0,0.0,0.0,0.0,0.0,0.0,0.0,0.0,0.0,0.0,0.0,0.0,0.0,0.0,0.0,0.0,0.0,0.0,0.0,0.0,0.0,0.0,0.0,0.0,0.0,0.0,0.0,0.0,0.0
SL,SL,Sierra Leone,2021,0.0,63.0,6.888888888888889,1.0,0.0,0.0,0.0,0.0,0.0,0.0,0.0,0.0,0.0,0.0,0.0,0.0,0.0,187005.0,26045.59259259259,5669.0,0.0,141110.0,13369.148148148148,975.0,0.0,0.0,0.0,0.0,0.0,0.0,0.0,0.0,0.0,0.0,0.0,0.0,0.0,0.0,0.0,0.0,0.0,0.0,0.0,0.0,0.0,0.0,0.0,0.0,0.0,0.0,0.0,0.0,0.0,0.0,0.0,0.0
SL,SL,Sierra Leone,2022,0.0,32.0,2.5555555555555554,0.0,0.0,0.0,0.0,0.0,0.0,0.0,0.0,0.0,0.0,0.0,0.0,0.0,0.0,400726.0,122297.55555555556,52449.0,0.0,307280.0,101557.44444444444,36376.5,0.0,0.0,0.0,0.0,0.0,0.0,0.0,0.0,0.0,0.0,0.0,0.0,0.0,0.0,0.0,0.0,0.0,0.0,0.0,0.0,0.0,0.0,0.0,0.0,0.0,0.0,0.0,0.0,0.0,0.0,0.0,0.0
SM,SM,San Marino,2021,0.0,121.0,15.066666666666666,5.0,0.0,2.0,0.13333333333333333,0.0,0.0,0.0,0.0,0.0,0.0,0.0,0.0,0.0,0.0,2514.0,231.15238095238095,5.0,0.0,8055.0,205.67619047619047,0.0,0.0,0.0,0.0,0.0,0.0,0.0,0.0,0.0,0.0,0.0,0.0,0.0,0.0,0.0,0.0,0.0,0.0,0.0,0.0,0.0,0.0,0.0,0.0,0.0,0.0,0.0,0.0,0.0,0.0,0.0,0.0,0.0
SM,SM,San Marino,2022,3.0,274.0,112.75,89.5,0.0,2.0,0.1875,0.0,0.0,0.0,0.0,0.0,0.0,0.0,0.0,0.0,0.0,1725.0,128.1875,10.0,0.0,1713.0,125.5,9.5,0.0,0.0,0.0,0.0,0.0,0.0,0.0,0.0,0.0,0.0,0.0,0.0,0.0,0.0,0.0,0.0,0.0,0.0,0.0,0.0,0.0,0.0,0.0,0.0,0.0,0.0,0.0,0.0,0.0,0.0,0.0,0.0
SN,SN,Senegal,2021,1.0,902.0,125.28125,67.0,0.0,31.0,4.5,3.0,0.0,0.0,0.0,0.0,692.0,3079.0,1631.03125,1617.0,0.0,260901.0,13712.510416666666,6150.0,0.0,353361.0,8851.697916666666,0.0,0.0,0.0,0.0,0.0,0.0,0.0,0.0,0.0,0.0,0.0,0.0,0.0,0.0,0.0,0.0,0.0,0.0,0.0,0.0,0.0,0.0,0.0,0.0,0.0,0.0,0.0,0.0,0.0,0.0,0.0,0.0,0.0
SN,SN,Senegal,2022,0.0,663.0,52.666666666666664,13.5,0.0,3.0,0.2777777777777778,0.0,0.0,0.0,0.0,0.0,0.0,2493.0,683.0,393.0,0.0,98596.0,8744.111111111111,1902.0,0.0,45130.0,9557.833333333334,4331.5,0.0,0.0,0.0,0.0,0.0,0.0,0.0,0.0,0.0,0.0,0.0,0.0,0.0,0.0,0.0,0.0,0.0,0.0,0.0,0.0,0.0,0.0,0.0,0.0,0.0,0.0,0.0,0.0,0.0,0.0,0.0,0.0
SO,SO,Somalia,2021,0.0,695.0,36.73913043478261,0.0,0.0,86.0,3.217391304347826,0.0,0.0,0.0,0.0,0.0,0.0,0.0,0.0,0.0,0.0,302965.0,23599.217391304348,2615.0,0.0,244130.0,17588.434782608696,5778.5,0.0,0.0,0.0,0.0,0.0,0.0,0.0,0.0,0.0,0.0,0.0,0.0,0.0,0.0,0.0,0.0,0.0,0.0,0.0,0.0,0.0,0.0,0.0,0.0,0.0,0.0,0.0,0.0,0.0,0.0,0.0,0.0
SO,SO,Somalia,2022,0.0,136.0,6.444444444444445,0.0,0.0,5.0,0.18518518518518517,0.0,0.0,0.0,0.0,0.0,0.0,0.0,0.0,0.0,0.0,466269.0,95650.0,59659.0,0.0,315439.0,68455.0,32191.0,0.0,0.0,0.0,0.0,0.0,0.0,0.0,0.0,0.0,0.0,0.0,0.0,0.0,0.0,0.0,0.0,0.0,0.0,0.0,0.0,0.0,0.0,0.0,0.0,0.0,0.0,0.0,0.0,0.0,0.0,0.0,0.0
SR,SR,Suriname,2021,1.0,649.0,167.56398104265404,122.0,0.0,13.0,3.7393364928909953,3.0,0.0,0.0,0.0,0.0,0.0,1510.0,161.74881516587678,0.0,0.0,11752.0,1239.5497630331754,716.0,0.0,7297.0,1081.3791469194314,925.0,0.0,0.0,0.0,0.0,0.0,0.0,0.0,0.0,0.0,0.0,0.0,0.0,0.0,0.0,0.0,0.0,0.0,0.0,0.0,0.0,0.0,0.0,0.0,0.0,0.0,0.0,0.0,0.0,0.0,0.0,0.0,0.0
SR,SR,Suriname,2022,0.0,1351.0,349.4166666666667,80.0,0.0,5.0,1.125,0.5,0.0,0.0,0.0,0.0,0.0,1921.0,339.375,0.0,2.0,530.0,261.4583333333333,252.5,8.0,1055.0,401.0833333333333,379.0,0.0,0.0,0.0,0.0,0.0,0.0,0.0,0.0,0.0,0.0,0.0,0.0,0.0,0.0,0.0,0.0,0.0,0.0,0.0,0.0,0.0,0.0,0.0,0.0,0.0,0.0,0.0,0.0,0.0,0.0,0.0,0.0
SS,SS,South Sudan,2021,0.0,94.0,12.128205128205128,9.0,0.0,7.0,0.20512820512820512,0.0,0.0,0.0,0.0,0.0,0.0,525.0,26.487179487179485,0.0,0.0,100309.0,5827.2307692307695,1769.0,0.0,66909.0,4617.025641025641,899.0,0.0,0.0,0.0,0.0,0.0,0.0,0.0,0.0,0.0,0.0,0.0,0.0,0.0,0.0,0.0,0.0,0.0,0.0,0.0,0.0,0.0,0.0,0.0,0.0,0.0,0.0,0.0,0.0,0.0,0.0,0.0,0.0
SS,SS,South Sudan,2022,0.0,27.0,5.125,2.0,0.0,0.0,0.0,0.0,0.0,0.0,0.0,0.0,0.0,509.0,21.208333333333332,0.0,0.0,327954.0,67572.70833333333,35625.0,0.0,329401.0,67727.125,35624.0,0.0,0.0,0.0,0.0,0.0,0.0,0.0,0.0,0.0,0.0,0.0,0.0,0.0,0.0,0.0,0.0,0.0,0.0,0.0,0.0,0.0,0.0,0.0,0.0,0.0,0.0,0.0,0.0,0.0,0.0,0.0,0.0
ST,ST,São Tomé and Príncipe,2021,0.0,77.0,6.571428571428571,1.0,0.0,2.0,0.14285714285714285,0.0,0.0,0.0,0.0,0.0,0.0,0.0,0.0,0.0,0.0,13810.0,2468.457142857143,1131.0,0.0,9275.0,1402.3142857142857,159.0,0.0,0.0,0.0,0.0,0.0,0.0,0.0,0.0,0.0,0.0,0.0,0.0,0.0,0.0,0.0,0.0,0.0,0.0,0.0,0.0,0.0,0.0,0.0,0.0,0.0,0.0,0.0,0.0,0.0,0.0,0.0,0.0
ST,ST,São Tomé and Príncipe,2022,0.0,65.0,6.181818181818182,0.0,0.0,0.0,0.0,0.0,0.0,0.0,0.0,0.0,0.0,0.0,0.0,0.0,364.0,22792.0,3705.909090909091,866.0,364.0,16564.0,4697.0,1939.0,0.0,0.0,0.0,0.0,0.0,0.0,0.0,0.0,0.0,0.0,0.0,0.0,0.0,0.0,0.0,0.0,0.0,0.0,0.0,0.0,0.0,0.0,0.0,0.0,0.0,0.0,0.0,0.0,0.0,0.0,0.0,0.0
SV,SV,El Salvador,2021,0.0,2987.0,239.58064516129033,0.0,1.0,19.0,6.916129032258064,5.0,0.0,0.0,0.0,0.0,0.0,2595.0,1116.6129032258063,0.0,0.0,148975.0,28927.090322580647,21580.0,0.0,140400.0,26802.683870967743,17942.0,0.0,0.0,0.0,0.0,0.0,0.0,0.0,0.0,0.0,0.0,0.0,0.0,0.0,0.0,0.0,0.0,0.0,0.0,0.0,0.0,0.0,0.0,0.0,0.0,0.0,0.0,0.0,0.0,0.0,0.0,0.0,0.0
SV,SV,El Salvador,2022,0.0,12677.0,1264.4333333333334,0.0,0.0,8.0,2.5,1.0,0.0,0.0,0.0,0.0,0.0,4747.0,3972.0333333333333,4664.5,551.0,32275.0,4877.933333333333,2887.0,708.0,31912.0,5795.333333333333,3246.0,0.0,0.0,0.0,0.0,0.0,0.0,0.0,0.0,0.0,0.0,0.0,0.0,0.0,0.0,0.0,0.0,0.0,0.0,0.0,0.0,0.0,0.0,0.0,0.0,0.0,0.0,0.0,0.0,0.0,0.0,0.0,0.0
SX,SX,Sint Maarten,2021,0.0,51.0,2.085714285714286,0.0,0.0,3.0,0.08571428571428572,0.0,0.0,0.0,0.0,0.0,0.0,0.0,0.0,0.0,0.0,1534.0,356.0857142857143,170.0,0.0,1436.0,434.48571428571427,240.0,0.0,0.0,0.0,0.0,0.0,0.0,0.0,0.0,0.0,0.0,0.0,0.0,0.0,0.0,0.0,0.0,0.0,0.0,0.0,0.0,0.0,0.0,0.0,0.0,0.0,0.0,0.0,0.0,0.0,0.0,0.0,0.0
SX,SX,Sint Maarten,2022,0.0,0.0,0.0,0.0,0.0,0.0,0.0,0.0,0.0,0.0,0.0,0.0,0.0,0.0,0.0,0.0,0.0,351.0,90.73333333333333,95.0,0.0,303.0,90.13333333333334,72.0,0.0,0.0,0.0,0.0,0.0,0.0,0.0,0.0,0.0,0.0,0.0,0.0,0.0,0.0,0.0,0.0,0.0,0.0,0.0,0.0,0.0,0.0,0.0,0.0,0.0,0.0,0.0,0.0,0.0,0.0,0.0,0.0
SY,SY,Syria,2021,10.0,285.0,123.0,103.0,1.0,13.0,5.842105263157895,5.0,0.0,0.0,0.0,0.0,0.0,0.0,0.0,0.0,0.0,328176.0,62889.26315789474,30800.0,0.0,228830.0,40823.47368421053,6986.0,0.0,0.0,0.0,0.0,0.0,0.0,0.0,0.0,0.0,0.0,0.0,0.0,0.0,0.0,0.0,0.0,0.0,0.0,0.0,0.0,0.0,0.0,0.0,0.0,0.0,0.0,0.0,0.0,0.0,0.0,0.0,0.0
SY,SY,Syria,2022,0.0,132.0,25.153846153846153,3.5,0.0,4.0,1.0,0.0,0.0,0.0,0.0,0.0,0.0,0.0,0.0,0.0,0.0,930309.0,67123.03846153847,25227.5,0.0,230703.0,47774.307692307695,40182.5,0.0,0.0,0.0,0.0,0.0,0.0,0.0,0.0,0.0,0.0,0.0,0.0,0.0,0.0,0.0,0.0,0.0,0.0,0.0,0.0,0.0,0.0,0.0,0.0,0.0,0.0,0.0,0.0,0.0,0.0,0.0,0.0
SZ,SZ,Swaziland,2021,0.0,1469.0,319.71153846153845,84.5,0.0,15.0,3.5961538461538463,2.0,0.0,0.0,0.0,0.0,0.0,0.0,0.0,0.0,0.0,83025.0,6424.7692307692305,3128.0,0.0,61729.0,5637.788461538462,3255.0,0.0,0.0,0.0,0.0,0.0,0.0,0.0,0.0,0.0,0.0,0.0,0.0,0.0,0.0,0.0,0.0,0.0,0.0,0.0,0.0,0.0,0.0,0.0,0.0,0.0,0.0,0.0,0.0,0.0,0.0,0.0,0.0
SZ,SZ,Swaziland,2022,0.0,233.0,53.19047619047619,31.0,0.0,6.0,1.3333333333333333,1.0,0.0,0.0,0.0,0.0,0.0,0.0,0.0,0.0,0.0,81209.0,7506.047619047619,1509.0,0.0,147532.0,8970.333333333334,0.0,0.0,0.0,0.0,0.0,0.0,0.0,0.0,0.0,0.0,0.0,0.0,0.0,0.0,0.0,0.0,0.0,0.0,0.0,0.0,0.0,0.0,0.0,0.0,0.0,0.0,0.0,0.0,0.0,0.0,0.0,0.0,0.0
TC,TC,Turks and Caicos Islands,2021,0.0,18.0,2.9473684210526314,0.0,0.0,0.0,0.0,0.0,0.0,0.0,0.0,0.0,0.0,0.0,0.0,0.0,0.0,6433.0,1537.3684210526317,905.0,0.0,6086.0,901.7368421052631,310.0,0.0,0.0,0.0,0.0,0.0,0.0,0.0,0.0,0.0,0.0,0.0,0.0,0.0,0.0,0.0,0.0,0.0,0.0,0.0,0.0,0.0,0.0,0.0,0.0,0.0,0.0,0.0,0.0,0.0,0.0,0.0,0.0
TC,TC,Turks and Caicos Islands,2022,0.0,4.0,0.8,0.0,0.0,1.0,0.1,0.0,0.0,0.0,0.0,0.0,0.0,0.0,0.0,0.0,72.0,1591.0,312.8,165.5,58.0,1678.0,315.5,158.0,0.0,0.0,0.0,0.0,0.0,0.0,0.0,0.0,0.0,0.0,0.0,0.0,0.0,0.0,0.0,0.0,0.0,0.0,0.0,0.0,0.0,0.0,0.0,0.0,0.0,0.0,0.0,0.0,0.0,0.0,0.0,0.0
TD,TD,Chad,2021,0.0,5.0,0.5588235294117647,0.0,0.0,0.0,0.0,0.0,0.0,0.0,0.0,0.0,0.0,0.0,0.0,0.0,0.0,26390.0,5880.441176470588,3698.0,0.0,13768.0,2264.0882352941176,1633.5,0.0,0.0,0.0,0.0,0.0,0.0,0.0,0.0,0.0,0.0,0.0,0.0,0.0,0.0,0.0,0.0,0.0,0.0,0.0,0.0,0.0,0.0,0.0,0.0,0.0,0.0,0.0,0.0,0.0,0.0,0.0,0.0
TD,TD,Chad,2022,0.0,331.0,24.9375,0.0,0.0,0.0,0.0,0.0,0.0,0.0,0.0,0.0,0.0,0.0,0.0,0.0,0.0,1517886.0,220870.875,4067.0,0.0,1515392.0,220684.625,4098.0,0.0,0.0,0.0,0.0,0.0,0.0,0.0,0.0,0.0,0.0,0.0,0.0,0.0,0.0,0.0,0.0,0.0,0.0,0.0,0.0,0.0,0.0,0.0,0.0,0.0,0.0,0.0,0.0,0.0,0.0,0.0,0.0
TG,TG,Togo,2021,4.0,492.0,92.51851851851852,48.0,0.0,3.0,0.5555555555555556,0.0,0.0,0.0,0.0,0.0,702.0,2458.0,1324.2962962962963,1206.0,0.0,184603.0,51545.851851851854,35758.0,0.0,160990.0,36285.851851851854,20137.0,0.0,0.0,0.0,0.0,0.0,0.0,0.0,0.0,0.0,0.0,0.0,0.0,0.0,0.0,0.0,0.0,0.0,0.0,0.0,0.0,0.0,0.0,0.0,0.0,0.0,0.0,0.0,0.0,0.0,0.0,0.0,0.0
TG,TG,Togo,2022,0.0,362.0,43.4375,8.0,0.0,1.0,0.0625,0.0,0.0,0.0,0.0,0.0,0.0,2343.0,482.75,0.0,0.0,478887.0,47953.9375,8488.5,0.0,279660.0,25605.625,0.0,0.0,0.0,0.0,0.0,0.0,0.0,0.0,0.0,0.0,0.0,0.0,0.0,0.0,0.0,0.0,0.0,0.0,0.0,0.0,0.0,0.0,0.0,0.0,0.0,0.0,0.0,0.0,0.0,0.0,0.0,0.0,0.0
TH,TH,Thailand,2021,26.0,23418.0,7637.225190839695,5931.5,0.0,312.0,75.06870229007633,47.0,27.0,23649.0,7346.755725190839,5718.5,6041.0,82325.0,52074.13358778626,52791.5,0.0,3742415.0,196223.29770992367,155692.5,0.0,5263093.0,176768.48091603053,75369.0,0.0,0.0,0.0,0.0,0.0,0.0,0.0,0.0,0.0,0.0,0.0,0.0,0.0,0.0,0.0,0.0,0.0,0.0,0.0,0.0,0.0,0.0,0.0,0.0,0.0,0.0,0.0,0.0,0.0,0.0,0.0,0.0
TH,TH,Thailand,2022,619.0,28379.0,9520.424124513618,6305.0,9.0,129.0,42.33463035019455,28.0,1201.0,28057.0,9567.280155642024,5775.0,0.0,81637.0,27156.560311284047,20382.0,537.0,146970.0,21640.544747081713,8031.0,698.0,199411.0,27654.75486381323,13266.0,0.0,0.0,0.0,0.0,0.0,0.0,0.0,0.0,0.0,0.0,0.0,0.0,0.0,0.0,0.0,0.0,0.0,0.0,0.0,0.0,0.0,0.0,0.0,0.0,0.0,0.0,0.0,0.0,0.0,0.0,0.0,0.0
TJ,TJ,Tajikistan,2021,0.0,84.0,22.377777777777776,2.0,0.0,3.0,0.26666666666666666,0.0,0.0,0.0,0.0,0.0,0.0,0.0,0.0,0.0,0.0,527667.0,80899.13333333333,49873.0,0.0,434413.0,64069.688888888886,15851.0,0.0,0.0,0.0,0.0,0.0,0.0,0.0,0.0,0.0,0.0,0.0,0.0,0.0,0.0,0.0,0.0,0.0,0.0,0.0,0.0,0.0,0.0,0.0,0.0,0.0,0.0,0.0,0.0,0.0,0.0,0.0,0.0
TJ,TJ,Tajikistan,2022,0.0,31.0,2.6470588235294117,0.0,0.0,0.0,0.0,0.0,0.0,0.0,0.0,0.0,0.0,0.0,0.0,0.0,0.0,527455.0,92539.58823529411,32149.0,13051.0,371673.0,130883.94117647059,112244.0,0.0,0.0,0.0,0.0,0.0,0.0,0.0,0.0,0.0,0.0,0.0,0.0,0.0,0.0,0.0,0.0,0.0,0.0,0.0,0.0,0.0,0.0,0.0,0.0,0.0,0.0,0.0,0.0,0.0,0.0,0.0,0.0
TK,TK,Tokelau,2021,0.0,0.0,0.0,0.0,0.0,0.0,0.0,0.0,0.0,0.0,0.0,0.0,0.0,0.0,0.0,0.0,0.0,953.0,242.0,7.5,0.0,0.0,0.0,0.0,0.0,0.0,0.0,0.0,0.0,0.0,0.0,0.0,0.0,0.0,0.0,0.0,0.0,0.0,0.0,0.0,0.0,0.0,0.0,0.0,0.0,0.0,0.0,0.0,0.0,0.0,0.0,0.0,0.0,0.0,0.0,0.0
TK,TK,Tokelau,2022,0.0,0.0,0.0,0.0,0.0,0.0,0.0,0.0,0.0,0.0,0.0,0.0,0.0,0.0,0.0,0.0,0.0,371.0,185.5,185.5,0.0,157.0,78.5,78.5,0.0,0.0,0.0,0.0,0.0,0.0,0.0,0.0,0.0,0.0,0.0,0.0,0.0,0.0,0.0,0.0,0.0,0.0,0.0,0.0,0.0,0.0,0.0,0.0,0.0,0.0,0.0,0.0,0.0,0.0,0.0,0.0
TL,TL,East Timor,2021,0.0,307.0,85.87878787878788,56.0,0.0,4.0,0.6060606060606061,0.0,0.0,0.0,0.0,0.0,0.0,1289.0,67.48484848484848,0.0,0.0,62335.0,20010.121212121212,18048.0,0.0,43318.0,16152.30303030303,17098.0,0.0,0.0,0.0,0.0,0.0,0.0,0.0,0.0,0.0,0.0,0.0,0.0,0.0,0.0,0.0,0.0,0.0,0.0,0.0,0.0,0.0,0.0,0.0,0.0,0.0,0.0,0.0,0.0,0.0,0.0,0.0,0.0
TL,TL,East Timor,2022,0.0,216.0,15.766666666666667,2.5,0.0,1.0,0.06666666666666667,0.0,0.0,0.0,0.0,0.0,0.0,0.0,0.0,0.0,752.0,29256.0,6241.933333333333,2696.5,1650.0,26059.0,7019.966666666666,4179.5,0.0,0.0,0.0,0.0,0.0,0.0,0.0,0.0,0.0,0.0,0.0,0.0,0.0,0.0,0.0,0.0,0.0,0.0,0.0,0.0,0.0,0.0,0.0,0.0,0.0,0.0,0.0,0.0,0.0,0.0,0.0,0.0
TM,TM,Turkmenistan,2021,0.0,0.0,0.0,0.0,0.0,0.0,0.0,0.0,0.0,0.0,0.0,0.0,0.0,0.0,0.0,0.0,0.0,0.0,0.0,0.0,0.0,0.0,0.0,0.0,0.0,0.0,0.0,0.0,0.0,0.0,0.0,0.0,0.0,0.0,0.0,0.0,0.0,0.0,0.0,0.0,0.0,0.0,0.0,0.0,0.0,0.0,0.0,0.0,0.0,0.0,0.0,0.0,0.0,0.0,0.0,0.0
TM,TM,Turkmenistan,2022,0.0,0.0,0.0,0.0,0.0,0.0,0.0,0.0,0.0,0.0,0.0,0.0,0.0,0.0,0.0,0.0,2937760.0,2937760.0,2937760.0,2937760.0,2900494.0,2900494.0,2900494.0,2900494.0,0.0,0.0,0.0,0.0,0.0,0.0,0.0,0.0,0.0,0.0,0.0,0.0,0.0,0.0,0.0,0.0,0.0,0.0,0.0,0.0,0.0,0.0,0.0,0.0,0.0,0.0,0.0,0.0,0.0,0.0,0.0,0.0
TN,TN,Tunisia,2021,0.0,9823.0,1655.809917355372,1139.5,0.0,348.0,52.33057851239669,42.5,0.0,0.0,0.0,0.0,0.0,74333.0,3146.8512396694214,0.0,0.0,607537.0,28467.801652892562,16977.5,0.0,441303.0,24454.5826446281,14654.5,0.0,0.0,0.0,0.0,0.0,0.0,0.0,0.0,0.0,0.0,0.0,0.0,0.0,0.0,0.0,0.0,0.0,0.0,0.0,0.0,0.0,0.0,0.0,0.0,0.0,0.0,0.0,0.0,0.0,0.0,0.0,0.0
TN,TN,Tunisia,2022,0.0,12698.0,3445.7906976744184,2228.0,0.0,158.0,31.8953488372093,21.5,0.0,0.0,0.0,0.0,0.0,28762.0,2032.9418604651162,0.0,0.0,1655977.0,23344.6511627907,1537.5,0.0,57790.0,5350.674418604651,2405.5,0.0,0.0,0.0,0.0,0.0,0.0,0.0,0.0,0.0,0.0,0.0,0.0,0.0,0.0,0.0,0.0,0.0,0.0,0.0,0.0,0.0,0.0,0.0,0.0,0.0,0.0,0.0,0.0,0.0,0.0,0.0,0.0
TO,TO,Tonga,2021,0.0,0.0,0.0,0.0,0.0,0.0,0.0,0.0,0.0,0.0,0.0,0.0,0.0,0.0,0.0,0.0,0.0,12289.0,3100.9565217391305,2661.0,0.0,10388.0,2403.391304347826,1237.0,0.0,0.0,0.0,0.0,0.0,0.0,0.0,0.0,0.0,0.0,0.0,0.0,0.0,0.0,0.0,0.0,0.0,0.0,0.0,0.0,0.0,0.0,0.0,0.0,0.0,0.0,0.0,0.0,0.0,0.0,0.0,0.0
TO,TO,Tonga,2022,0.0,1100.0,153.76923076923077,0.0,0.0,0.0,0.0,0.0,0.0,0.0,0.0,0.0,0.0,0.0,0.0,0.0,0.0,4857.0,1316.1538461538462,371.0,0.0,6260.0,1536.6923076923076,640.0,0.0,0.0,0.0,0.0,0.0,0.0,0.0,0.0,0.0,0.0,0.0,0.0,0.0,0.0,0.0,0.0,0.0,0.0,0.0,0.0,0.0,0.0,0.0,0.0,0.0,0.0,0.0,0.0,0.0,0.0,0.0,0.0
TR,TR,Turkey,2021,4418.0,63082.0,20164.732193732194,19944.0,35.0,394.0,167.6039886039886,176.0,0.0,0.0,0.0,0.0,101105.0,372516.0,261805.15384615384,253382.0,0.0,1571868.0,153408.67806267805,75764.0,0.0,994409.0,146063.7094017094,97180.0,0.0,0.0,0.0,0.0,0.0,0.0,0.0,0.0,0.0,0.0,0.0,0.0,0.0,0.0,0.0,0.0,0.0,0.0,0.0,0.0,0.0,0.0,0.0,0.0,0.0,0.0,0.0,0.0,0.0,0.0,0.0,0.0
TR,TR,Turkey,2022,0.0,406322.0,30912.923404255318,3354.0,0.0,380.0,78.28510638297873,17.0,0.0,0.0,0.0,0.0,0.0,468152.0,181599.31489361703,135316.0,70.0,49405.0,4289.391489361702,1431.0,102.0,79573.0,6596.608510638298,1722.0,0.0,0.0,0.0,0.0,0.0,0.0,0.0,0.0,0.0,0.0,0.0,0.0,0.0,0.0,0.0,0.0,0.0,0.0,0.0,0.0,0.0,0.0,0.0,0.0,0.0,0.0,0.0,0.0,0.0,0.0,0.0,0.0
TT,TT,Trinidad and Tobago,2021,0.0,1892.0,316.7649402390438,250.0,0.0,57.0,10.231075697211155,8.0,0.0,0.0,0.0,0.0,0.0,11180.0,1474.2350597609561,920.0,0.0,17682.0,2837.6733067729083,1934.0,0.0,16515.0,2663.430278884462,1633.0,0.0,0.0,0.0,0.0,0.0,0.0,0.0,0.0,0.0,0.0,0.0,0.0,0.0,0.0,0.0,0.0,0.0,0.0,0.0,0.0,0.0,0.0,0.0,0.0,0.0,0.0,0.0,0.0,0.0,0.0,0.0,0.0
TT,TT,Trinidad and Tobago,2022,0.0,1964.0,403.0218579234973,357.0,0.0,45.0,5.836065573770492,4.0,0.0,0.0,0.0,0.0,0.0,14097.0,1008.3497267759562,748.0,0.0,1784.0,224.84699453551912,71.0,0.0,2417.0,262.24590163934425,75.0,0.0,0.0,0.0,0.0,0.0,0.0,0.0,0.0,0.0,0.0,0.0,0.0,0.0,0.0,0.0,0.0,0.0,0.0,0.0,0.0,0.0,0.0,0.0,0.0,0.0,0.0,0.0,0.0,0.0,0.0,0.0,0.0
TV,TV,Tuvalu,2021,0.0,0.0,0.0,0.0,0.0,0.0,0.0,0.0,0.0,0.0,0.0,0.0,0.0,0.0,0.0,0.0,0.0,2372.0,547.1428571428571,42.0,0.0,2224.0,511.85714285714283,0.0,0.0,0.0,0.0,0.0,0.0,0.0,0.0,0.0,0.0,0.0,0.0,0.0,0.0,0.0,0.0,0.0,0.0,0.0,0.0,0.0,0.0,0.0,0.0,0.0,0.0,0.0,0.0,0.0,0.0,0.0,0.0,0.0
TV,TV,Tuvalu,2022,0.0,0.0,0.0,0.0,0.0,0.0,0.0,0.0,0.0,0.0,0.0,0.0,0.0,0.0,0.0,0.0,138.0,2921.0,1074.0,163.0,276.0,2028.0,1043.6666666666667,827.0,0.0,0.0,0.0,0.0,0.0,0.0,0.0,0.0,0.0,0.0,0.0,0.0,0.0,0.0,0.0,0.0,0.0,0.0,0.0,0.0,0.0,0.0,0.0,0.0,0.0,0.0,0.0,0.0,0.0,0.0,0.0,0.0
TW,TW,Taiwan,2021,0.0,594.0,43.43829787234043,9.0,0.0,153.0,2.353191489361702,0.0,-12.0,8783.0,52.719148936170214,0.0,128.0,37365.0,17533.302127659575,18633.0,0.0,602497.0,79629.1829787234,36280.0,0.0,479615.0,68660.43404255318,16831.0,0.0,0.0,0.0,0.0,0.0,0.0,0.0,0.0,0.0,0.0,0.0,0.0,0.0,0.0,0.0,0.0,0.0,0.0,0.0,0.0,0.0,0.0,0.0,0.0,0.0,0.0,0.0,0.0,0.0,0.0,0.0,0.0
TW,TW,Taiwan,2022,26.0,94084.0,24453.62254901961,22335.0,-36.0,276.0,36.916666666666664,0.0,0.0,0.0,0.0,0.0,0.0,117351.0,33450.31862745098,23046.0,0.0,115004.0,14320.53431372549,9257.0,3695.0,185884.0,19853.235294117647,13573.0,0.0,0.0,0.0,0.0,0.0,0.0,0.0,0.0,0.0,0.0,0.0,0.0,0.0,0.0,0.0,0.0,0.0,0.0,0.0,0.0,0.0,0.0,0.0,0.0,0.0,0.0,0.0,0.0,0.0,0.0,0.0,0.0
TZ,TZ,Tanzania,2021,0.0,176.0,41.77777777777778,0.0,0.0,4.0,1.0,0.0,0.0,0.0,0.0,0.0,0.0,0.0,0.0,0.0,0.0,1242897.0,219353.88888888888,45397.0,0.0,615778.0,171168.44444444444,85982.0,0.0,0.0,0.0,0.0,0.0,0.0,0.0,0.0,0.0,0.0,0.0,0.0,0.0,0.0,0.0,0.0,0.0,0.0,0.0,0.0,0.0,0.0,0.0,0.0,0.0,0.0,0.0,0.0,0.0,0.0,0.0,0.0
TZ,TZ,Tanzania,2022,0.0,0.0,0.0,0.0,0.0,0.0,0.0,0.0,0.0,0.0,0.0,0.0,0.0,0.0,0.0,0.0,0.0,3039259.0,1105283.75,838368.0,0.0,3419293.0,1014860.4375,477992.5,0.0,0.0,0.0,0.0,0.0,0.0,0.0,0.0,0.0,0.0,0.0,0.0,0.0,0.0,0.0,0.0,0.0,0.0,0.0,0.0,0.0,0.0,0.0,0.0,0.0,0.0,0.0,0.0,0.0,0.0,0.0,0.0
UA,UA,Ukraine,2021,174.0,27377.0,7580.554838709678,5890.0,2.0,838.0,227.4225806451613,169.0,131.0,29044.0,7468.964516129032,5154.0,0.0,113106.0,24305.52258064516,22822.5,0.0,232698.0,47461.77419354839,36042.0,0.0,212522.0,44372.32258064516,31565.0,0.0,0.0,0.0,0.0,0.0,0.0,0.0,0.0,0.0,0.0,0.0,0.0,0.0,0.0,0.0,0.0,0.0,0.0,0.0,0.0,0.0,0.0,0.0,0.0,0.0,0.0,0.0,0.0,0.0,0.0,0.0,0.0
UA,UA,Ukraine,2022,1746.0,43778.0,21249.50980392157,22026.0,67.0,310.0,171.2549019607843,154.0,0.0,33238.0,9859.176470588236,7202.0,0.0,101202.0,22448.549019607843,0.0,4769.0,61652.0,20803.745098039217,21212.0,0.0,73536.0,27414.823529411766,27938.0,0.0,0.0,0.0,0.0,0.0,0.0,0.0,0.0,0.0,0.0,0.0,0.0,0.0,0.0,0.0,0.0,0.0,0.0,0.0,0.0,0.0,0.0,0.0,0.0,0.0,0.0,0.0,0.0,0.0,0.0,0.0,0.0
UG,UG,Uganda,2021,0.0,1727.0,291.3644859813084,70.0,0.0,58.0,9.205607476635514,1.0,0.0,0.0,0.0,0.0,0.0,11266.0,3540.411214953271,2928.0,0.0,2686932.0,78082.31775700934,4519.0,0.0,497497.0,13139.70093457944,0.0,0.0,0.0,0.0,0.0,0.0,0.0,0.0,0.0,0.0,0.0,0.0,0.0,0.0,0.0,0.0,0.0,0.0,0.0,0.0,0.0,0.0,0.0,0.0,0.0,0.0,0.0,0.0,0.0,0.0,0.0,0.0,0.0
UG,UG,Uganda,2022,0.0,984.0,94.72,27.0,0.0,10.0,1.24,0.0,0.0,0.0,0.0,0.0,0.0,8784.0,880.36,0.0,0.0,2055671.0,401251.24,194160.0,0.0,5028610.0,446085.32,127262.0,0.0,0.0,0.0,0.0,0.0,0.0,0.0,0.0,0.0,0.0,0.0,0.0,0.0,0.0,0.0,0.0,0.0,0.0,0.0,0.0,0.0,0.0,0.0,0.0,0.0,0.0,0.0,0.0,0.0,0.0,0.0,0.0
US,US,United States of America,2020,146250.0,242528.0,197527.52631578947,197440.0,1616.0,3721.0,2679.7368421052633,2724.0,0.0,0.0,0.0,0.0,950263.0,2281252.0,1677575.5789473683,1887954.0,4538.0,824450.0,291346.05263157893,191865.0,0.0,7994.0,1939.421052631579,1099.0,0.0,0.0,0.0,0.0,0.0,0.0,0.0,0.0,0.0,0.0,0.0,0.0,0.0,0.0,0.0,0.0,0.0,0.0,0.0,0.0,0.0,0.0,0.0,0.0,0.0,0.0,0.0,0.0,0.0,0.0,0.0,0.0
US,US,United States of America,2021,8173.0,557592.0,91460.94520547945,70739.0,102.0,4021.0,1199.8191780821917,956.0,0.0,0.0,0.0,0.0,260390.0,2420469.0,1283474.8219178081,1295034.0,2103.0,2556390.0,653717.3753424657,446937.0,-935815.0,3373440.0,580270.104109589,374417.0,0.0,0.0,0.0,0.0,-118562.0,1447130.0,271825.41095890413,197101.0,0.0,0.0,0.0,0.0,-147515.0,1234022.0,161271.90410958903,72048.0,0.0,0.0,0.0,0.0,-16887.0,884558.0,44161.25753424658,24237.0,0.0,0.0,0.0,0.0,0.0,0.0,0.0,0.0
US,US,United States of America,2022,6983.0,1235521.0,150900.91050583657,95608.0,10.0,4133.0,841.2996108949417,534.0,0.0,0.0,0.0,0.0,0.0,3201706.0,720427.6498054474,655648.0,0.0,399436.0,74993.05836575876,53105.0,-209997.0,770265.0,73004.1906614786,48162.0,0.0,0.0,0.0,0.0,-163622.0,565599.0,51083.72373540856,31119.0,0.0,0.0,0.0,0.0,-5514.0,211711.0,17919.1673151751,12558.0,0.0,0.0,0.0,0.0,-35705.0,44655.0,2987.782101167315,1898.0,0.0,0.0,0.0,0.0,0.0,0.0,0.0,0.0
UY,UY,Uruguay,2021,52.0,7289.0,1158.5746753246754,306.5,-1.0,88.0,18.08116883116883,5.0,0.0,0.0,0.0,0.0,3119.0,32319.0,11069.155844155845,10096.5,0.0,48386.0,8954.905844155845,1993.0,0.0,43913.0,8641.737012987012,1964.0,0.0,0.0,0.0,0.0,0.0,0.0,0.0,0.0,0.0,0.0,0.0,0.0,0.0,0.0,0.0,0.0,0.0,0.0,0.0,0.0,0.0,0.0,0.0,0.0,0.0,0.0,0.0,0.0,0.0,0.0,0.0,0.0
UY,UY,Uruguay,2022,0.0,13612.0,2452.2758620689656,596.5,0.0,39.0,5.538793103448276,1.0,0.0,0.0,0.0,0.0,0.0,37352.0,7163.556034482759,0.0,0.0,12632.0,1045.280172413793,150.5,0.0,9614.0,921.5991379310345,261.0,0.0,0.0,0.0,0.0,0.0,0.0,0.0,0.0,0.0,0.0,0.0,0.0,0.0,0.0,0.0,0.0,0.0,0.0,0.0,0.0,0.0,0.0,0.0,0.0,0.0,0.0,0.0,0.0,0.0,0.0,0.0,0.0
UZ,UZ,Uzbekistan,2021,124.0,966.0,404.1454545454545,316.0,0.0,8.0,3.3454545454545452,3.0,0.0,0.0,0.0,0.0,0.0,0.0,0.0,0.0,0.0,2044215.0,164152.06363636363,90188.0,0.0,5220317.0,99868.35454545454,0.0,0.0,0.0,0.0,0.0,0.0,0.0,0.0,0.0,0.0,0.0,0.0,0.0,0.0,0.0,0.0,0.0,0.0,0.0,0.0,0.0,0.0,0.0,0.0,0.0,0.0,0.0,0.0,0.0,0.0,0.0,0.0,0.0
UZ,UZ,Uzbekistan,2022,3.0,1015.0,207.12,27.0,0.0,4.0,1.04,0.0,0.0,0.0,0.0,0.0,0.0,0.0,0.0,0.0,0.0,761752.0,119782.64,87750.0,0.0,823566.0,215722.28,166337.0,0.0,0.0,0.0,0.0,0.0,0.0,0.0,0.0,0.0,0.0,0.0,0.0,0.0,0.0,0.0,0.0,0.0,0.0,0.0,0.0,0.0,0.0,0.0,0.0,0.0,0.0,0.0,0.0,0.0,0.0,0.0,0.0
VC,VC,Saint Vincent and the Grenadines,2021,0.0,113.0,17.732394366197184,5.0,0.0,9.0,0.4647887323943662,0.0,0.0,0.0,0.0,0.0,0.0,368.0,16.098591549295776,0.0,0.0,2647.0,345.6619718309859,169.0,0.0,1611.0,230.43661971830986,26.0,0.0,0.0,0.0,0.0,0.0,0.0,0.0,0.0,0.0,0.0,0.0,0.0,0.0,0.0,0.0,0.0,0.0,0.0,0.0,0.0,0.0,0.0,0.0,0.0,0.0,0.0,0.0,0.0,0.0,0.0,0.0,0.0
VC,VC,Saint Vincent and the Grenadines,2022,0.0,96.0,9.018181818181818,2.0,0.0,2.0,0.05454545454545454,0.0,0.0,0.0,0.0,0.0,0.0,79.0,8.709090909090909,0.0,0.0,644.0,66.49090909090908,23.0,0.0,1151.0,91.2,28.0,0.0,0.0,0.0,0.0,0.0,0.0,0.0,0.0,0.0,0.0,0.0,0.0,0.0,0.0,0.0,0.0,0.0,0.0,0.0,0.0,0.0,0.0,0.0,0.0,0.0,0.0,0.0,0.0,0.0,0.0,0.0,0.0
VE,VE,Venezuela,2021,386.0,1504.0,971.4285714285714,973.0,4.0,19.0,12.857142857142858,15.0,0.0,0.0,0.0,0.0,0.0,0.0,0.0,0.0,0.0,3931444.0,875881.8571428572,272066.0,0.0,3081228.0,545543.2857142857,0.0,0.0,0.0,0.0,0.0,0.0,0.0,0.0,0.0,0.0,0.0,0.0,0.0,0.0,0.0,0.0,0.0,0.0,0.0,0.0,0.0,0.0,0.0,0.0,0.0,0.0,0.0,0.0,0.0,0.0,0.0,0.0,0.0
VE,VE,Venezuela,2022,135.0,1989.0,1340.5,1619.0,0.0,8.0,4.5,5.0,0.0,0.0,0.0,0.0,0.0,0.0,0.0,0.0,0.0,2443117.0,940928.25,660298.0,0.0,2060767.0,669766.25,309149.0,0.0,0.0,0.0,0.0,0.0,0.0,0.0,0.0,0.0,0.0,0.0,0.0,0.0,0.0,0.0,0.0,0.0,0.0,0.0,0.0,0.0,0.0,0.0,0.0,0.0,0.0,0.0,0.0,0.0,0.0,0.0,0.0
VG,VG,British Virgin Islands,2021,0.0,179.0,18.03846153846154,0.0,0.0,6.0,0.46153846153846156,0.0,0.0,0.0,0.0,0.0,0.0,0.0,0.0,0.0,0.0,1621.0,276.03846153846155,147.0,0.0,2540.0,508.8076923076923,330.0,0.0,0.0,0.0,0.0,0.0,0.0,0.0,0.0,0.0,0.0,0.0,0.0,0.0,0.0,0.0,0.0,0.0,0.0,0.0,0.0,0.0,0.0,0.0,0.0,0.0,0.0,0.0,0.0,0.0,0.0,0.0,0.0
VG,VG,British Virgin Islands,2022,0.0,36.0,2.238095238095238,0.0,0.0,0.0,0.0,0.0,0.0,0.0,0.0,0.0,0.0,0.0,0.0,0.0,8.0,157.0,48.095238095238095,25.0,15.0,187.0,57.42857142857143,34.0,0.0,0.0,0.0,0.0,0.0,0.0,0.0,0.0,0.0,0.0,0.0,0.0,0.0,0.0,0.0,0.0,0.0,0.0,0.0,0.0,0.0,0.0,0.0,0.0,0.0,0.0,0.0,0.0,0.0,0.0,0.0,0.0
VN,VN,Vietnam,2021,0.0,39132.0,5676.138576779026,4363.0,0.0,804.0,109.33333333333333,53.0,0.0,0.0,0.0,0.0,0.0,884347.0,79742.5617977528,0.0,0.0,2258857.0,290470.0786516854,145853.0,0.0,32178878.0,256278.67415730338,2888.0,0.0,0.0,0.0,0.0,0.0,0.0,0.0,0.0,0.0,0.0,0.0,0.0,0.0,0.0,0.0,0.0,0.0,0.0,0.0,0.0,0.0,0.0,0.0,0.0,0.0,0.0,0.0,0.0,0.0,0.0,0.0,0.0
VN,VN,Vietnam,2022,0.0,424729.0,43635.759398496244,12170.0,0.0,286.0,47.2406015037594,9.0,0.0,0.0,0.0,0.0,0.0,245057.0,22647.954887218046,0.0,0.0,932203.0,90699.2030075188,36558.0,0.0,3510994.0,114514.72180451128,10277.0,0.0,0.0,0.0,0.0,0.0,0.0,0.0,0.0,0.0,0.0,0.0,0.0,0.0,0.0,0.0,0.0,0.0,0.0,0.0,0.0,0.0,0.0,0.0,0.0,0.0,0.0,0.0,0.0,0.0,0.0,0.0,0.0
VU,VU,Vanuatu,2021,0.0,2.0,0.08333333333333333,0.0,0.0,0.0,0.0,0.0,0.0,0.0,0.0,0.0,0.0,0.0,0.0,0.0,0.0,9576.0,4262.833333333333,4201.5,0.0,9761.0,2095.375,2089.0,0.0,0.0,0.0,0.0,0.0,0.0,0.0,0.0,0.0,0.0,0.0,0.0,0.0,0.0,0.0,0.0,0.0,0.0,0.0,0.0,0.0,0.0,0.0,0.0,0.0,0.0,0.0,0.0,0.0,0.0,0.0,0.0
VU,VU,Vanuatu,2022,0.0,84.0,19.818181818181817,3.0,0.0,2.0,0.18181818181818182,0.0,0.0,0.0,0.0,0.0,0.0,0.0,0.0,0.0,0.0,18657.0,3730.090909090909,1722.0,0.0,32978.0,7291.272727272727,4421.0,0.0,0.0,0.0,0.0,0.0,0.0,0.0,0.0,0.0,0.0,0.0,0.0,0.0,0.0,0.0,0.0,0.0,0.0,0.0,0.0,0.0,0.0,0.0,0.0,0.0,0.0,0.0,0.0,0.0,0.0,0.0,0.0
WF,WF,Wallis and Futuna,2021,0.0,11.0,0.6,0.0,0.0,1.0,0.02857142857142857,0.0,0.0,0.0,0.0,0.0,0.0,0.0,0.0,0.0,0.0,1904.0,135.14285714285714,46.0,0.0,2366.0,126.71428571428571,62.0,0.0,0.0,0.0,0.0,0.0,0.0,0.0,0.0,0.0,0.0,0.0,0.0,0.0,0.0,0.0,0.0,0.0,0.0,0.0,0.0,0.0,0.0,0.0,0.0,0.0,0.0,0.0,0.0,0.0,0.0,0.0,0.0
WF,WF,Wallis and Futuna,2022,0.0,0.0,0.0,0.0,0.0,0.0,0.0,0.0,0.0,0.0,0.0,0.0,0.0,0.0,0.0,0.0,0.0,299.0,51.888888888888886,0.0,0.0,263.0,59.333333333333336,0.0,0.0,0.0,0.0,0.0,0.0,0.0,0.0,0.0,0.0,0.0,0.0,0.0,0.0,0.0,0.0,0.0,0.0,0.0,0.0,0.0,0.0,0.0,0.0,0.0,0.0,0.0,0.0,0.0,0.0,0.0,0.0,0.0
WS,WS,Samoa,2021,0.0,1.0,0.034482758620689655,0.0,0.0,0.0,0.0,0.0,0.0,0.0,0.0,0.0,0.0,0.0,0.0,0.0,0.0,15535.0,4621.137931034483,4184.0,0.0,22618.0,4157.586206896552,3252.0,0.0,0.0,0.0,0.0,0.0,0.0,0.0,0.0,0.0,0.0,0.0,0.0,0.0,0.0,0.0,0.0,0.0,0.0,0.0,0.0,0.0,0.0,0.0,0.0,0.0,0.0,0.0,0.0,0.0,0.0,0.0,0.0
WS,WS,Samoa,2022,0.0,267.0,32.94444444444444,0.0,0.0,2.0,0.1111111111111111,0.0,0.0,0.0,0.0,0.0,0.0,0.0,0.0,0.0,0.0,38811.0,4943.5,686.5,0.0,19802.0,4982.777777777777,3035.0,0.0,0.0,0.0,0.0,0.0,0.0,0.0,0.0,0.0,0.0,0.0,0.0,0.0,0.0,0.0,0.0,0.0,0.0,0.0,0.0,0.0,0.0,0.0,0.0,0.0,0.0,0.0,0.0,0.0,0.0,0.0,0.0
YE,YE,Yemen,2021,0.0,22.0,7.384615384615385,5.0,0.0,5.0,1.6153846153846154,0.0,0.0,0.0,0.0,0.0,0.0,0.0,0.0,0.0,0.0,92164.0,24094.076923076922,14475.0,0.0,128852.0,15897.23076923077,0.0,0.0,0.0,0.0,0.0,0.0,0.0,0.0,0.0,0.0,0.0,0.0,0.0,0.0,0.0,0.0,0.0,0.0,0.0,0.0,0.0,0.0,0.0,0.0,0.0,0.0,0.0,0.0,0.0,0.0,0.0,0.0,0.0
YE,YE,Yemen,2022,0.0,54.0,10.473684210526315,0.0,0.0,4.0,0.631578947368421,0.0,0.0,0.0,0.0,0.0,0.0,0.0,0.0,0.0,2148.0,220812.0,20981.63157894737,9624.0,673.0,82567.0,13434.21052631579,9624.0,0.0,0.0,0.0,0.0,0.0,0.0,0.0,0.0,0.0,0.0,0.0,0.0,0.0,0.0,0.0,0.0,0.0,0.0,0.0,0.0,0.0,0.0,0.0,0.0,0.0,0.0,0.0,0.0,0.0,0.0,0.0,0.0
ZA,ZA,South Africa,2021,106.0,26976.0,6218.810185185185,3253.0,1.0,633.0,140.7037037037037,89.5,0.0,0.0,0.0,0.0,0.0,104831.0,39259.08796296296,34913.0,0.0,586841.0,87526.42592592593,64658.5,0.0,774210.0,73293.21296296296,13235.5,0.0,0.0,0.0,0.0,0.0,0.0,0.0,0.0,0.0,0.0,0.0,0.0,0.0,0.0,0.0,0.0,0.0,0.0,0.0,0.0,0.0,0.0,0.0,0.0,0.0,0.0,0.0,0.0,0.0,0.0,0.0,0.0
ZA,ZA,South Africa,2022,0.0,15927.0,2133.75799086758,1420.0,0.0,435.0,37.018264840182646,11.0,0.0,0.0,0.0,0.0,0.0,49970.0,14617.867579908676,15739.0,0.0,107035.0,15452.223744292238,6725.0,0.0,93312.0,16098.739726027397,8283.0,0.0,0.0,0.0,0.0,0.0,0.0,0.0,0.0,0.0,0.0,0.0,0.0,0.0,0.0,0.0,0.0,0.0,0.0,0.0,0.0,0.0,0.0,0.0,0.0,0.0,0.0,0.0,0.0,0.0,0.0,0.0,0.0
ZM,ZM,Zambia,2021,5.0,5555.0,626.5973154362416,182.0,0.0,72.0,10.93288590604027,2.0,0.0,0.0,0.0,0.0,0.0,16629.0,6229.906040268456,5972.0,0.0,495562.0,5413.496644295302,106.0,0.0,74405.0,8163.140939597315,4006.0,0.0,0.0,0.0,0.0,0.0,0.0,0.0,0.0,0.0,0.0,0.0,0.0,0.0,0.0,0.0,0.0,0.0,0.0,0.0,0.0,0.0,0.0,0.0,0.0,0.0,0.0,0.0,0.0,0.0,0.0,0.0,0.0
ZM,ZM,Zambia,2022,0.0,4258.0,416.625,140.0,0.0,14.0,1.4326923076923077,0.0,0.0,0.0,0.0,0.0,0.0,14221.0,2968.355769230769,2730.0,0.0,4299784.0,64750.625,0.0,0.0,393841.0,44565.567307692305,20281.0,0.0,0.0,0.0,0.0,0.0,0.0,0.0,0.0,0.0,0.0,0.0,0.0,0.0,0.0,0.0,0.0,0.0,0.0,0.0,0.0,0.0,0.0,0.0,0.0,0.0,0.0,0.0,0.0,0.0,0.0,0.0,0.0
ZW,ZW,Zimbabwe,2021,0.0,6181.0,571.1909722222222,74.0,0.0,102.0,10.57986111111111,3.0,0.0,0.0,0.0,0.0,535.0,16793.0,4223.75,2976.0,0.0,107256.0,14320.621527777777,9437.0,0.0,103005.0,10885.027777777777,7907.5,0.0,0.0,0.0,0.0,0.0,0.0,0.0,0.0,0.0,0.0,0.0,0.0,0.0,0.0,0.0,0.0,0.0,0.0,0.0,0.0,0.0,0.0,0.0,0.0,0.0,0.0,0.0,0.0,0.0,0.0,0.0,0.0
ZW,ZW,Zimbabwe,2022,0.0,1591.0,184.71818181818182,103.0,0.0,31.0,2.4454545454545453,1.0,0.0,0.0,0.0,0.0,0.0,12941.0,763.7727272727273,0.0,144.0,122061.0,10419.254545454545,3536.0,136.0,108007.0,7251.522727272727,3589.5,0.0,0.0,0.0,0.0,0.0,0.0,0.0,0.0,0.0,0.0,0.0,0.0,0.0,0.0,0.0,0.0,0.0,0.0,0.0,0.0,0.0,0.0,0.0,0.0,0.0,0.0,0.0,0.0,0.0,0.0,0.0,0.0
