Entity,Code,Year,Landline phone subscriptions,Landline Internet subscriptions,Mobile phone subscriptions,Internet users
Afghanistan,AFG,1960,0.0893016,,0,
Afghanistan,AFG,1961,0.0855843,,,
Afghanistan,AFG,1962,0.0855843,,,
Afghanistan,AFG,1963,0.0855843,,,
Afghanistan,AFG,1964,0.0855843,,,
Afghanistan,AFG,1965,0.09722799,,0,
Afghanistan,AFG,1966,0.093408,,,
Afghanistan,AFG,1967,0.093408,,,
Afghanistan,AFG,1968,0.093408,,,
Afghanistan,AFG,1969,0.093408,,,
Afghanistan,AFG,1970,0.14879607,,0,
Afghanistan,AFG,1971,0.143194,,,
Afghanistan,AFG,1972,0.143194,,,
Afghanistan,AFG,1973,0.143194,,,
Afghanistan,AFG,1974,0.143194,,,
Afghanistan,AFG,1975,0.17684723,,0,
Afghanistan,AFG,1976,0.17866817,,0,
Afghanistan,AFG,1977,0.1749781,,0,
Afghanistan,AFG,1978,0.19553497,,0,
Afghanistan,AFG,1979,0.19481966,,0,
Afghanistan,AFG,1980,0.20662098,,0,
Afghanistan,AFG,1981,0.28417253,,0,
Afghanistan,AFG,1982,0.27754956,,0,
Afghanistan,AFG,1983,0.29141486,,0,
Afghanistan,AFG,1984,0.29286334,,0,
Afghanistan,AFG,1985,0.29489484,,0,
Afghanistan,AFG,1986,0.30626577,,0,
Afghanistan,AFG,1987,0.319682,,0,
Afghanistan,AFG,1988,0.32744384,,0,
Afghanistan,AFG,1989,0.32792512,,0,
Afghanistan,AFG,1990,0.301,,0,0
Afghanistan,AFG,1991,0.302,,0,
Afghanistan,AFG,1992,0.218,,0,
Afghanistan,AFG,1993,0.194,,0,
Afghanistan,AFG,1994,0.178,,0,
Afghanistan,AFG,1995,0.17,,0,
Afghanistan,AFG,1996,0.163,,0,
Afghanistan,AFG,1997,0.157,,0,
Afghanistan,AFG,1998,0.151,,0,
Afghanistan,AFG,1999,0.146,,0,
Afghanistan,AFG,2000,0.144,,0,
Afghanistan,AFG,2001,0.143,,0,0.00472257
Afghanistan,AFG,2002,0.155,,0.116942,0.0045614
Afghanistan,AFG,2003,0.161,,0.879776,0.0878913
Afghanistan,AFG,2004,,0.000848873,2.54662,0.105809
Afghanistan,AFG,2005,,0.000901471,4.91711,1.22415
Afghanistan,AFG,2006,,0.00196664,9.9133,2.10712
Afghanistan,AFG,2007,,0.00192977,18.0167,1.9
Afghanistan,AFG,2008,,0.00188803,29.8268,1.84
Afghanistan,AFG,2009,0.0187,0.00364085,38.2289,3.55
Afghanistan,AFG,2010,0.0588,0.00530334,36.1187,4
Afghanistan,AFG,2011,0.046,,47.0152,5
Afghanistan,AFG,2012,0.295,0.00490837,50.1967,5.45455
Afghanistan,AFG,2013,0.303,0.00474343,53.149,5.9
Afghanistan,AFG,2014,0.311,0.00457421,56.1322,7
Afghanistan,AFG,2015,0.325,0.0208887,58.256,8.26
Afghanistan,AFG,2016,0.329,0.0253627,62.2553,11
Afghanistan,AFG,2017,0.333,0.0257279,67.0508,13.5
Afghanistan,AFG,2018,0.348,0.0435429,59.8109,16.8
Afghanistan,AFG,2019,0.356,0.0519942,59.6471,17.6
Afghanistan,AFG,2020,0.373,0.0680079,58.0461,17.0485
Afghanistan,AFG,2021,0.364,0.0664243,56.6945,16.5143
Afghanistan,AFG,2022,0.4,0.0796302,56.2655,17.1917
Afghanistan,AFG,2023,0.439,0.0800873,55.5475,17.7089
Albania,ALB,1960,0.40001425,,0,
Albania,ALB,1961,0.418376,,,
Albania,ALB,1962,0.418376,,,
Albania,ALB,1963,0.418376,,,
Albania,ALB,1964,0.418376,,,
Albania,ALB,1965,0.69614273,,0,
Albania,ALB,1966,0.737855,,,
Albania,ALB,1967,0.737855,,,
Albania,ALB,1968,0.737855,,,
Albania,ALB,1969,0.737855,,,
Albania,ALB,1970,7.4417214,,0,
Albania,ALB,1971,8.04387,,,
Albania,ALB,1972,8.04387,,,
Albania,ALB,1973,8.04387,,,
Albania,ALB,1974,8.04387,,,
Albania,ALB,1975,0.8173209,,0,
Albania,ALB,1976,0.82916903,,0,
Albania,ALB,1977,0.85772103,,0,
Albania,ALB,1978,0.8717707,,0,
Albania,ALB,1979,0.9000392,,0,
Albania,ALB,1980,0.92805,,0,
Albania,ALB,1981,0.9691257,,0,
Albania,ALB,1982,0.98645955,,0,
Albania,ALB,1983,1.003915,,0,
Albania,ALB,1984,1.0218008,,0,
Albania,ALB,1985,1.0491136,,0,
Albania,ALB,1986,1.0913191,,0,
Albania,ALB,1987,1.1119087,,0,
Albania,ALB,1988,1.1339192,,0,
Albania,ALB,1989,1.1745236,,0,
Albania,ALB,1990,1.22,,0,0
Albania,ALB,1991,1.26,,0,
Albania,ALB,1992,1.37,,0,
Albania,ALB,1993,1.31,,0,
Albania,ALB,1994,1.27,,0,
Albania,ALB,1995,1.29,,0,0.0112
Albania,ALB,1996,1.97,,0.07030778,0.0322
Albania,ALB,1997,2.69,,0.1014224,0.0486
Albania,ALB,1998,3.6,,0.17325795,0.065
Albania,ALB,1999,4.4,,0.34311435,0.0814
Albania,ALB,2000,4.82,,0.940923,0.114097
Albania,ALB,2001,6.27,,12.4732,0.325798
Albania,ALB,2002,7.02,,27.153,0.390081
Albania,ALB,2003,8.18,,35.278,0.9719
Albania,ALB,2004,8.86,,40.6495,2.42039
Albania,ALB,2005,9.07,0.0088422,49.7453,6.04389
Albania,ALB,2006,8.39,,62.6026,9.60999
Albania,ALB,2007,9.92,0.33081,76.8284,15.0361
Albania,ALB,2008,11.5,2.13837,62.1342,23.86
Albania,ALB,2009,12.3,3.10656,83.1929,41.2
Albania,ALB,2010,11.4,3.60359,91.9299,45
Albania,ALB,2011,11.6,4.40357,106.474,47
Albania,ALB,2012,10.7,5.5013,120.275,49.4
Albania,ALB,2013,9.67,6.27864,126.772,51.8
Albania,ALB,2014,8.12,7.16191,115.701,54.3
Albania,ALB,2015,7.82,8.37878,117.33,56.9
Albania,ALB,2016,8.58,9.19224,116.284,59.6
Albania,ALB,2017,8.51,10.4757,125.1,62.4
Albania,ALB,2018,8.59,12.5058,93.8031,65.4
Albania,ALB,2019,8.42,15.1193,91.1635,68.5504
Albania,ALB,2020,7.78,17.7209,91.1881,72.2377
Albania,ALB,2021,6.94,19.6304,92.4843,79.3237
Albania,ALB,2022,6.27,20.6989,98.395,82.6137
Albania,ALB,2023,6.16,22.5049,92.9973,83.1356
Algeria,DZA,1960,,,0,
Algeria,DZA,1965,0.58717793,,0,
Algeria,DZA,1966,0.579242,,,
Algeria,DZA,1967,0.579242,,,
Algeria,DZA,1968,0.579242,,,
Algeria,DZA,1969,0.579242,,,
Algeria,DZA,1970,0.6944085,,0,
Algeria,DZA,1971,0.662289,,,
Algeria,DZA,1972,0.662289,,,
Algeria,DZA,1973,0.662289,,,
Algeria,DZA,1974,0.662289,,,
Algeria,DZA,1975,0.81972986,,0,
Algeria,DZA,1976,0.85284,,0,
Algeria,DZA,1977,1.0061753,,0,
Algeria,DZA,1978,1.1739589,,0,
Algeria,DZA,1979,1.4333696,,0,
Algeria,DZA,1980,1.6617414,,0,
Algeria,DZA,1981,1.8753207,,0,
Algeria,DZA,1982,2.0410452,,0,
Algeria,DZA,1983,2.1553845,,0,
Algeria,DZA,1984,2.1749988,,0,
Algeria,DZA,1985,2.4265049,,0,
Algeria,DZA,1986,2.5284374,,0,
Algeria,DZA,1987,2.6916656,,0,
Algeria,DZA,1988,2.8759167,,0,
Algeria,DZA,1989,3.0127194,,0,
Algeria,DZA,1990,3.2,,0.001841832,0
Algeria,DZA,1991,3.4,,0.018294243,
Algeria,DZA,1992,3.61,,0.01787403,
Algeria,DZA,1993,3.92,,0.01747804,
Algeria,DZA,1994,4.02,,0.004825141,0.000361
Algeria,DZA,1995,4.13,,0.016472353,0.00177
Algeria,DZA,1996,4.4,,0.040366217,0.00174
Algeria,DZA,1997,4.73,,0.059031013,0.0103
Algeria,DZA,1998,4.91,,0.060151044,0.0202
Algeria,DZA,1999,5.25,,0.2372629,0.2
Algeria,DZA,2000,5.7,,0.278282,0.491706
Algeria,DZA,2001,6,,0.31917,0.646114
Algeria,DZA,2002,6.14,,1.41805,1.59164
Algeria,DZA,2003,6.46,0.0559426,4.49694,2.19536
Algeria,DZA,2004,7.62,0.110334,14.9637,4.63448
Algeria,DZA,2005,7.77,0.407741,41.2614,5.84394
Algeria,DZA,2006,8.45,0.505599,62.4502,7.37598
Algeria,DZA,2007,8.97,0.839555,80.6177,9.45119
Algeria,DZA,2008,8.82,1.393,77.6388,10.18
Algeria,DZA,2009,7.26,2.30485,92.2215,11.23
Algeria,DZA,2010,8.08,2.487,90.5824,12.5
Algeria,DZA,2011,8.29,2.65762,96.5113,14.9
Algeria,DZA,2012,8.74,3.06737,99.6853,18.2
Algeria,DZA,2013,8.16,3.3321,102.871,22.5
Algeria,DZA,2014,7.9,4.08032,110.44,29.5
Algeria,DZA,2015,8.16,5.6706,108.016,38.2
Algeria,DZA,2016,8.33,7.00004,115.154,42.9455
Algeria,DZA,2017,9.84,7.70046,109.97,47.6911
Algeria,DZA,2018,9.88,7.21567,110.938,49.0385
Algeria,DZA,2019,10.7,8.27527,104.922,55.7907
Algeria,DZA,2020,10.9,8.60645,103.437,63.4727
Algeria,DZA,2021,11.4,9.33184,105.037,72.2124
Algeria,DZA,2022,12.3,10.3517,107.787,74.8319
Algeria,DZA,2023,13.7,12.0087,111.606,76.9081
American Samoa,ASM,1960,,,0,
American Samoa,ASM,1965,,,0,
American Samoa,ASM,1970,,,0,
American Samoa,ASM,1975,,,0,
American Samoa,ASM,1976,,,0,
American Samoa,ASM,1977,,,0,
American Samoa,ASM,1978,,,0,
American Samoa,ASM,1979,,,0,
American Samoa,ASM,1980,,,0,
American Samoa,ASM,1981,,,0,
American Samoa,ASM,1982,13.0064745,,0,
American Samoa,ASM,1983,12.522118,,0,
American Samoa,ASM,1984,12.182981,,0,
American Samoa,ASM,1985,11.849536,,0,
American Samoa,ASM,1986,11.5232525,,0,
American Samoa,ASM,1987,11.2039585,,,
American Samoa,ASM,1988,10.891045,,,
American Samoa,ASM,1989,10.585897,,,
American Samoa,ASM,1990,11.8,,0,0
American Samoa,ASM,1991,11.5,,0,
American Samoa,ASM,1992,12.2,,1.3978194,
American Samoa,ASM,1993,15.9,,1.7587056,
American Samoa,ASM,1994,18.5,,2.2949817,
American Samoa,ASM,1995,18.7,,2.34078,
American Samoa,ASM,1996,18.7,,2.3853211,
American Samoa,ASM,1997,18.6,,2.5189824,
American Samoa,ASM,1998,18.4,,2.6500363,
American Samoa,ASM,1999,18.1,,3.1253254,
American Samoa,ASM,2000,18,,3.50365,
American Samoa,ASM,2001,22.1,,3.77894,
American Samoa,ASM,2002,24.6,,3.56805,
American Samoa,ASM,2003,18.8,,3.68609,
American Samoa,ASM,2004,18.2,,3.96001,
American Samoa,ASM,2005,18.4,,,
American Samoa,ASM,2006,18.4,,,
American Samoa,ASM,2007,18.5,,,
American Samoa,ASM,2008,18.6,,,
American Samoa,ASM,2009,18.7,,,
American Samoa,ASM,2010,18.8,,,
American Samoa,ASM,2012,18.4,,,
American Samoa,ASM,2013,18.5,,,
American Samoa,ASM,2014,18.5,,,
American Samoa,ASM,2015,18.9,,,
American Samoa,ASM,2019,19.9,,,
American Samoa,ASM,2020,20.1,,,
American Samoa,ASM,2021,20.3,,,
American Samoa,ASM,2022,20.1,,,
Andorra,AND,1960,,,0,
Andorra,AND,1965,3.6867719,,0,
Andorra,AND,1966,2.69556,,,
Andorra,AND,1967,2.69556,,,
Andorra,AND,1968,2.69556,,,
Andorra,AND,1969,2.69556,,,
Andorra,AND,1970,9.516616,,0,
Andorra,AND,1971,7.78547,,,
Andorra,AND,1972,7.78547,,,
Andorra,AND,1973,7.78547,,,
Andorra,AND,1974,7.78547,,,
Andorra,AND,1975,13.954413,,0,
Andorra,AND,1976,14.2486515,,0,
Andorra,AND,1977,15.228279,,0,
Andorra,AND,1978,17.01664,,0,
Andorra,AND,1979,18.537285,,0,
Andorra,AND,1980,19.729858,,0,
Andorra,AND,1981,24.181469,,0,
Andorra,AND,1982,26.905539,,0,
Andorra,AND,1983,29.679462,,0,
Andorra,AND,1984,30.819563,,0,
Andorra,AND,1985,31.956175,,0,
Andorra,AND,1986,34.18046,,0,
Andorra,AND,1987,35.446625,,0,
Andorra,AND,1988,36.071617,,0,
Andorra,AND,1989,37.621517,,0,
Andorra,AND,1990,40.9,,0,0
Andorra,AND,1991,41.3,,0,
Andorra,AND,1992,42,,1.3442034,
Andorra,AND,1993,42.3,,1.3185476,
Andorra,AND,1994,43.9,,1.2844667,
Andorra,AND,1995,46.6,,4.4892573,
Andorra,AND,1996,48.4,,8.555349,1.53
Andorra,AND,1997,49.4,,13.323645,3.05
Andorra,AND,1998,50.4,,21.65649,6.89
Andorra,AND,1999,51.1,,31.376133,7.64
Andorra,AND,2000,52.1,,35.8423,10.5388
Andorra,AND,2001,52.4,,44.6896,
Andorra,AND,2002,52.5,1.72616,49.3038,11.2605
Andorra,AND,2003,50.6,5.18234,74.6812,13.5464
Andorra,AND,2004,47.1,8.45207,78.5281,26.838
Andorra,AND,2005,45.8,13.3568,83.3882,37.6058
Andorra,AND,2006,45.9,18.3653,86.7048,48.9368
Andorra,AND,2007,45.4,22.6266,77.559,70.87
Andorra,AND,2008,44.8,24.7584,76.8932,70.04
Andorra,AND,2009,45.2,27.3472,76.9466,78.53
Andorra,AND,2010,47.3,30.3596,81.1526,81
Andorra,AND,2011,49.4,33.1216,83.6224,81
Andorra,AND,2012,49.9,35.017,83.1208,82.7
Andorra,AND,2013,51.3,36.8833,85.0214,84.4
Andorra,AND,2014,51.9,39.017,89.8341,86.1
Andorra,AND,2015,53.8,42.5278,98.8389,87.9
Andorra,AND,2016,53.6,45.0118,105.474,89.7
Andorra,AND,2017,52.1,46.4786,108.912,91.5675
Andorra,AND,2018,52.4,47.4482,109.915,
Andorra,AND,2019,51.9,47.543,114.953,90.7187
Andorra,AND,2020,62.8,48.656,103.877,93.2056
Andorra,AND,2021,63.5,50.2769,119.688,93.8975
Andorra,AND,2022,63.8,51.2051,142.426,94.4855
Andorra,AND,2023,63.9,51.7401,156.097,95.4456
Angola,AGO,1960,0.12443077,,0,
Angola,AGO,1961,0.122201,,,
Angola,AGO,1962,0.122201,,,
Angola,AGO,1963,0.122201,,,
Angola,AGO,1964,0.122201,,,
Angola,AGO,1965,0.17431983,,0,
Angola,AGO,1966,0.173293,,,
Angola,AGO,1967,0.173293,,,
Angola,AGO,1968,0.173293,,,
Angola,AGO,1969,0.173293,,,
Angola,AGO,1970,0.21559945,,0,
Angola,AGO,1971,0.220699,,,
Angola,AGO,1972,0.220699,,,
Angola,AGO,1973,0.220699,,,
Angola,AGO,1974,0.220699,,,
Angola,AGO,1975,0.25594676,,0,
Angola,AGO,1976,0.26146382,,0,
Angola,AGO,1977,0.26624444,,0,
Angola,AGO,1978,0.32168448,,0,
Angola,AGO,1979,0.37298504,,0,
Angola,AGO,1980,0.43217048,,0,
Angola,AGO,1981,0.425189,,0,
Angola,AGO,1982,0.5507898,,0,
Angola,AGO,1983,0.4946799,,0,
Angola,AGO,1984,0.47828472,,0,
Angola,AGO,1985,0.4748952,,0,
Angola,AGO,1986,0.4654213,,0,
Angola,AGO,1987,0.57976127,,0,
Angola,AGO,1988,0.58768964,,0,
Angola,AGO,1989,0.58569,,0,
Angola,AGO,1990,0.602,,0,0
Angola,AGO,1991,0.599,,0,
Angola,AGO,1992,0.394,,0,
Angola,AGO,1993,0.416,,0.008436702,
Angola,AGO,1994,0.4,,0.013549219,
Angola,AGO,1995,0.385,,0.01433269,
Angola,AGO,1996,0.371,,0.02292929,0.000776
Angola,AGO,1997,0.425,,0.04742069,0.00567
Angola,AGO,1998,0.429,,0.063903734,0.0185
Angola,AGO,1999,0.429,,0.15122157,0.072
Angola,AGO,2000,0.401,,0.159347,0.105046
Angola,AGO,2001,0.459,,0.447836,0.136014
Angola,AGO,2002,0.463,,0.807955,0.270377
Angola,AGO,2003,0.474,,1.95054,0.370682
Angola,AGO,2004,0.507,,3.9784,0.464815
Angola,AGO,2005,0.502,,8.35159,1.14337
Angola,AGO,2006,0.49,0.0372615,15.2614,1.5
Angola,AGO,2007,0.454,0.056308,23.8782,1.7
Angola,AGO,2008,0.53,0.0738786,31.3891,1.9
Angola,AGO,2009,1.35,0.0669202,36.1789,2.3
Angola,AGO,2010,1.21,0.064392,40.3668,2.8
Angola,AGO,2011,0.659,0.06531,49.8515,4.7
Angola,AGO,2012,0.828,0.0814699,50.7801,7.7
Angola,AGO,2013,0.821,0.0851575,50.7735,13
Angola,AGO,2014,1.06,0.323076,51.7384,21.3623
Angola,AGO,2015,1.01,0.545394,49.3097,22
Angola,AGO,2016,1.04,0.290319,44.5502,23.2
Angola,AGO,2017,0.533,0.320554,44.0682,26
Angola,AGO,2018,0.549,0.350067,42.4589,29
Angola,AGO,2019,0.385,0.36777,45.8065,32.1294
Angola,AGO,2020,0.356,0.363264,43.7804,36.6347
Angola,AGO,2021,0.348,0.390925,44.3869,39.3876
Angola,AGO,2022,0.264,0.386698,66.6008,42.0719
Angola,AGO,2023,0.236,0.373669,70.052,44.7581
Antigua and Barbuda,ATG,1960,,,0,
Antigua and Barbuda,ATG,1965,,,0,
Antigua and Barbuda,ATG,1970,2.6349237,,0,
Antigua and Barbuda,ATG,1971,2.64892,,,
Antigua and Barbuda,ATG,1972,2.64892,,,
Antigua and Barbuda,ATG,1973,2.64892,,,
Antigua and Barbuda,ATG,1974,2.64892,,,
Antigua and Barbuda,ATG,1975,2.9671273,,0,
Antigua and Barbuda,ATG,1976,2.969214,,0,
Antigua and Barbuda,ATG,1977,,,0,
Antigua and Barbuda,ATG,1978,,,0,
Antigua and Barbuda,ATG,1979,,,0,
Antigua and Barbuda,ATG,1980,,,0,
Antigua and Barbuda,ATG,1981,5.378327,,0,
Antigua and Barbuda,ATG,1982,6.132054,,0,
Antigua and Barbuda,ATG,1983,7.644325,,0,
Antigua and Barbuda,ATG,1984,8.8675375,,0,
Antigua and Barbuda,ATG,1985,10.761284,,0,
Antigua and Barbuda,ATG,1986,12.362468,,0,
Antigua and Barbuda,ATG,1987,14.762326,,0,
Antigua and Barbuda,ATG,1988,17.192335,,0,
Antigua and Barbuda,ATG,1989,20.428688,,,
Antigua and Barbuda,ATG,1990,25.3,,0,0
Antigua and Barbuda,ATG,1991,21.6,,,
Antigua and Barbuda,ATG,1992,26.1,,,
Antigua and Barbuda,ATG,1993,29.3,,,
Antigua and Barbuda,ATG,1994,36.3,,,
Antigua and Barbuda,ATG,1995,38,,,2.2
Antigua and Barbuda,ATG,1996,40.2,,1.8625176,2.86
Antigua and Barbuda,ATG,1997,43.6,,1.9657952,3.48
Antigua and Barbuda,ATG,1998,47,,2.066913,4.07
Antigua and Barbuda,ATG,1999,49.5,,11.5143385,5.3
Antigua and Barbuda,ATG,2000,51.1,,29.3678,6.48223
Antigua and Barbuda,ATG,2001,49,,32.8649,8.89929
Antigua and Barbuda,ATG,2002,49.4,,49.5963,12.5
Antigua and Barbuda,ATG,2003,48.8,,59.1906,17.2286
Antigua and Barbuda,ATG,2004,48.3,2.11131,68.5984,24.2665
Antigua and Barbuda,ATG,2005,45.8,7.28668,108.025,27
Antigua and Barbuda,ATG,2006,46.5,1.91182,136.689,30
Antigua and Barbuda,ATG,2007,46.4,2.77343,137.547,34
Antigua and Barbuda,ATG,2008,45.8,6.0136,164.743,38
Antigua and Barbuda,ATG,2009,44.4,19.0251,160.295,42
Antigua and Barbuda,ATG,2010,42.6,8.34388,196.871,47
Antigua and Barbuda,ATG,2011,41.1,6.94991,203.873,52
Antigua and Barbuda,ATG,2012,38,14.9782,145.979,58
Antigua and Barbuda,ATG,2013,37.6,17.7678,129.858,63.4
Antigua and Barbuda,ATG,2014,22.4,12.1151,135.235,67.78
Antigua and Barbuda,ATG,2015,22.4,11.1846,196.848,70
Antigua and Barbuda,ATG,2016,25,10.2935,200.069,70.9743
Antigua and Barbuda,ATG,2017,26.5,9.94827,203.387,71.9621
Antigua and Barbuda,ATG,2018,,,,72.9637
Antigua and Barbuda,ATG,2019,29.6,8.75618,201.392,73.9792
Antigua and Barbuda,ATG,2020,29.4,8.71023,200.335,75.0089
Antigua and Barbuda,ATG,2021,29.2,8.66279,199.244,76.0528
Antigua and Barbuda,ATG,2022,29.4,10.6818,200.541,77.1648
Antigua and Barbuda,ATG,2023,,,,77.5756
Argentina,ARG,1960,4.4946804,,0,
Argentina,ARG,1961,4.46571,,,
Argentina,ARG,1962,4.46571,,,
Argentina,ARG,1963,4.46571,,,
Argentina,ARG,1964,4.46571,,,
Argentina,ARG,1965,4.987834,,0,
Argentina,ARG,1966,4.96398,,,
Argentina,ARG,1967,4.96398,,,
Argentina,ARG,1968,4.96398,,,
Argentina,ARG,1969,4.96398,,,
Argentina,ARG,1970,5.3978553,,0,
Argentina,ARG,1971,5.38932,,,
Argentina,ARG,1972,5.38932,,,
Argentina,ARG,1973,5.38932,,,
Argentina,ARG,1974,5.38932,,,
Argentina,ARG,1975,6.380539,,0,
Argentina,ARG,1976,6.3825927,,0,
Argentina,ARG,1977,6.33381,,0,
Argentina,ARG,1978,6.3655505,,0,
Argentina,ARG,1979,6.5146146,,0,
Argentina,ARG,1980,6.704775,,0,
Argentina,ARG,1981,7.7235713,,0,
Argentina,ARG,1982,8.1643305,,0,
Argentina,ARG,1983,7.7322884,,0,
Argentina,ARG,1984,8.714098,,0,
Argentina,ARG,1985,8.950652,,0,
Argentina,ARG,1986,9.298747,,0,
Argentina,ARG,1987,9.501304,,0,
Argentina,ARG,1988,10.021069,,0,
Argentina,ARG,1989,9.587833,,0.007150459,
Argentina,ARG,1990,9.24,,0.036767345,0
Argentina,ARG,1991,9.42,,0.07551555,
Argentina,ARG,1992,10.7,,0.13879173,0.00299
Argentina,ARG,1993,11.7,,0.32914805,0.0295
Argentina,ARG,1994,14.4,,0.6992523,0.0437
Argentina,ARG,1995,16.3,,1.1600575,0.0863
Argentina,ARG,1996,17.6,,1.8848037,0.142
Argentina,ARG,1997,19,,5.609433,0.28
Argentina,ARG,1998,19.5,,7.3713126,0.831
Argentina,ARG,1999,19.6,,10.50082,3.28
Argentina,ARG,2000,21.2,,17.4342,7.03868
Argentina,ARG,2001,21.6,0.249835,17.9185,9.78081
Argentina,ARG,2002,20.3,0.389173,17.2676,10.8821
Argentina,ARG,2003,22.4,0.67366,20.4096,11.9137
Argentina,ARG,2004,22.6,1.3986,34.8114,16.0367
Argentina,ARG,2005,24.1,2.36307,56.4973,17.7206
Argentina,ARG,2006,23.9,3.99704,79.5273,20.9272
Argentina,ARG,2007,23.7,6.49728,100.962,25.9466
Argentina,ARG,2008,24.1,7.70515,115.052,28.1126
Argentina,ARG,2009,23.9,8.59391,128.462,34
Argentina,ARG,2010,24,9.75627,138.252,45
Argentina,ARG,2011,23.3,10.956,145.511,51
Argentina,ARG,2012,22.4,12.2115,152.574,55.8
Argentina,ARG,2013,22.7,14.6798,158.191,59.9
Argentina,ARG,2014,22.8,15.153,142.325,64.7
Argentina,ARG,2015,23.2,15.7689,142.241,68.0431
Argentina,ARG,2016,23.2,16.5185,145.147,70.969
Argentina,ARG,2017,22,17.7082,139.758,74.2949
Argentina,ARG,2018,21.9,18.9759,131.224,77.7
Argentina,ARG,2019,17.2,19.5519,125.303,79.947
Argentina,ARG,2020,16.3,21.1798,121.181,85.5144
Argentina,ARG,2021,16.8,23.15,130.353,87.1507
Argentina,ARG,2022,15.5,24.6832,131.484,88.3754
Argentina,ARG,2023,15.4,25.3581,137.706,89.229
Argentina,ARG,2024,,,,89.6672
Armenia,ARM,1960,,,0,
Armenia,ARM,1965,,,0,
Armenia,ARM,1970,,,0,
Armenia,ARM,1975,6.7118883,,0,
Armenia,ARM,1976,7.2506027,,0,
Armenia,ARM,1977,8.430216,,0,
Armenia,ARM,1978,8.88677,,0,
Armenia,ARM,1979,9.363726,,0,
Armenia,ARM,1980,9.569002,,0,
Armenia,ARM,1981,10.732743,,0,
Armenia,ARM,1982,11.242934,,0,
Armenia,ARM,1983,11.734585,,0,
Armenia,ARM,1984,12.224558,,0,
Armenia,ARM,1985,12.723818,,0,
Armenia,ARM,1986,13.224404,,0,
Armenia,ARM,1987,14.02414,,0,
Armenia,ARM,1988,14.880431,,0,
Armenia,ARM,1989,15.3704,,0,
Armenia,ARM,1990,15.8,,0,0
Armenia,ARM,1991,15.8,,0,
Armenia,ARM,1992,16.2,,0,
Armenia,ARM,1993,16.9,,0,
Armenia,ARM,1994,17.4,,0,0.00912
Armenia,ARM,1995,17.6,,0,0.0527
Armenia,ARM,1996,17.7,,0.009093946,0.0946
Armenia,ARM,1997,17.5,,0.15283892,0.112
Armenia,ARM,1998,17.3,,0.24165651,0.129
Armenia,ARM,1999,17.2,,0.2545516,0.971
Armenia,ARM,2000,17.1,,0.55944,1.30047
Armenia,ARM,2001,17.2,0.000194531,0.826884,1.63109
Armenia,ARM,2002,17.8,0.000261812,2.335,1.96041
Armenia,ARM,2003,18.5,0.000329059,3.76374,4.57522
Armenia,ARM,2004,19.2,0.0330847,6.72643,4.89901
Armenia,ARM,2005,19.8,0.0661932,10.5791,5.25298
Armenia,ARM,2006,20.2,,42.1272,5.63179
Armenia,ARM,2007,21,0.1311,63.0765,6.02125
Armenia,ARM,2008,21.2,0.466184,48.7164,6.21
Armenia,ARM,2009,20.4,1.35419,74.4012,15.3
Armenia,ARM,2010,20.2,3.19289,131.875,25
Armenia,ARM,2011,20.1,5.49292,109.85,32
Armenia,ARM,2012,20,7.25581,113.697,37.5
Armenia,ARM,2013,19.8,8.31673,114.5,41.9
Armenia,ARM,2014,19.6,9.33763,118.365,54.6228
Armenia,ARM,2015,18.9,9.80149,118.599,59.1008
Armenia,ARM,2016,18.2,10.2498,117.671,64.346
Armenia,ARM,2017,17.2,10.8173,119.676,64.7449
Armenia,ARM,2018,16.4,11.9399,123,68.2451
Armenia,ARM,2019,15.6,13.2819,124.614,66.5439
Armenia,ARM,2020,14.8,14.8884,120.682,76.5077
Armenia,ARM,2021,14.6,16.2566,125.395,78.6123
Armenia,ARM,2022,12.7,17.7301,130.54,77.0277
Armenia,ARM,2023,11.2,18.5458,134.52,79.9966
Aruba,ABW,1960,,,0,
Aruba,ABW,1965,,,0,
Aruba,ABW,1970,,,0,
Aruba,ABW,1975,,,0,
Aruba,ABW,1976,,,0,
Aruba,ABW,1977,,,0,
Aruba,ABW,1978,,,0,
Aruba,ABW,1979,,,0,
Aruba,ABW,1980,,,0,
Aruba,ABW,1981,,,0,
Aruba,ABW,1982,14.259459,,0,
Aruba,ABW,1983,15.702778,,0,
Aruba,ABW,1984,17.140898,,0,
Aruba,ABW,1985,18.610998,,0,
Aruba,ABW,1986,20.223692,,0,
Aruba,ABW,1987,21.546936,,0,
Aruba,ABW,1988,24.43263,,0,
Aruba,ABW,1989,27.04347,,0,
Aruba,ABW,1990,29,,0,0
Aruba,ABW,1991,28.6,,0,
Aruba,ABW,1992,29.6,,0.028493276,
Aruba,ABW,1993,29.5,,,
Aruba,ABW,1994,29.3,,,
Aruba,ABW,1995,36,,2.229721,
Aruba,ABW,1996,42.8,,3.7775288,2.77
Aruba,ABW,1997,41,,4.1559772,
Aruba,ABW,1998,41.9,,6.377808,
Aruba,ABW,1999,42.3,,13.814221,4.51
Aruba,ABW,2000,42.9,,16.8993,15.4428
Aruba,ABW,2001,41.1,,58.69,17.1
Aruba,ABW,2002,40.6,,67.6304,18.8
Aruba,ABW,2003,40.5,1.51555,75.7794,20.8
Aruba,ABW,2004,40.8,7.46999,105.553,23
Aruba,ABW,2005,40.6,13.0256,109.75,25.4
Aruba,ABW,2006,40.5,14.627,114.297,28
Aruba,ABW,2007,40,16.5612,117.6,30.9
Aruba,ABW,2008,39.3,18.8089,123.517,52
Aruba,ABW,2009,37.1,18.9851,129.26,58
Aruba,ABW,2010,35,19.1951,131.65,62
Aruba,ABW,2011,,,,69
Aruba,ABW,2012,35.4,,132.661,74
Aruba,ABW,2013,34.1,18.7211,135.338,78.9
Aruba,ABW,2014,33.9,18.5735,135.142,83.78
Aruba,ABW,2015,33.6,18.237,135.337,88.6612
Aruba,ABW,2016,,,,93.5425
Aruba,ABW,2017,,,,97.17
Aruba,ABW,2019,32.7,17.7444,131.682,
Aruba,ABW,2020,32.6,17.6909,131.285,
Aruba,ABW,2021,32.5,17.6649,131.092,
Aruba,ABW,2022,32.1,17.4862,130.648,
Australia,AUS,1960,15.184424,,0,
Australia,AUS,1961,15.2505,,,
Australia,AUS,1962,15.2505,,,
Australia,AUS,1963,15.2505,,,
Australia,AUS,1964,15.2505,,,
Australia,AUS,1965,17.69453,,0,
Australia,AUS,1966,17.7669,,,
Australia,AUS,1967,17.7669,,,
Australia,AUS,1968,17.7669,,,
Australia,AUS,1969,17.7669,,,
Australia,AUS,1970,21.468779,,0,
Australia,AUS,1971,21.1365,,,
Australia,AUS,1972,21.1365,,,
Australia,AUS,1973,21.1365,,,
Australia,AUS,1974,21.1365,,,
Australia,AUS,1975,25.484533,,0,
Australia,AUS,1976,26.356895,,0,
Australia,AUS,1977,27.526947,,0,
Australia,AUS,1978,29.019218,,0,
Australia,AUS,1979,30.642607,,0,
Australia,AUS,1980,32.249138,,0,
Australia,AUS,1981,33.95395,,0,
Australia,AUS,1982,35.313915,,0,
Australia,AUS,1983,36.349472,,0,
Australia,AUS,1984,37.553215,,0,
Australia,AUS,1985,39.1927,,0,
Australia,AUS,1986,40.602962,,0,
Australia,AUS,1987,41.922607,,0.027202979,
Australia,AUS,1988,42.91172,,0.19134809,
Australia,AUS,1989,44.17553,,0.56278694,
Australia,AUS,1990,45.5,,1.0848367,0.585
Australia,AUS,1991,46.4,,1.6875546,1.1
Australia,AUS,1992,47.1,,2.8460982,1.77
Australia,AUS,1993,48.2,,3.9134479,1.97
Australia,AUS,1994,49.4,,6.851814,2.23
Australia,AUS,1995,49.2,,12.453481,2.76
Australia,AUS,1996,50.1,,21.908817,3.28
Australia,AUS,1997,50.5,,24.866583,16.4
Australia,AUS,1998,51,,26.43849,30.8
Australia,AUS,1999,51.6,,33.588833,40.8
Australia,AUS,2000,52.5,,44.7511,46.7561
Australia,AUS,2001,51.9,0.63412,57.4839,52.6893
Australia,AUS,2002,53.1,1.31715,64.6582,
Australia,AUS,2003,52.8,2.60754,72.3885,
Australia,AUS,2004,51.7,5.04822,82.2081,
Australia,AUS,2005,49.9,9.93373,90.7636,63
Australia,AUS,2006,48.3,18.9407,95.9663,66
Australia,AUS,2007,46.6,,101.458,69.45
Australia,AUS,2008,43.8,24.8706,103.507,71.67
Australia,AUS,2009,49.2,23.9682,101.914,74.25
Australia,AUS,2010,48,24.8853,101.619,76
Australia,AUS,2011,47,24.6978,105.824,79.4877
Australia,AUS,2012,45.8,25.0956,106.5,79
Australia,AUS,2013,44.5,25.7399,107.332,83.4535
Australia,AUS,2014,38.9,27.7001,106.206,84
Australia,AUS,2015,35.5,28.5118,107.608,84.5605
Australia,AUS,2016,34.9,30.3083,109.129,86.54
Australia,AUS,2017,34.2,32.0326,107.8,86.545
Australia,AUS,2018,32.6,33.5486,110.033,90
Australia,AUS,2019,24.3,34.5434,109.753,93.6099
Australia,AUS,2020,21.2,35.3468,104.93,94.6935
Australia,AUS,2021,25.9,35.836,105.119,96.9722
Australia,AUS,2022,26.1,36.3933,109.469,97.0424
Australia,AUS,2023,24.4,36.6047,112.513,97.0631
Austria,AUT,1960,6.0853443,,0,
Austria,AUT,1961,6.06451,,,
Austria,AUT,1962,6.06451,,,
Austria,AUT,1963,6.06451,,,
Austria,AUT,1964,6.06451,,,
Austria,AUT,1965,9.009768,,0,
Austria,AUT,1966,8.96627,,,
Austria,AUT,1967,8.96627,,,
Austria,AUT,1968,8.96627,,,
Austria,AUT,1969,8.96627,,,
Austria,AUT,1970,12.980055,,0,
Austria,AUT,1971,12.8921,,,
Austria,AUT,1972,12.8921,,,
Austria,AUT,1973,12.8921,,,
Austria,AUT,1974,12.8921,,,
Austria,AUT,1975,19.862936,,0,
Austria,AUT,1976,21.458288,,0,
Austria,AUT,1977,23.089048,,0,
Austria,AUT,1978,24.93304,,0,
Austria,AUT,1979,26.93614,,0,
Austria,AUT,1980,29.029242,,0,
Austria,AUT,1981,30.701864,,0,
Austria,AUT,1982,32.20947,,0,
Austria,AUT,1983,33.706455,,0,
Austria,AUT,1984,34.93843,,0,
Austria,AUT,1985,36.092937,,0.12909089,
Austria,AUT,1986,37.245205,,0.25245637,
Austria,AUT,1987,38.38603,,0.34629798,
Austria,AUT,1988,39.575607,,0.4866188,
Austria,AUT,1989,40.7226,,0.66568315,
Austria,AUT,1990,42,,0.95976824,0.13
Austria,AUT,1991,43.1,,1.4879756,0.259
Austria,AUT,1992,44.2,,2.1994267,0.643
Austria,AUT,1993,45.3,,2.793817,0.765
Austria,AUT,1994,46.5,,3.5058122,1.39
Austria,AUT,1995,47.8,,4.825981,1.89
Austria,AUT,1996,49,,7.5233088,6.91
Austria,AUT,1997,49.8,,14.556125,9.53
Austria,AUT,1998,50.2,,28.74799,15.4
Austria,AUT,1999,49.3,0.6369366,53.18725,23
Austria,AUT,2000,49.9,2.37741,76.3391,33.7301
Austria,AUT,2001,49.7,3.98646,81.3331,39.1855
Austria,AUT,2002,48,5.58055,83.3495,36.56
Austria,AUT,2003,47.7,7.39911,89.5526,42.7
Austria,AUT,2004,46.7,10.6442,97.7795,54.28
Austria,AUT,2005,45.4,14.2663,105.296,58
Austria,AUT,2006,43.6,17.3158,112.226,63.6
Austria,AUT,2007,41.1,19.5493,119.466,69.37
Austria,AUT,2008,39.5,20.7731,129.949,72.87
Austria,AUT,2009,39,22.5106,137.015,73.45
Austria,AUT,2010,40.6,24.5114,146.334,75.17
Austria,AUT,2011,40.4,24.9926,155.155,78.74
Austria,AUT,2012,40.1,25.2645,161.156,80.03
Austria,AUT,2013,39.3,26.3223,156.483,80.6188
Austria,AUT,2014,41.2,27.5977,151.531,80.9958
Austria,AUT,2015,41.8,28.4069,155.837,83.9401
Austria,AUT,2016,40.8,28.8776,126.798,84.3237
Austria,AUT,2017,42.2,28.5426,123.415,87.9356
Austria,AUT,2018,42.2,28.515,124.23,87.4791
Austria,AUT,2019,41.9,28.3632,120.776,87.7522
Austria,AUT,2020,42.4,29.2106,120.132,87.5294
Austria,AUT,2021,42.5,29.2537,121.358,92.5292
Austria,AUT,2022,40.6,29.2343,121.166,93.6141
Austria,AUT,2023,39.5,29.3725,121.746,95.3347
Austria,AUT,2024,,,,94.9197
Azerbaijan,AZE,1960,,,0,
Azerbaijan,AZE,1965,,,0,
Azerbaijan,AZE,1970,,,0,
Azerbaijan,AZE,1975,3.5442965,,0,
Azerbaijan,AZE,1976,3.8196793,,0,
Azerbaijan,AZE,1977,4.414827,,0,
Azerbaijan,AZE,1978,4.670913,,0,
Azerbaijan,AZE,1979,5.0816174,,0,
Azerbaijan,AZE,1980,5.3265986,,0,
Azerbaijan,AZE,1981,6.0254703,,0,
Azerbaijan,AZE,1982,6.2428417,,0,
Azerbaijan,AZE,1983,6.4477367,,0,
Azerbaijan,AZE,1984,6.639887,,0,
Azerbaijan,AZE,1985,6.820352,,0,
Azerbaijan,AZE,1986,7.133557,,0,
Azerbaijan,AZE,1987,7.430582,,0,
Azerbaijan,AZE,1988,7.698504,,0,
Azerbaijan,AZE,1989,8.02844,,0,
Azerbaijan,AZE,1990,8.57,,0,0
Azerbaijan,AZE,1991,8.48,,0,
Azerbaijan,AZE,1992,8.38,,0,
Azerbaijan,AZE,1993,8.27,,0,
Azerbaijan,AZE,1994,8.35,,0.006392325,0.00143
Azerbaijan,AZE,1995,8.28,,0.076052085,0.00206
Azerbaijan,AZE,1996,8.24,,0.21386063,0.00635
Azerbaijan,AZE,1997,8.29,,0.49999613,0.0252
Azerbaijan,AZE,1998,8.48,,0.8083475,0.0375
Azerbaijan,AZE,1999,9.01,,4.567084,0.0992
Azerbaijan,AZE,2000,9.8,,5.14264,0.147758
Azerbaijan,AZE,2001,10.5,,8.84659,0.305565
Azerbaijan,AZE,2002,11.1,0.0120104,9.53864,4.99971
Azerbaijan,AZE,2003,11.2,,12.5837,
Azerbaijan,AZE,2004,11.9,,17.156,
Azerbaijan,AZE,2005,12.7,0.0254035,26.0781,8.03038
Azerbaijan,AZE,2006,13.5,0.0454004,38.1512,11.9922
Azerbaijan,AZE,2007,14.2,0.165377,51.1876,14.54
Azerbaijan,AZE,2008,14.7,0.670943,73.2222,17.08
Azerbaijan,AZE,2009,15.5,1.10542,85.7487,27.4
Azerbaijan,AZE,2010,16.5,5.19627,99.489,46
Azerbaijan,AZE,2011,18.2,10.5213,109.334,50
Azerbaijan,AZE,2012,18.4,14.6072,107.989,54.2
Azerbaijan,AZE,2013,18.5,18.0146,106.583,73
Azerbaijan,AZE,2014,18.6,19.7076,109.567,75
Azerbaijan,AZE,2015,18.4,19.4759,109.682,77
Azerbaijan,AZE,2016,17.2,18.2771,103.248,78.2
Azerbaijan,AZE,2017,16.9,18.1092,101.59,79
Azerbaijan,AZE,2018,16.7,18.8342,102.987,79.8
Azerbaijan,AZE,2019,16.5,19.2178,106.328,81.1
Azerbaijan,AZE,2020,16.2,19.5986,101.597,84.6
Azerbaijan,AZE,2021,16.1,20.0857,105.694,86
Azerbaijan,AZE,2022,15.9,20.3656,107.506,88
Azerbaijan,AZE,2023,15.8,20.8825,107.687,89
Bahamas,BHS,1960,,,0,
Bahamas,BHS,1965,,,0,
Bahamas,BHS,1970,11.388441,,0,
Bahamas,BHS,1971,12.0441,,,
Bahamas,BHS,1972,12.0441,,,
Bahamas,BHS,1973,12.0441,,,
Bahamas,BHS,1974,12.0441,,,
Bahamas,BHS,1975,11.293782,,0,
Bahamas,BHS,1976,12.809565,,0,
Bahamas,BHS,1977,12.587041,,0,
Bahamas,BHS,1978,13.580384,,0,
Bahamas,BHS,1979,13.261874,,0,
Bahamas,BHS,1980,13.890379,,0,
Bahamas,BHS,1981,14.143081,,0,
Bahamas,BHS,1982,17.107637,,0,
Bahamas,BHS,1983,15.332691,,0,
Bahamas,BHS,1984,16.089746,,0,
Bahamas,BHS,1985,17.071991,,0,
Bahamas,BHS,1986,19.311096,,0,
Bahamas,BHS,1987,21.08263,,0,
Bahamas,BHS,1988,22.422558,,0,
Bahamas,BHS,1989,23.2975,,0,
Bahamas,BHS,1990,25.3,,0.71006614,0
Bahamas,BHS,1991,27.8,,0.7317303,
Bahamas,BHS,1992,26.9,,0.9220741,
Bahamas,BHS,1993,26.1,,0.8332061,
Bahamas,BHS,1994,26.6,,,
Bahamas,BHS,1995,27.8,,1.3687015,0.96
Bahamas,BHS,1996,29.2,,1.6226568,1.75
Bahamas,BHS,1997,31.6,,1.9989039,1.36
Bahamas,BHS,1998,33.6,,2.559306,2.34
Bahamas,BHS,1999,34.8,,4.9679646,3.76
Bahamas,BHS,2000,35.3,,9.73459,8
Bahamas,BHS,2001,37.6,1.26252,18.4711,11.8
Bahamas,BHS,2002,38.2,2.27373,36.7171,18
Bahamas,BHS,2003,39.3,3.25996,36.4188,20
Bahamas,BHS,2004,41.2,3.768,54.743,22
Bahamas,BHS,2005,38.7,3.89132,66.2329,25
Bahamas,BHS,2006,37.8,4.7624,72.6192,26
Bahamas,BHS,2007,37.6,5.80188,105.849,27
Bahamas,BHS,2008,37.1,7.12052,99.9805,31.54
Bahamas,BHS,2009,35.5,8.70676,98.898,33.88
Bahamas,BHS,2010,35.2,6.72204,116.572,43
Bahamas,BHS,2011,35.8,4.16863,80.3784,65
Bahamas,BHS,2012,36,20.7554,79.9001,71.7482
Bahamas,BHS,2013,35.9,19.129,75.735,72
Bahamas,BHS,2014,32.9,20.1853,82.3551,76.92
Bahamas,BHS,2015,31.4,21.0247,80.7521,78
Bahamas,BHS,2016,31.2,21.9371,92.8219,80
Bahamas,BHS,2017,29.2,22.2462,90.5387,80.6
Bahamas,BHS,2018,28.9,20.6785,98.9789,83
Bahamas,BHS,2019,23.1,20.8513,107.812,90.6933
Bahamas,BHS,2020,23,20.9668,117.717,92.4437
Bahamas,BHS,2021,21.6,20.7423,100.257,94.3479
Bahamas,BHS,2022,21.8,21.1356,101.624,94.7326
Bahamas,BHS,2023,24.2,23.8163,100.048,94.8186
Bahrain,BHR,1960,,,0,
Bahrain,BHR,1965,1.657928,,0,
Bahrain,BHR,1966,1.70729,,,
Bahrain,BHR,1967,1.70729,,,
Bahrain,BHR,1968,1.70729,,,
Bahrain,BHR,1969,1.70729,,,
Bahrain,BHR,1970,2.830761,,0,
Bahrain,BHR,1971,2.96324,,,
Bahrain,BHR,1972,2.96324,,,
Bahrain,BHR,1973,2.96324,,,
Bahrain,BHR,1974,2.96324,,,
Bahrain,BHR,1975,4.910282,,0,
Bahrain,BHR,1976,5.232566,,0,
Bahrain,BHR,1977,6.1521482,,0,
Bahrain,BHR,1978,6.7274685,,0,
Bahrain,BHR,1979,9.607841,,0,
Bahrain,BHR,1980,11.368055,,0,
Bahrain,BHR,1981,12.088864,,0,
Bahrain,BHR,1982,12.915807,,0,
Bahrain,BHR,1983,14.075579,,0,
Bahrain,BHR,1984,15.345275,,0,
Bahrain,BHR,1985,15.95323,,0,
Bahrain,BHR,1986,16.194502,,0.13727355,
Bahrain,BHR,1987,16.092112,,0.36693788,
Bahrain,BHR,1988,17.171492,,0.59710014,
Bahrain,BHR,1989,17.53516,,0.849607,
Bahrain,BHR,1990,18.3,,0.994747,0
Bahrain,BHR,1991,18.9,,1.373514,
Bahrain,BHR,1992,20.5,,1.7463523,
Bahrain,BHR,1993,22.1,,1.9799358,
Bahrain,BHR,1994,23.5,,2.9693859,
Bahrain,BHR,1995,23.7,,4.5029316,0.346
Bahrain,BHR,1996,23.7,,6.334195,0.843
Bahrain,BHR,1997,24.4,,8.970155,1.65
Bahrain,BHR,1998,24.7,,13.689991,3.22
Bahrain,BHR,1999,25.3,,19.283577,4.72
Bahrain,BHR,2000,25.5,,30.7247,6.15373
Bahrain,BHR,2001,24.8,0.168011,42.8008,15.0386
Bahrain,BHR,2002,23.3,0.662061,51.7138,18.0507
Bahrain,BHR,2003,22.9,1.20021,54.6188,21.5549
Bahrain,BHR,2004,22,1.71624,74.5619,21.4587
Bahrain,BHR,2005,20.8,2.29808,82.2539,21.3037
Bahrain,BHR,2006,19.5,3.8837,91.2343,28.244
Bahrain,BHR,2007,19.2,6.45476,105.539,32.91
Bahrain,BHR,2008,19.7,8.35342,128.559,51.95
Bahrain,BHR,2009,20.1,11.7871,118.449,53
Bahrain,BHR,2010,18.8,12.7684,129.158,55
Bahrain,BHR,2011,22.9,24.158,140.351,77
Bahrain,BHR,2012,24.6,24.2856,174.62,88
Bahrain,BHR,2013,23.2,23.8669,175.802,90
Bahrain,BHR,2014,21.7,21.9044,177.4,90.5031
Bahrain,BHR,2015,20.5,18.4749,183.92,93.4783
Bahrain,BHR,2016,19.6,16.2552,209.489,98
Bahrain,BHR,2017,19.2,13.1015,159.547,95.8781
Bahrain,BHR,2018,18.3,8.43442,139.735,98.6447
Bahrain,BHR,2019,18.4,9.49013,129.143,99.7015
Bahrain,BHR,2020,18.5,10.1824,119.412,99.671
Bahrain,BHR,2021,17.5,16.5058,128.079,100
Bahrain,BHR,2022,17.2,18.0026,139.636,100
Bahrain,BHR,2023,15.7,17.1582,153.9,100
Bahrain,BHR,2024,,,,100
Bangladesh,BGD,1960,,,0,
Bangladesh,BGD,1965,,,0,
Bangladesh,BGD,1970,0.06662535,,0,
Bangladesh,BGD,1971,0.070058,,,
Bangladesh,BGD,1972,0.070058,,,
Bangladesh,BGD,1973,0.070058,,,
Bangladesh,BGD,1974,0.070058,,,
Bangladesh,BGD,1975,0.08032092,,0,
Bangladesh,BGD,1976,0.08902845,,0,
Bangladesh,BGD,1977,0.09726408,,0,
Bangladesh,BGD,1978,0.107489854,,0,
Bangladesh,BGD,1979,0.10865829,,0,
Bangladesh,BGD,1980,0.11318988,,0,
Bangladesh,BGD,1981,0.117230795,,0,
Bangladesh,BGD,1982,0.121957645,,0,
Bangladesh,BGD,1983,0.12584919,,0,
Bangladesh,BGD,1984,0.1294713,,0,
Bangladesh,BGD,1985,0.15777555,,0,
Bangladesh,BGD,1986,0.16678242,,0,
Bangladesh,BGD,1987,0.17354916,,0,
Bangladesh,BGD,1988,0.18220092,,0,
Bangladesh,BGD,1989,0.1830425,,0,
Bangladesh,BGD,1990,0.195,,0,0
Bangladesh,BGD,1991,0.195,,0,
Bangladesh,BGD,1992,0.201,,0.000224674,
Bangladesh,BGD,1993,0.208,,0.000440844,
Bangladesh,BGD,1994,0.218,,0.000954894,
Bangladesh,BGD,1995,0.234,,0.002122361,
Bangladesh,BGD,1996,0.253,,0.003336757,
Bangladesh,BGD,1997,0.289,,0.021304624,0.000751
Bangladesh,BGD,1998,0.318,,0.060313404,0.00368
Bangladesh,BGD,1999,0.328,,0.11754977,0.0362
Bangladesh,BGD,2000,0.365,,0.207367,0.0710394
Bangladesh,BGD,2001,0.413,,0.380101,0.129808
Bangladesh,BGD,2002,0.436,,0.773751,0.13992
Bangladesh,BGD,2003,0.526,,0.968289,0.163878
Bangladesh,BGD,2004,0.581,,1.94647,0.199036
Bangladesh,BGD,2005,0.739,,6.21909,0.241637
Bangladesh,BGD,2006,0.775,,13.0671,1
Bangladesh,BGD,2007,0.802,0.0295359,23.2247,1.8
Bangladesh,BGD,2008,0.899,0.0334506,29.8647,2.5
Bangladesh,BGD,2009,0.818,0.20991,34.0413,3.1
Bangladesh,BGD,2010,0.842,0.272381,44.6275,3.7
Bangladesh,BGD,2011,0.637,0.305031,54.9307,4.5
Bangladesh,BGD,2012,0.62,0.387219,62.6684,5
Bangladesh,BGD,2013,0.691,0.974448,74.4595,6.63
Bangladesh,BGD,2014,0.617,1.95814,80.3128,11.9
Bangladesh,BGD,2015,0.542,3.06992,82.4276,12.9
Bangladesh,BGD,2016,0.476,4.09944,84.5595,18.1
Bangladesh,BGD,2017,0.436,4.50131,93.069,21.5
Bangladesh,BGD,2018,0.887,4.92462,98.9289,25.6
Bangladesh,BGD,2019,0.879,4.90289,100.4,30.4
Bangladesh,BGD,2020,0.836,6.04506,106.002,36.1091
Bangladesh,BGD,2021,0.174,6.64247,110.012,38.9174
Bangladesh,BGD,2022,0.17,7.1702,109.867,41.6165
Bangladesh,BGD,2023,0.176,7.89246,114.355,44.5027
Barbados,BRB,1960,2.9812944,,0,
Barbados,BRB,1961,3.00156,,,
Barbados,BRB,1962,3.00156,,,
Barbados,BRB,1963,3.00156,,,
Barbados,BRB,1964,3.00156,,,
Barbados,BRB,1965,4.544078,,0,
Barbados,BRB,1966,4.58811,,,
Barbados,BRB,1967,4.58811,,,
Barbados,BRB,1968,4.58811,,,
Barbados,BRB,1969,4.58811,,,
Barbados,BRB,1970,7.7391186,,0,
Barbados,BRB,1971,7.82014,,,
Barbados,BRB,1972,7.82014,,,
Barbados,BRB,1973,7.82014,,,
Barbados,BRB,1974,7.82014,,,
Barbados,BRB,1975,10.945809,,0,
Barbados,BRB,1976,11.6613455,,0,
Barbados,BRB,1977,12.542107,,0,
Barbados,BRB,1978,12.96328,,0,
Barbados,BRB,1979,13.381074,,0,
Barbados,BRB,1980,13.620876,,0,
Barbados,BRB,1981,13.7276,,0,
Barbados,BRB,1982,14.93886,,0,
Barbados,BRB,1983,16.341656,,0,
Barbados,BRB,1984,17.898926,,0,
Barbados,BRB,1985,18.800283,,0,
Barbados,BRB,1986,20.006968,,0,
Barbados,BRB,1987,21.279392,,0,
Barbados,BRB,1988,22.989079,,0,
Barbados,BRB,1989,25.55003,,0,
Barbados,BRB,1990,27.9,,0,0
Barbados,BRB,1991,30.1,,0.187354,
Barbados,BRB,1992,30.8,,0.30590442,
Barbados,BRB,1993,31.6,,0.5977103,
Barbados,BRB,1994,32.6,,1.1336889,
Barbados,BRB,1995,34.4,,1.7590277,0.00775
Barbados,BRB,1996,36.8,,2.390846,0.389
Barbados,BRB,1997,41.3,,3.0441754,0.783
Barbados,BRB,1998,43.1,,4.5516267,1.97
Barbados,BRB,1999,43.8,,7.6878524,2.38
Barbados,BRB,2000,47.3,,10.8627,3.97368
Barbados,BRB,2001,49.1,,20.2385,11.9365
Barbados,BRB,2002,50.4,,36.7949,27.8363
Barbados,BRB,2003,50.4,10.279,52.6759,39.6896
Barbados,BRB,2004,50.8,11.085,74.8745,49.8
Barbados,BRB,2005,50.2,11.8873,76.7344,52.5
Barbados,BRB,2006,49.7,14.3703,87.8212,55.3
Barbados,BRB,2007,49.5,17.3738,94.953,58.2
Barbados,BRB,2008,49.5,18.0467,105.848,61.4
Barbados,BRB,2009,49.5,20.9048,122.96,64.7
Barbados,BRB,2010,50,20.4147,127.183,65.1
Barbados,BRB,2011,50.9,22.6821,125.993,66.5
Barbados,BRB,2012,51.8,24.1513,126.128,71.2
Barbados,BRB,2013,53.6,24.4172,110.82,71.8
Barbados,BRB,2014,48.8,27.9255,109.739,71.9
Barbados,BRB,2015,53.6,28.0544,120.001,72
Barbados,BRB,2016,50,31.0757,118.816,72.2
Barbados,BRB,2017,43,31.8877,117.63,72.3
Barbados,BRB,2018,45.6,31.8263,117.319,72.4
Barbados,BRB,2019,45.5,37.9802,117.112,74.1791
Barbados,BRB,2020,45.4,45.4387,104.722,76.002
Barbados,BRB,2021,42.9,36.3513,112.223,77.8697
Barbados,BRB,2022,43,37.4843,114.581,79.4451
Barbados,BRB,2023,,,,79.9923
Belarus,BLR,1960,0.8940085,,0,
Belarus,BLR,1961,0.92309,,,
Belarus,BLR,1962,0.92309,,,
Belarus,BLR,1963,0.92309,,,
Belarus,BLR,1964,0.92309,,,
Belarus,BLR,1965,1.2976412,,0,
Belarus,BLR,1966,1.35086,,,
Belarus,BLR,1967,1.35086,,,
Belarus,BLR,1968,1.35086,,,
Belarus,BLR,1969,1.35086,,,
Belarus,BLR,1970,2.8089194,,0,
Belarus,BLR,1971,2.88998,,,
Belarus,BLR,1972,2.88998,,,
Belarus,BLR,1973,2.88998,,,
Belarus,BLR,1974,2.88998,,,
Belarus,BLR,1975,5.1595993,,0,
Belarus,BLR,1976,5.656407,,0,
Belarus,BLR,1977,6.0682063,,0,
Belarus,BLR,1978,6.513767,,0,
Belarus,BLR,1979,6.9278684,,0,
Belarus,BLR,1980,7.363564,,0,
Belarus,BLR,1981,7.6611395,,0,
Belarus,BLR,1982,8.081353,,0,
Belarus,BLR,1983,8.599519,,0,
Belarus,BLR,1984,9.654051,,0,
Belarus,BLR,1985,9.897159,,0,
Belarus,BLR,1986,10.928348,,0,
Belarus,BLR,1987,11.9517355,,0,
Belarus,BLR,1988,13.040147,,0,
Belarus,BLR,1989,14.094946,,0,
Belarus,BLR,1990,15.5,,0,0
Belarus,BLR,1991,16.4,,0,
Belarus,BLR,1992,17.1,,0,
Belarus,BLR,1993,17.7,,0.00309146,
Belarus,BLR,1994,18.5,,0.016457615,0.000486
Belarus,BLR,1995,19.3,,0.056367535,0.00292
Belarus,BLR,1996,20.9,,0.062741585,0.0293
Belarus,BLR,1997,22.8,,0.07852187,0.049
Belarus,BLR,1998,24.7,,0.11735496,0.0739
Belarus,BLR,1999,26.3,,0.22755487,0.495
Belarus,BLR,2000,27.5,,0.493959,1.8604
Belarus,BLR,2001,28.8,,1.39191,4.30062
Belarus,BLR,2002,30.1,0.000202563,4.6856,8.95097
Belarus,BLR,2003,31.3,0.0012547,11.4045,
Belarus,BLR,2004,32.6,0.00770409,23.0022,
Belarus,BLR,2005,34,0.0161774,42.4035,
Belarus,BLR,2006,35.1,0.118848,62.0314,16.2
Belarus,BLR,2007,38.4,1.77563,72.7795,19.7
Belarus,BLR,2008,39,5.01587,85.2943,23
Belarus,BLR,2009,41.9,11.4889,101.881,27.43
Belarus,BLR,2010,43.6,17.5606,108.873,31.8
Belarus,BLR,2011,44.4,22.1485,112.902,39.6489
Belarus,BLR,2012,46.6,26.755,112.822,46.91
Belarus,BLR,2013,47.2,29.4348,117.434,54.17
Belarus,BLR,2014,47.7,28.3377,120.366,59.0163
Belarus,BLR,2015,47.9,30.6041,120.67,62.2304
Belarus,BLR,2016,47.5,32.293,120.432,71.113
Belarus,BLR,2017,47.4,33.3125,120.213,74.4364
Belarus,BLR,2018,47.4,33.7712,122.57,79.1299
Belarus,BLR,2019,47.2,34.0724,123.23,82.7892
Belarus,BLR,2020,47.1,34.8152,125.165,85.0879
Belarus,BLR,2021,46.8,35.0098,127.117,86.8884
Belarus,BLR,2022,46.1,34.0672,128.315,89.5073
Belarus,BLR,2023,45.8,35.0932,128.979,91.5125
Belarus,BLR,2024,,,,94.2618
Belgium,BEL,1960,8.555117,,0,
Belgium,BEL,1961,8.50039,,,
Belgium,BEL,1962,8.50039,,,
Belgium,BEL,1963,8.50039,,,
Belgium,BEL,1964,8.50039,,,
Belgium,BEL,1965,11.155548,,0,
Belgium,BEL,1966,11.1179,,,
Belgium,BEL,1967,11.1179,,,
Belgium,BEL,1968,11.1179,,,
Belgium,BEL,1969,11.1179,,,
Belgium,BEL,1970,13.952524,,0,
Belgium,BEL,1971,13.9485,,,
Belgium,BEL,1972,13.9485,,,
Belgium,BEL,1973,13.9485,,,
Belgium,BEL,1974,13.9485,,,
Belgium,BEL,1975,18.94785,,0,
Belgium,BEL,1976,19.85975,,0,
Belgium,BEL,1977,20.947493,,0,
Belgium,BEL,1978,22.224022,,0,
Belgium,BEL,1979,23.608803,,0,
Belgium,BEL,1980,24.84481,,0,
Belgium,BEL,1981,26.282145,,0,
Belgium,BEL,1982,27.61502,,0,
Belgium,BEL,1983,28.562052,,0,
Belgium,BEL,1984,29.62411,,0,
Belgium,BEL,1985,30.69083,,0,
Belgium,BEL,1986,32.637745,,0.038410913,
Belgium,BEL,1987,34.011276,,0.07295796,
Belgium,BEL,1988,35.54287,,0.19312371,
Belgium,BEL,1989,37.351086,,0.30985683,
Belgium,BEL,1990,39.3,,0.4305411,0.00101
Belgium,BEL,1991,41,,0.5148657,0.0201
Belgium,BEL,1992,42.4,,0.61359036,0.1
Belgium,BEL,1993,43.6,,0.67475873,0.199
Belgium,BEL,1994,44.9,,1.2719107,0.696
Belgium,BEL,1995,46.2,,2.3303952,0.992
Belgium,BEL,1996,45.5,,4.723512,2.97
Belgium,BEL,1997,46.8,,9.59632,4.94
Belgium,BEL,1998,47.6,0.10721853,17.237871,7.89
Belgium,BEL,1999,49,0.22495604,31.167189,13.8
Belgium,BEL,2000,49.1,1.40674,54.9079,29.4317
Belgium,BEL,2001,49.9,4.47177,74.8226,31.2884
Belgium,BEL,2002,47.7,7.89142,78.407,46.33
Belgium,BEL,2003,47,11.9786,82.9377,49.97
Belgium,BEL,2004,46.1,15.5446,87.6255,53.86
Belgium,BEL,2005,45.8,19.187,91.6576,55.82
Belgium,BEL,2006,44.8,23.2412,93.3538,61.9819
Belgium,BEL,2007,45.6,25.6894,101.06,66.7604
Belgium,BEL,2008,44.2,27.8486,105.901,68.8573
Belgium,BEL,2009,42.9,29.1619,108.9,74.5441
Belgium,BEL,2010,42.4,30.8426,111.132,77.6398
Belgium,BEL,2011,42,32.1032,113.202,81.61
Belgium,BEL,2012,41.7,33.2388,110.856,80.72
Belgium,BEL,2013,41.1,34.3085,110.349,82.1702
Belgium,BEL,2014,40.4,35.782,113.6,85.0012
Belgium,BEL,2015,39.8,36.5492,113.292,85.0529
Belgium,BEL,2016,38.6,37.6813,110.749,86.5165
Belgium,BEL,2017,37.6,38.4911,99.8304,87.6797
Belgium,BEL,2018,35.9,39.4007,100.164,88.6473
Belgium,BEL,2019,34.2,39.9518,100.165,90.2754
Belgium,BEL,2020,31.5,41.024,99.9101,91.5264
Belgium,BEL,2021,28.6,43.0218,101.463,92.7887
Belgium,BEL,2022,25.5,43.5657,101.68,94.0078
Belgium,BEL,2023,22.8,43.7026,103.196,94.6263
Belgium,BEL,2024,,,,95.7758
Belize,BLZ,1960,1.113749,,0,
Belize,BLZ,1961,1.10575,,,
Belize,BLZ,1962,1.10575,,,
Belize,BLZ,1963,1.10575,,,
Belize,BLZ,1964,1.10575,,,
Belize,BLZ,1965,2.6707873,,0,
Belize,BLZ,1966,2.63855,,,
Belize,BLZ,1967,2.63855,,,
Belize,BLZ,1968,2.63855,,,
Belize,BLZ,1969,2.63855,,,
Belize,BLZ,1970,2.481287,,0,
Belize,BLZ,1971,2.45535,,,
Belize,BLZ,1972,2.45535,,,
Belize,BLZ,1973,2.45535,,,
Belize,BLZ,1974,2.45535,,,
Belize,BLZ,1975,2.5229166,,0,
Belize,BLZ,1976,2.5061624,,0,
Belize,BLZ,1977,2.5832887,,0,
Belize,BLZ,1978,2.5825398,,0,
Belize,BLZ,1979,2.7153563,,0,
Belize,BLZ,1980,2.6665196,,0,
Belize,BLZ,1981,2.6202576,,0,
Belize,BLZ,1982,3.4308999,,0,
Belize,BLZ,1983,3.8698392,,0,
Belize,BLZ,1984,3.8060117,,0,
Belize,BLZ,1985,4.283022,,0,
Belize,BLZ,1986,4.7849464,,0,
Belize,BLZ,1987,5.848637,,0,
Belize,BLZ,1988,7.0073276,,0,
Belize,BLZ,1989,8.536333,,0,
Belize,BLZ,1990,9.46,,0,0
Belize,BLZ,1991,11.4,,0,
Belize,BLZ,1992,13,,0,
Belize,BLZ,1993,14.7,,0.20599762,
Belize,BLZ,1994,14.2,,0.41932103,
Belize,BLZ,1995,14.2,,0.7599874,0.0454
Belize,BLZ,1996,14.1,,1.040793,0.883
Belize,BLZ,1997,14.1,,1.1717185,1.29
Belize,BLZ,1998,14.4,,1.5717608,2.09
Belize,BLZ,1999,15.5,,2.8320007,4.08
Belize,BLZ,2000,14.8,,6.98176,5.96384
Belize,BLZ,2001,14.2,,15.7642,
Belize,BLZ,2002,12.2,,20.2059,5.68425
Belize,BLZ,2003,12.6,0.356358,22.899,
Belize,BLZ,2004,12.4,1.04053,27.6052,9.8
Belize,BLZ,2005,12.1,1.7953,34.3187,17
Belize,BLZ,2006,11.9,2.51669,40.9896,24
Belize,BLZ,2007,11.5,2.52617,39.9574,24.6
Belize,BLZ,2008,10.2,2.6439,52.5797,26.3
Belize,BLZ,2009,9.97,2.66783,51.7517,27.2
Belize,BLZ,2010,9.46,2.78381,60.6414,28.2
Belize,BLZ,2011,8.81,2.96305,67.9524,30.7
Belize,BLZ,2012,7.6,2.98223,51.5597,31
Belize,BLZ,2013,7.04,2.8979,51.1128,33.6
Belize,BLZ,2014,6.51,2.8373,49.3805,38.7
Belize,BLZ,2015,6.62,4.87718,59.4798,41.59
Belize,BLZ,2016,6.14,5.03804,61.1256,44.5757
Belize,BLZ,2017,5.65,5.09268,64.1586,48.8771
Belize,BLZ,2018,5.49,6.48509,64.7802,53.5936
Belize,BLZ,2019,4.79,7.67179,66.0705,58.7652
Belize,BLZ,2020,4.86,9.21159,67.5517,64.4359
Belize,BLZ,2021,4.81,9.10595,66.7769,70.6537
Belize,BLZ,2022,4.42,9.75386,67.175,71.8096
Belize,BLZ,2023,,,,72.3595
Benin,BEN,1960,0.08661441,,0,
Benin,BEN,1961,0.0894876,,,
Benin,BEN,1962,0.0894876,,,
Benin,BEN,1963,0.0894876,,,
Benin,BEN,1964,0.0894876,,,
Benin,BEN,1965,0.084069155,,0,
Benin,BEN,1966,0.0873742,,,
Benin,BEN,1967,0.0873742,,,
Benin,BEN,1968,0.0873742,,,
Benin,BEN,1969,0.0873742,,,
Benin,BEN,1970,0.11576206,,0,
Benin,BEN,1971,0.120178,,,
Benin,BEN,1972,0.120178,,,
Benin,BEN,1973,0.120178,,,
Benin,BEN,1974,0.120178,,,
Benin,BEN,1975,0.15724969,,0,
Benin,BEN,1976,0.16937695,,0,
Benin,BEN,1977,0.17964423,,0,
Benin,BEN,1978,0.19335005,,0,
Benin,BEN,1979,0.20608757,,0,
Benin,BEN,1980,0.22209534,,0,
Benin,BEN,1981,0.23871204,,0,
Benin,BEN,1982,0.2387539,,0,
Benin,BEN,1983,0.23852183,,0,
Benin,BEN,1984,0.24646698,,0,
Benin,BEN,1985,0.24622405,,0,
Benin,BEN,1986,0.26438123,,0,
Benin,BEN,1987,0.28118145,,0,
Benin,BEN,1988,0.28139606,,0,
Benin,BEN,1989,0.28588182,,0,
Benin,BEN,1990,0.28,,0,0
Benin,BEN,1991,0.276,,0,
Benin,BEN,1992,0.281,,0,
Benin,BEN,1993,0.348,,0,
Benin,BEN,1994,0.393,,0,
Benin,BEN,1995,0.453,,0.017365389,
Benin,BEN,1996,0.511,,0.043634124,0.00169
Benin,BEN,1997,0.554,,0.06724569,0.0246
Benin,BEN,1998,0.565,,0.095471226,0.0479
Benin,BEN,1999,0.623,,0.10707674,0.155
Benin,BEN,2000,0.715,,0.768193,0.225248
Benin,BEN,2001,0.796,,1.67884,0.363418
Benin,BEN,2002,0.816,0.0002736,2.85027,0.702946
Benin,BEN,2003,0.841,0.000265384,2.98462,0.951327
Benin,BEN,2004,0.892,0.000992757,5.62957,1.18254
Benin,BEN,2005,0.905,0.00232609,7.07639,1.27103
Benin,BEN,2006,0.89,0.0172318,12.1442,1.53785
Benin,BEN,2007,1.24,0.00792944,22.9147,1.79
Benin,BEN,2008,1.25,0.0912828,39.2846,1.85
Benin,BEN,2009,1.34,0.200443,52.9301,2.24
Benin,BEN,2010,1.36,0.275928,72.2115,3.13
Benin,BEN,2011,1.51,0.371868,76.9318,4.14832
Benin,BEN,2012,1.51,0.401639,80.8629,4.5
Benin,BEN,2013,1.49,0.396654,89.9019,4.9
Benin,BEN,2014,1.77,0.411777,78.517,6
Benin,BEN,2015,1.71,0.644882,82.0193,11.255
Benin,BEN,2016,1.07,0.190616,76.0182,14.5
Benin,BEN,2017,0.472,0.23767,72.8671,18.7
Benin,BEN,2018,0.392,0.218309,76.408,19
Benin,BEN,2019,0.282,0.199855,81.3235,20.5
Benin,BEN,2020,0.248,0.229385,85.2391,22.1206
Benin,BEN,2021,0.0857,0.154167,94.9183,28.2047
Benin,BEN,2022,0.0111,0.153072,105.745,30.0134
Benin,BEN,2023,0.0101,0.17088,116.036,32.2083
Bermuda,BMU,1960,22.129158,,0,
Bermuda,BMU,1961,20.6763,,,
Bermuda,BMU,1962,20.6763,,,
Bermuda,BMU,1963,20.6763,,,
Bermuda,BMU,1964,20.6763,,,
Bermuda,BMU,1965,26.643158,,0,
Bermuda,BMU,1966,25.3948,,,
Bermuda,BMU,1967,25.3948,,,
Bermuda,BMU,1968,25.3948,,,
Bermuda,BMU,1969,25.3948,,,
Bermuda,BMU,1970,30.823353,,0,
Bermuda,BMU,1971,30.5032,,,
Bermuda,BMU,1972,30.5032,,,
Bermuda,BMU,1973,30.5032,,,
Bermuda,BMU,1974,30.5032,,,
Bermuda,BMU,1975,32.860146,,0,
Bermuda,BMU,1976,33.537556,,0,
Bermuda,BMU,1977,36.27466,,0,
Bermuda,BMU,1978,38.344994,,0,
Bermuda,BMU,1979,40.219994,,0,
Bermuda,BMU,1980,41.764214,,0,
Bermuda,BMU,1981,43.59174,,0,
Bermuda,BMU,1982,48.682323,,0,
Bermuda,BMU,1983,50.178032,,0,
Bermuda,BMU,1984,52.032757,,0,
Bermuda,BMU,1985,53.62788,,0,
Bermuda,BMU,1986,55.997856,,0,
Bermuda,BMU,1987,58.220978,,,
Bermuda,BMU,1988,60.95876,,,
Bermuda,BMU,1989,63.556934,,1.3044772,
Bermuda,BMU,1990,64.8,,1.9349226,0
Bermuda,BMU,1991,67.2,,2.488164,
Bermuda,BMU,1992,68.1,,3.319502,
Bermuda,BMU,1993,71.5,,5.7882195,
Bermuda,BMU,1994,74.7,,8.673366,
Bermuda,BMU,1995,78,,10.634828,6.84
Bermuda,BMU,1996,81.1,,13.335562,16.2
Bermuda,BMU,1997,86.2,,17.062115,24.2
Bermuda,BMU,1998,88.6,,20.744848,32.1
Bermuda,BMU,1999,89.9,,20.990145,39.9
Bermuda,BMU,2000,91.1,,21.121,42.9499
Bermuda,BMU,2001,90.8,,21.5511,47.5097
Bermuda,BMU,2002,90.1,,48.2765,52.0316
Bermuda,BMU,2003,86.6,,64.1169,56.522
Bermuda,BMU,2004,86.1,,78.3311,60.9909
Bermuda,BMU,2005,83.7,29.4797,84.0682,65.4471
Bermuda,BMU,2006,91.8,37.6277,95.6489,69.8997
Bermuda,BMU,2007,91.4,45.7054,109.506,74.3506
Bermuda,BMU,2008,91,53.6414,124.803,82.3
Bermuda,BMU,2009,90.8,62.9277,133.721,83.25
Bermuda,BMU,2010,90.7,62.9266,138.407,84.21
Bermuda,BMU,2011,,,,88.336
Bermuda,BMU,2012,108,,142.978,91.2993
Bermuda,BMU,2013,113,63.0761,148.331,95.3
Bermuda,BMU,2014,46,54.6695,93.6438,96.8
Bermuda,BMU,2015,18.9,47.2709,59.8765,98.3236
Bermuda,BMU,2016,32.1,35.9296,100.697,98
Bermuda,BMU,2017,34.4,35.874,102.232,98.37
Bermuda,BMU,2019,39,35.8775,104.513,
Bermuda,BMU,2020,38.8,35.7243,105.62,
Bermuda,BMU,2021,38.7,35.5773,105.185,
Bermuda,BMU,2022,38.7,35.5805,105.274,
Bhutan,BTN,1960,0,,0,
Bhutan,BTN,1961,0,,,
Bhutan,BTN,1962,0,,,
Bhutan,BTN,1963,0,,,
Bhutan,BTN,1964,0,,,
Bhutan,BTN,1965,0.09803537,,0,
Bhutan,BTN,1966,0.0984275,,,
Bhutan,BTN,1967,0.0984275,,,
Bhutan,BTN,1968,0.0984275,,,
Bhutan,BTN,1969,0.0984275,,,
Bhutan,BTN,1970,0.1288082,,0,
Bhutan,BTN,1971,0.129492,,,
Bhutan,BTN,1972,0.129492,,,
Bhutan,BTN,1973,0.129492,,,
Bhutan,BTN,1974,0.129492,,,
Bhutan,BTN,1975,0.1618077,,0,
Bhutan,BTN,1976,0.18400578,,0,
Bhutan,BTN,1977,0.17800827,,0,
Bhutan,BTN,1978,0.17220463,,0,
Bhutan,BTN,1979,0.27358896,,0,
Bhutan,BTN,1980,0.28656882,,0,
Bhutan,BTN,1981,0.27995455,,0,
Bhutan,BTN,1982,0.29398397,,0,
Bhutan,BTN,1983,0.30699533,,0,
Bhutan,BTN,1984,0.30840236,,0,
Bhutan,BTN,1985,0.30957964,,0,
Bhutan,BTN,1986,0.32054427,,0,
Bhutan,BTN,1987,0.32099545,,0,
Bhutan,BTN,1988,0.32133007,,0,
Bhutan,BTN,1989,0.3377379,,0,
Bhutan,BTN,1990,0.318,,0,0
Bhutan,BTN,1991,0.417,,0,
Bhutan,BTN,1992,0.512,,0,
Bhutan,BTN,1993,0.687,,0,
Bhutan,BTN,1994,0.825,,0,
Bhutan,BTN,1995,0.957,,0,
Bhutan,BTN,1996,1.11,,0,
Bhutan,BTN,1997,1.15,,0,
Bhutan,BTN,1998,1.83,,0,
Bhutan,BTN,1999,2.06,,0,0.138
Bhutan,BTN,2000,2.37,,0,0.400944
Bhutan,BTN,2001,2.87,,0,0.864629
Bhutan,BTN,2002,3.14,,0,1.6758
Bhutan,BTN,2003,3.71,,0.353635,2.43691
Bhutan,BTN,2004,4.66,,2.94185,3.15698
Bhutan,BTN,2005,4.99,,5.43918,3.84711
Bhutan,BTN,2006,4.7,,12.2359,4.51832
Bhutan,BTN,2007,4.4,,22.0203,5.92
Bhutan,BTN,2008,4,0.300138,36.9241,6.55
Bhutan,BTN,2009,3.8,0.486752,48.8392,7.17
Bhutan,BTN,2010,3.75,1.2364,56.1998,13.6
Bhutan,BTN,2011,3.88,1.86544,68.2555,14.4
Bhutan,BTN,2012,3.76,2.33744,78.1969,15.6
Bhutan,BTN,2013,3.65,2.8239,75.0527,22.4
Bhutan,BTN,2014,3.25,3.40713,85.1866,30.3
Bhutan,BTN,2015,2.94,3.76361,91.241,39.8
Bhutan,BTN,2016,2.82,2.20481,93.3821,46.5
Bhutan,BTN,2017,2.83,2.2148,96.8566,54.3
Bhutan,BTN,2018,2.9,1.42177,92.6023,63.5
Bhutan,BTN,2019,2.82,1.14719,95.3473,74.1794
Bhutan,BTN,2020,2.99,0.414153,96.7703,76.8508
Bhutan,BTN,2021,2.54,0.364566,100.331,85.6369
Bhutan,BTN,2022,2.51,0.631824,95.1298,86.2903
Bhutan,BTN,2023,2.34,1.31882,95.6261,88.426
Bolivia,BOL,1960,,,0,
Bolivia,BOL,1965,,,0,
Bolivia,BOL,1970,,,0,
Bolivia,BOL,1975,,,0,
Bolivia,BOL,1976,,,0,
Bolivia,BOL,1977,,,0,
Bolivia,BOL,1978,,,0,
Bolivia,BOL,1979,,,0,
Bolivia,BOL,1980,2.3552637,,0,
Bolivia,BOL,1981,2.4219725,,0,
Bolivia,BOL,1982,2.4719927,,0,
Bolivia,BOL,1983,2.4507322,,0,
Bolivia,BOL,1984,2.5227265,,0,
Bolivia,BOL,1985,2.4859881,,0,
Bolivia,BOL,1986,2.4497764,,0,
Bolivia,BOL,1987,2.4656553,,0,
Bolivia,BOL,1988,2.4293687,,0,
Bolivia,BOL,1989,2.4453676,,0,
Bolivia,BOL,1990,2.56,,0,0
Bolivia,BOL,1991,2.8,,0.004071835,
Bolivia,BOL,1992,2.8,,0.020975279,
Bolivia,BOL,1993,3.06,,0.035244267,
Bolivia,BOL,1994,3.14,,0.052718308,
Bolivia,BOL,1995,3.14,,0.09218933,0.0668
Bolivia,BOL,1996,4.35,,0.41805565,0.196
Bolivia,BOL,1997,4.71,,1.4553764,0.448
Bolivia,BOL,1998,5.44,,2.8873425,0.626
Bolivia,BOL,1999,5.94,,4.9809384,0.982
Bolivia,BOL,2000,5.93,,6.76967,1.44276
Bolivia,BOL,2001,5.99,,8.91055,2.12046
Bolivia,BOL,2002,6.64,0.0374142,11.4977,3.11719
Bolivia,BOL,2003,6.74,0.0634205,14.1298,3.5086
Bolivia,BOL,2004,6.79,0.0947711,19.5647,4.43992
Bolivia,BOL,2005,6.9,0.138589,25.8676,5.22758
Bolivia,BOL,2006,7,0.184726,30.2062,6.20067
Bolivia,BOL,2007,7,0.350786,33.5993,10.4992
Bolivia,BOL,2008,8.01,0.805148,51.1488,12.5
Bolivia,BOL,2009,8.03,0.959778,64.5389,16.8
Bolivia,BOL,2010,8.36,0.942298,70.5073,22.4
Bolivia,BOL,2011,8.49,0.710624,80.7163,30
Bolivia,BOL,2012,8.37,1.10983,90.2756,35.34
Bolivia,BOL,2013,8.19,1.44251,97.5951,36.99
Bolivia,BOL,2014,8.08,1.59263,96.3264,34.6016
Bolivia,BOL,2015,8,1.64281,92.266,37.4868
Bolivia,BOL,2016,7.76,2.57235,90.3953,39.6975
Bolivia,BOL,2017,7.5,3.34958,96.6384,43.8323
Bolivia,BOL,2018,6.19,4.38026,99.4566,44.2861
Bolivia,BOL,2019,5.59,6.39917,100.149,47.4748
Bolivia,BOL,2020,5.06,7.88672,99.8988,59.9401
Bolivia,BOL,2021,4.61,9.44574,100.809,65.9774
Bolivia,BOL,2022,3.93,10.9975,101.572,67.3612
Bolivia,BOL,2023,,,,70.2368
Bosnia and Herzegovina,BIH,1960,,,0,
Bosnia and Herzegovina,BIH,1965,,,0,
Bosnia and Herzegovina,BIH,1970,,,0,
Bosnia and Herzegovina,BIH,1975,,,0,
Bosnia and Herzegovina,BIH,1976,,,0,
Bosnia and Herzegovina,BIH,1977,,,0,
Bosnia and Herzegovina,BIH,1978,,,0,
Bosnia and Herzegovina,BIH,1979,,,0,
Bosnia and Herzegovina,BIH,1980,,,0,
Bosnia and Herzegovina,BIH,1981,,,0,
Bosnia and Herzegovina,BIH,1982,,,0,
Bosnia and Herzegovina,BIH,1983,,,0,
Bosnia and Herzegovina,BIH,1984,,,0,
Bosnia and Herzegovina,BIH,1985,,,0,
Bosnia and Herzegovina,BIH,1986,,,0,
Bosnia and Herzegovina,BIH,1987,,,0,
Bosnia and Herzegovina,BIH,1988,,,0,
Bosnia and Herzegovina,BIH,1989,,,0,
Bosnia and Herzegovina,BIH,1990,,,0,0
Bosnia and Herzegovina,BIH,1991,,,0,
Bosnia and Herzegovina,BIH,1992,14.2,,0,
Bosnia and Herzegovina,BIH,1993,15.4,,0,
Bosnia and Herzegovina,BIH,1994,6.71,,0,
Bosnia and Herzegovina,BIH,1995,6.4,,0,
Bosnia and Herzegovina,BIH,1996,7.03,,0.03838526,0.0151
Bosnia and Herzegovina,BIH,1997,7.54,,0.22234586,0.0594
Bosnia and Herzegovina,BIH,1998,8.15,,0.61192316,0.144
Bosnia and Herzegovina,BIH,1999,8.91,,1.2667186,0.194
Bosnia and Herzegovina,BIH,2000,18.8,0.000649074,2.24498,1.08296
Bosnia and Herzegovina,BIH,2001,20.3,0.00162701,10.6404,1.20053
Bosnia and Herzegovina,BIH,2002,21.6,0.00508596,17.8792,2.64827
Bosnia and Herzegovina,BIH,2003,22.4,0.0358979,25.7218,3.96504
Bosnia and Herzegovina,BIH,2004,23,0.160276,33.9881,15.469
Bosnia and Herzegovina,BIH,2005,23.7,0.334481,38.9203,21.3267
Bosnia and Herzegovina,BIH,2006,24.3,0.984428,46.4606,25.1224
Bosnia and Herzegovina,BIH,2007,26.5,2.11019,61.0557,27.92
Bosnia and Herzegovina,BIH,2008,26.1,4.77411,80.532,34.66
Bosnia and Herzegovina,BIH,2009,25.7,7.52909,83.9539,37.74
Bosnia and Herzegovina,BIH,2010,26.2,10.2559,81.6019,42.75
Bosnia and Herzegovina,BIH,2011,25.5,11.4984,84.7529,43.8877
Bosnia and Herzegovina,BIH,2012,25.3,12.7897,91.4833,45.0645
Bosnia and Herzegovina,BIH,2013,24.7,14.2931,96.6063,48.5213
Bosnia and Herzegovina,BIH,2014,23.8,15.2155,97.9342,49.9177
Bosnia and Herzegovina,BIH,2015,22.3,18.0469,97.8678,52.6
Bosnia and Herzegovina,BIH,2016,22.6,19.0748,98.0144,60.2565
Bosnia and Herzegovina,BIH,2017,22.1,20.4261,100.333,64.892
Bosnia and Herzegovina,BIH,2018,21.9,21.1505,102.187,70.1201
Bosnia and Herzegovina,BIH,2019,21.8,22.295,112.255,69.9463
Bosnia and Herzegovina,BIH,2020,21.4,23.3508,106.375,73.2118
Bosnia and Herzegovina,BIH,2021,21.2,24.5891,114.912,75.6762
Bosnia and Herzegovina,BIH,2022,20.3,27.319,118.944,78.8455
Bosnia and Herzegovina,BIH,2023,19.3,28.5064,117.734,83.3772
Bosnia and Herzegovina,BIH,2024,,,,86.1009
Botswana,BWA,1960,0.077993385,,0,
Botswana,BWA,1961,0.0795632,,,
Botswana,BWA,1962,0.0795632,,,
Botswana,BWA,1963,0.0795632,,,
Botswana,BWA,1964,0.0795632,,,
Botswana,BWA,1965,0.21016683,,0,
Botswana,BWA,1966,0.214288,,,
Botswana,BWA,1967,0.214288,,,
Botswana,BWA,1968,0.214288,,,
Botswana,BWA,1969,0.214288,,,
Botswana,BWA,1970,0.38835344,,0,
Botswana,BWA,1971,0.366408,,,
Botswana,BWA,1972,0.366408,,,
Botswana,BWA,1973,0.366408,,,
Botswana,BWA,1974,0.366408,,,
Botswana,BWA,1975,0.6456665,,0,
Botswana,BWA,1976,0.6523804,,0,
Botswana,BWA,1977,0.68156356,,0,
Botswana,BWA,1978,0.69461286,,0,
Botswana,BWA,1979,0.7162843,,0,
Botswana,BWA,1980,0.75944674,,0,
Botswana,BWA,1981,0.79491466,,0,
Botswana,BWA,1982,0.8295145,,0,
Botswana,BWA,1983,0.8917553,,0,
Botswana,BWA,1984,0.9169646,,0,
Botswana,BWA,1985,0.9287752,,0,
Botswana,BWA,1986,0.99646986,,0,
Botswana,BWA,1987,1.1956298,,0,
Botswana,BWA,1988,1.444177,,0,
Botswana,BWA,1989,1.7051159,,0,
Botswana,BWA,1990,2.02,,0,0
Botswana,BWA,1991,2.43,,0,0
Botswana,BWA,1992,2.64,,0,
Botswana,BWA,1993,3.06,,0,
Botswana,BWA,1994,3.46,,0,
Botswana,BWA,1995,3.98,,0,0.0645
Botswana,BWA,1996,4.7,,0,0.157
Botswana,BWA,1997,5.45,,0,0.308
Botswana,BWA,1998,6.35,,0.9174373,0.602
Botswana,BWA,1999,7.54,,5.438773,1.12
Botswana,BWA,2000,8.1,,13.2462,2.90267
Botswana,BWA,2001,8.65,,19.4051,3.43089
Botswana,BWA,2002,8.49,,19.0435,3.38592
Botswana,BWA,2003,7.4,,25.0588,3.34519
Botswana,BWA,2004,7.29,,28.9318,3.30489
Botswana,BWA,2005,7.42,0.0869623,30.6424,3.26255
Botswana,BWA,2006,7.04,0.0960248,43.9084,4.28993
Botswana,BWA,2007,7.17,0.185224,60.2637,5.28
Botswana,BWA,2008,7.3,0.456417,76.1956,6.25
Botswana,BWA,2009,6.9,0.502343,94.1441,6.15
Botswana,BWA,2010,6.76,0.589146,116.246,6
Botswana,BWA,2011,7.21,0.922338,139.87,9
Botswana,BWA,2012,7.61,1.05453,146.149,16
Botswana,BWA,2013,8.14,1.00856,151.671,30
Botswana,BWA,2014,7.79,1.53266,157.018,36.7447
Botswana,BWA,2015,7.28,1.67228,157.735,37.3121
Botswana,BWA,2016,6.36,2.64264,147.173,42.2576
Botswana,BWA,2017,6.23,1.43086,142.962,47.8587
Botswana,BWA,2018,6.2,1.74169,147.065,54.2022
Botswana,BWA,2019,6.11,2.10301,160.662,61.3865
Botswana,BWA,2020,5.92,3.58604,161.859,69.523
Botswana,BWA,2021,3.91,5.54838,173.252,78.738
Botswana,BWA,2022,3.76,4.53192,178.205,80.3696
Botswana,BWA,2023,3.62,3.41003,179.027,81.36
Brazil,BRA,1960,0.88928396,,0,
Brazil,BRA,1961,0.900536,,,
Brazil,BRA,1962,0.900536,,,
Brazil,BRA,1963,0.900536,,,
Brazil,BRA,1964,0.900536,,,
Brazil,BRA,1965,1.0044461,,0,
Brazil,BRA,1966,1.01951,,,
Brazil,BRA,1967,1.01951,,,
Brazil,BRA,1968,1.01951,,,
Brazil,BRA,1969,1.01951,,,
Brazil,BRA,1970,1.2970859,,0,
Brazil,BRA,1971,1.31422,,,
Brazil,BRA,1972,1.31422,,,
Brazil,BRA,1973,1.31422,,,
Brazil,BRA,1974,1.31422,,,
Brazil,BRA,1975,2.025052,,0,
Brazil,BRA,1976,2.2554398,,0,
Brazil,BRA,1977,2.6856267,,0,
Brazil,BRA,1978,3.188634,,0,
Brazil,BRA,1979,3.591603,,0,
Brazil,BRA,1980,4.0478086,,0,
Brazil,BRA,1981,4.258275,,0,
Brazil,BRA,1982,4.5464354,,0,
Brazil,BRA,1983,4.8099914,,0,
Brazil,BRA,1984,5.0041537,,0,
Brazil,BRA,1985,5.2649136,,0,
Brazil,BRA,1986,5.3357353,,0,
Brazil,BRA,1987,5.4819994,,0,
Brazil,BRA,1988,5.6934757,,0,
Brazil,BRA,1989,5.939052,,0,
Brazil,BRA,1990,6.31,,0.000442582,0
Brazil,BRA,1991,6.64,,0.004369477,0.00329
Brazil,BRA,1992,7.03,,0.020525875,0.0129
Brazil,BRA,1993,7.21,,0.11486935,0.0255
Brazil,BRA,1994,7.7,,0.35657057,0.0377
Brazil,BRA,1995,8.2,,0.786185,0.105
Brazil,BRA,1996,9.2,,1.5045756,0.451
Brazil,BRA,1997,10.2,,2.6995485,0.786
Brazil,BRA,1998,11.8,0.000584659,4.3078966,1.48
Brazil,BRA,1999,14.6,0.004034901,8.665065,2.04
Brazil,BRA,2000,17.8,0.0574652,13.3251,2.87069
Brazil,BRA,2001,21.2,0.187747,16.3049,4.52849
Brazil,BRA,2002,21.7,0.409516,19.5408,9.14943
Brazil,BRA,2003,21.7,0.534956,25.6741,13.2076
Brazil,BRA,2004,21.7,1.72846,35.9135,19.0737
Brazil,BRA,2005,21.6,1.75095,46.6789,21.0227
Brazil,BRA,2006,20.8,2.55394,53.5317,28.1784
Brazil,BRA,2007,20.9,4.03572,64.1626,30.88
Brazil,BRA,2008,21.7,5.26189,79.132,33.83
Brazil,BRA,2009,21.6,6.10683,88.1849,39.22
Brazil,BRA,2010,21.8,7.27968,101.667,40.65
Brazil,BRA,2011,22,9.13182,120.008,45.69
Brazil,BRA,2012,22.5,9.71151,126.132,48.56
Brazil,BRA,2013,22.7,10.7622,136.589,51.04
Brazil,BRA,2014,22.1,11.9791,140.305,54.551
Brazil,BRA,2015,21.7,12.6354,127.836,58.328
Brazil,BRA,2016,20.7,13.2177,120.101,60.8725
Brazil,BRA,2017,19.7,14.1218,108.093,67.4713
Brazil,BRA,2018,18.6,15.1538,101.602,70.4343
Brazil,BRA,2019,16.3,15.8622,97.3747,73.9124
Brazil,BRA,2020,14.7,17.4181,98.6456,81.3427
Brazil,BRA,2021,13.8,19.8363,104.825,80.6899
Brazil,BRA,2022,13,20.9534,101.245,80.5278
Brazil,BRA,2023,12.1,22.4192,101.02,84.1506
Brazil,BRA,2024,,,,84.4635
British Virgin Islands,VGB,1960,,,0,
British Virgin Islands,VGB,1965,,,0,
British Virgin Islands,VGB,1970,8.349859,,0,
British Virgin Islands,VGB,1971,8.14084,,,
British Virgin Islands,VGB,1972,8.14084,,,
British Virgin Islands,VGB,1973,8.14084,,,
British Virgin Islands,VGB,1974,8.14084,,,
British Virgin Islands,VGB,1975,14.783116,,0,
British Virgin Islands,VGB,1976,13.71308,,0,
British Virgin Islands,VGB,1977,15.031197,,0,
British Virgin Islands,VGB,1978,16.12753,,0,
British Virgin Islands,VGB,1979,16.366312,,0,
British Virgin Islands,VGB,1980,16.563147,,0,
British Virgin Islands,VGB,1981,,,0,
British Virgin Islands,VGB,1982,,,0,
British Virgin Islands,VGB,1983,,,0,
British Virgin Islands,VGB,1984,17.71348,,0,
British Virgin Islands,VGB,1985,19.671263,,0,
British Virgin Islands,VGB,1986,19.346807,,,
British Virgin Islands,VGB,1987,24.799887,,,
British Virgin Islands,VGB,1988,31.316385,,,
British Virgin Islands,VGB,1989,36.29978,,,
British Virgin Islands,VGB,1990,41.3,,0,0
British Virgin Islands,VGB,1991,45.5,,,
British Virgin Islands,VGB,1992,46.4,,,
British Virgin Islands,VGB,1993,47.3,,,
British Virgin Islands,VGB,1994,50.3,,,
British Virgin Islands,VGB,1995,52.7,,,
British Virgin Islands,VGB,1996,52.6,,6.6225166,
British Virgin Islands,VGB,1997,52.2,,,
British Virgin Islands,VGB,1998,52,,,
British Virgin Islands,VGB,1999,51.7,,,
British Virgin Islands,VGB,2000,51.4,,,
British Virgin Islands,VGB,2001,50.5,,,
British Virgin Islands,VGB,2002,54.6,,37.3308,18.8857
British Virgin Islands,VGB,2003,71.4,,,
British Virgin Islands,VGB,2004,75.8,,,
British Virgin Islands,VGB,2005,66.6,,,
British Virgin Islands,VGB,2006,62.8,,,
British Virgin Islands,VGB,2007,58.2,,81.6053,
British Virgin Islands,VGB,2008,54.1,,87.4924,
British Virgin Islands,VGB,2009,49.8,28.2534,172.794,36
British Virgin Islands,VGB,2010,46.1,24.8564,171.722,37
British Virgin Islands,VGB,2011,43.6,25.4302,162.302,37.4
British Virgin Islands,VGB,2012,40.4,24.5016,160.498,37.6
British Virgin Islands,VGB,2013,38.1,19.4997,168.457,
British Virgin Islands,VGB,2014,35.9,19.3951,166.143,
British Virgin Islands,VGB,2015,34.1,19.3055,165.792,
British Virgin Islands,VGB,2016,33,18.3541,117.153,77.7014
British Virgin Islands,VGB,2017,29.2,15.3002,134.692,77.7043
British Virgin Islands,VGB,2018,18.1,13.6048,115.284,
British Virgin Islands,VGB,2019,56.6,16.2907,108.625,
British Virgin Islands,VGB,2020,55,19.0925,94.6896,
British Virgin Islands,VGB,2021,59.7,20.8866,99.5557,
British Virgin Islands,VGB,2022,16.7,17.8084,92.8913,
Brunei,BRN,1960,,,0,
Brunei,BRN,1965,,,0,
Brunei,BRN,1970,,,0,
Brunei,BRN,1975,,,0,
Brunei,BRN,1976,,,0,
Brunei,BRN,1977,4.2213883,,0,
Brunei,BRN,1978,4.6544366,,0,
Brunei,BRN,1979,5.221186,,0,
Brunei,BRN,1980,5.9067373,,0,
Brunei,BRN,1981,7.2159424,,0,
Brunei,BRN,1982,7.476449,,0,
Brunei,BRN,1983,8.191863,,0,
Brunei,BRN,1984,8.8503,,0,
Brunei,BRN,1985,9.367951,,0,
Brunei,BRN,1986,9.703457,,0,
Brunei,BRN,1987,10.353705,,0,
Brunei,BRN,1988,11.219677,,0,
Brunei,BRN,1989,11.904846,,,
Brunei,BRN,1990,13.7,,0.6765218,0
Brunei,BRN,1991,14.9,,1.1209517,
Brunei,BRN,1992,17.8,,1.4790063,
Brunei,BRN,1993,19.9,,2.9166212,
Brunei,BRN,1994,21.7,,5.3515153,
Brunei,BRN,1995,23.4,,11.996443,1.02
Brunei,BRN,1996,26.4,,14.214425,3.3
Brunei,BRN,1997,25.1,,14.367128,4.83
Brunei,BRN,1998,24.9,,15.345524,6.28
Brunei,BRN,1999,24.8,,20.18071,7.67
Brunei,BRN,2000,24.7,,29.1033,8.99628
Brunei,BRN,2001,26.5,0.56878,42.8997,12.9178
Brunei,BRN,2002,23.9,0.810646,45.1771,15.3299
Brunei,BRN,2003,23.6,1.10721,51.1674,19.595
Brunei,BRN,2004,23.5,1.77439,57.3669,29.7156
Brunei,BRN,2005,23.4,2.26404,64.8898,36.4664
Brunei,BRN,2006,22,2.45816,82.6517,42.1863
Brunei,BRN,2007,21.5,3.13234,98.7233,44.68
Brunei,BRN,2008,21.4,4.47097,105.576,46
Brunei,BRN,2009,20.9,5.20299,107.255,49
Brunei,BRN,2010,20.4,5.53077,110.902,53
Brunei,BRN,2011,20,5.80512,110.96,56
Brunei,BRN,2012,17.5,4.89426,115.826,60.2731
Brunei,BRN,2013,,6.70157,114.011,64.5
Brunei,BRN,2014,17.2,7.26071,108.471,68.77
Brunei,BRN,2015,18,8.15349,109.751,71.2
Brunei,BRN,2016,17.4,8.44786,122.427,90
Brunei,BRN,2017,19.4,9.49045,125.87,94.8667
Brunei,BRN,2018,18.9,11.2953,129.268,95
Brunei,BRN,2019,19.6,12.2425,129.845,95
Brunei,BRN,2020,23.2,15.8868,119.934,96.3055
Brunei,BRN,2021,24.9,17.581,133.597,97.6288
Brunei,BRN,2022,26.8,19.805,116.108,98.9704
Brunei,BRN,2023,26.5,20.212,127.012,99.0336
Bulgaria,BGR,1960,,,0,
Bulgaria,BGR,1965,,,0,
Bulgaria,BGR,1970,,,0,
Bulgaria,BGR,1975,,,0,
Bulgaria,BGR,1976,,,0,
Bulgaria,BGR,1977,,,0,
Bulgaria,BGR,1978,,,0,
Bulgaria,BGR,1979,8.969932,,0,
Bulgaria,BGR,1980,10.110676,,0,
Bulgaria,BGR,1981,12.745015,,0,
Bulgaria,BGR,1982,12.60021,,0,
Bulgaria,BGR,1983,15.103111,,0,
Bulgaria,BGR,1984,15.660849,,0,
Bulgaria,BGR,1985,16.821657,,0,
Bulgaria,BGR,1986,17.9935,,0,
Bulgaria,BGR,1987,19.682474,,0,
Bulgaria,BGR,1988,21.344946,,0,
Bulgaria,BGR,1989,22.64769,,0,
Bulgaria,BGR,1990,24.7,,0,0
Bulgaria,BGR,1991,25.4,,0,
Bulgaria,BGR,1992,27.3,,0,
Bulgaria,BGR,1993,28.5,,0.01161233,0.00234
Bulgaria,BGR,1994,29.6,,0.076037034,0.0195
Bulgaria,BGR,1995,30.7,,0.24676853,0.12
Bulgaria,BGR,1996,31.9,,0.31647196,0.725
Bulgaria,BGR,1997,32.6,,0.84145075,1.22
Bulgaria,BGR,1998,33.9,,1.5422117,1.84
Bulgaria,BGR,1999,35.1,,4.2880063,2.91
Bulgaria,BGR,2000,36,,9.2244,5.37092
Bulgaria,BGR,2001,36.4,,19.5498,7.6123
Bulgaria,BGR,2002,36.5,,33.0395,9.08
Bulgaria,BGR,2003,36.1,,44.8576,12.04
Bulgaria,BGR,2004,35.2,0.0858257,61.0333,18.13
Bulgaria,BGR,2005,32.4,2.15033,81.1551,19.97
Bulgaria,BGR,2006,31.4,5.03478,108.025,27.09
Bulgaria,BGR,2007,30.3,8.29162,130.455,33.64
Bulgaria,BGR,2008,29.1,11.1942,138.397,39.67
Bulgaria,BGR,2009,29.5,13.3284,139.621,45
Bulgaria,BGR,2010,29.1,15.1221,137.14,46.23
Bulgaria,BGR,2011,30.8,17.0297,141.938,47.98
Bulgaria,BGR,2012,29.1,18.2007,147.338,51.9
Bulgaria,BGR,2013,26.7,19.5682,144.355,53.0615
Bulgaria,BGR,2014,25.2,20.5011,131.335,55.4904
Bulgaria,BGR,2015,23.1,22.4944,128.103,56.6563
Bulgaria,BGR,2016,20.8,23.8177,125.906,59.8255
Bulgaria,BGR,2017,18.2,25.3925,120.596,63.4101
Bulgaria,BGR,2018,15.9,27.1034,119.395,64.782
Bulgaria,BGR,2019,14,28.8837,116.617,67.947
Bulgaria,BGR,2020,12.6,30.5043,114.597,70.1625
Bulgaria,BGR,2021,11.5,32.7688,114.912,75.2714
Bulgaria,BGR,2022,10.1,34.9668,116.679,79.1269
Bulgaria,BGR,2023,9.11,37.0236,117.933,80.3896
Bulgaria,BGR,2024,,,,82.439
Burkina Faso,BFA,1960,,,0,
Burkina Faso,BFA,1965,,,0,
Burkina Faso,BFA,1970,0.02673003,,0,
Burkina Faso,BFA,1971,0.0266686,,,
Burkina Faso,BFA,1972,0.0266686,,,
Burkina Faso,BFA,1973,0.0266686,,,
Burkina Faso,BFA,1974,0.0266686,,,
Burkina Faso,BFA,1975,0.039097857,,0,
Burkina Faso,BFA,1976,0.041468866,,0,
Burkina Faso,BFA,1977,0.06233861,,0,
Burkina Faso,BFA,1978,0.0608108,,0,
Burkina Faso,BFA,1979,,,0,
Burkina Faso,BFA,1980,,,0,
Burkina Faso,BFA,1981,0.09363072,,0,
Burkina Faso,BFA,1982,0.09806309,,0,
Burkina Faso,BFA,1983,0.0994266,,0,
Burkina Faso,BFA,1984,0.10058729,,0,
Burkina Faso,BFA,1985,0.099634245,,0,
Burkina Faso,BFA,1986,0.11674222,,0,
Burkina Faso,BFA,1987,0.13700067,,0,
Burkina Faso,BFA,1988,0.1477887,,0,
Burkina Faso,BFA,1989,0.16293557,,0,
Burkina Faso,BFA,1990,0.177,,0,0
Burkina Faso,BFA,1991,0.19,,0,
Burkina Faso,BFA,1992,0.205,,0,
Burkina Faso,BFA,1993,0.222,,0,
Burkina Faso,BFA,1994,0.26,,0,
Burkina Faso,BFA,1995,0.289,,0,
Burkina Faso,BFA,1996,0.32,,0.00494294,0.000961
Burkina Faso,BFA,1997,0.332,,0.01379234,0.0187
Burkina Faso,BFA,1998,0.367,,0.024372688,0.0454
Burkina Faso,BFA,1999,0.409,,0.043663904,0.0618
Burkina Faso,BFA,2000,0.446,,0.211688,0.0770802
Burkina Faso,BFA,2001,0.472,,0.61965,0.157732
Burkina Faso,BFA,2002,0.488,0.000394294,0.875435,0.200993
Burkina Faso,BFA,2003,0.509,0.00110835,1.81994,0.37344
Burkina Faso,BFA,2004,0.631,0.0011407,2.93277,0.400295
Burkina Faso,BFA,2005,0.655,0.00275622,4.54743,0.469914
Burkina Faso,BFA,2006,0.659,0.0119315,7.07267,0.632708
Burkina Faso,BFA,2007,0.788,0.0454364,12.5405,0.75
Burkina Faso,BFA,2008,0.971,0.0672823,19.82,0.92
Burkina Faso,BFA,2009,0.97,0.0760468,24.3387,1.13
Burkina Faso,BFA,2010,0.89,0.0847217,35.2848,2.4
Burkina Faso,BFA,2011,0.849,0.0844021,46.1058,3
Burkina Faso,BFA,2012,0.823,0.0834368,58.0942,3.72503
Burkina Faso,BFA,2013,0.777,0.0732506,63.5243,5
Burkina Faso,BFA,2014,0.683,0.0296663,68.5396,6
Burkina Faso,BFA,2015,0.4,0.049815,76.9373,6.55
Burkina Faso,BFA,2016,0.392,0.0640501,79.6698,7.14
Burkina Faso,BFA,2017,0.382,0.062133,90.2081,7.79
Burkina Faso,BFA,2018,0.376,0.0676084,94.622,8.5
Burkina Faso,BFA,2019,0.359,0.0573181,97.1499,9.27181
Burkina Faso,BFA,2020,0.349,0.0650831,102.973,10.7927
Burkina Faso,BFA,2021,0.37,0.074066,112.198,12.5631
Burkina Faso,BFA,2022,0.323,0.0669065,119.463,14.6238
Burkina Faso,BFA,2023,,,,17.0226
Burundi,BDI,1960,,,0,
Burundi,BDI,1965,0.044898648,,0,
Burundi,BDI,1966,0.0452433,,,
Burundi,BDI,1967,0.0452433,,,
Burundi,BDI,1968,0.0452433,,,
Burundi,BDI,1969,0.0452433,,,
Burundi,BDI,1970,0.05717824,,0,
Burundi,BDI,1971,0.0574866,,,
Burundi,BDI,1972,0.0574866,,,
Burundi,BDI,1973,0.0574866,,,
Burundi,BDI,1974,0.0574866,,,
Burundi,BDI,1975,0.07201475,,0,
Burundi,BDI,1976,0.067869365,,0,
Burundi,BDI,1977,,,0,
Burundi,BDI,1978,,,0,
Burundi,BDI,1979,,,0,
Burundi,BDI,1980,,,0,
Burundi,BDI,1981,0.04453606,,0,
Burundi,BDI,1982,0.047802478,,0,
Burundi,BDI,1983,0.051412184,,0,
Burundi,BDI,1984,0.07868214,,0,
Burundi,BDI,1985,0.10731557,,0,
Burundi,BDI,1986,0.13152294,,0,
Burundi,BDI,1987,0.13779216,,0,
Burundi,BDI,1988,0.13934414,,0,
Burundi,BDI,1989,0.14265785,,0,
Burundi,BDI,1990,0.142,,0,0
Burundi,BDI,1991,0.179,,0,0
Burundi,BDI,1992,0.22,,0,0
Burundi,BDI,1993,0.274,,0.006354384,0
Burundi,BDI,1994,0.276,,0.006766423,0
Burundi,BDI,1995,0.284,,0.0095065,0
Burundi,BDI,1996,0.25,,0.009459562,0.000804
Burundi,BDI,1997,0.261,,0.010449264,0.00798
Burundi,BDI,1998,0.288,,0.010272826,0.0158
Burundi,BDI,1999,0.3,,0.012944607,0.0392
Burundi,BDI,2000,0.309,,0.252234,0.0772484
Burundi,BDI,2001,0.31,,0.50368,0.106001
Burundi,BDI,2002,0.324,,0.762002,0.118228
Burundi,BDI,2003,0.339,,0.908684,0.201273
Burundi,BDI,2004,0.38,,1.37553,0.34906
Burundi,BDI,2005,0.366,,2.01653,0.542143
Burundi,BDI,2006,0.355,,2.54273,0.657593
Burundi,BDI,2007,0.349,,3.30806,0.7
Burundi,BDI,2008,0.358,0.00188111,5.65018,0.81
Burundi,BDI,2009,0.348,0.00178818,10.2904,0.9
Burundi,BDI,2010,0.373,0.00375409,17.8962,1
Burundi,BDI,2011,0.309,0.00511423,19.7015,1.11
Burundi,BDI,2012,0.173,0.00697049,22.3128,1.22
Burundi,BDI,2013,0.204,0.0146944,24.3007,1.26422
Burundi,BDI,2014,0.201,0.0157411,29.5678,1.04239
Burundi,BDI,2015,0.197,0.0250824,45.2379,2
Burundi,BDI,2016,0.174,0.0288715,47.6697,2.2
Burundi,BDI,2017,0.203,0.0340148,51.4533,2.66075
Burundi,BDI,2018,0.209,0.0331803,53.2737,4
Burundi,BDI,2019,0.171,0.0317494,53.2996,6.1
Burundi,BDI,2020,0.145,0.0335261,52.5571,9.17302
Burundi,BDI,2021,0.123,0.0304886,59.7008,10.9847
Burundi,BDI,2022,0.112,0.0300651,56.26,11.0009
Burundi,BDI,2023,0.105,0.0203441,63.1631,11.0784
Cambodia,KHM,1960,0.032011975,,0,
Cambodia,KHM,1961,0.0310011,,,
Cambodia,KHM,1962,0.0310011,,,
Cambodia,KHM,1963,0.0310011,,,
Cambodia,KHM,1964,0.0310011,,,
Cambodia,KHM,1965,,,0,
Cambodia,KHM,1966,0.0310011,,,
Cambodia,KHM,1967,0.0310011,,,
Cambodia,KHM,1968,0.0310011,,,
Cambodia,KHM,1969,0.0310011,,,
Cambodia,KHM,1970,,,0,
Cambodia,KHM,1971,0.0310011,,,
Cambodia,KHM,1972,0.0310011,,,
Cambodia,KHM,1973,0.0310011,,,
Cambodia,KHM,1974,0.0310011,,,
Cambodia,KHM,1975,,,0,
Cambodia,KHM,1976,,,0,
Cambodia,KHM,1977,,,0,
Cambodia,KHM,1978,,,0,
Cambodia,KHM,1979,,,0,
Cambodia,KHM,1980,,,0,
Cambodia,KHM,1981,,,0,
Cambodia,KHM,1982,,,0,
Cambodia,KHM,1983,,,0,
Cambodia,KHM,1984,,,0,
Cambodia,KHM,1985,,,0,
Cambodia,KHM,1986,,,0,
Cambodia,KHM,1987,0.031470995,,0,
Cambodia,KHM,1988,0.032286227,,0,
Cambodia,KHM,1989,0.03378864,,0,
Cambodia,KHM,1990,0.0422,,0,0
Cambodia,KHM,1991,0.0505,,0,
Cambodia,KHM,1992,0.0501,,0,
Cambodia,KHM,1993,0.0489,,0.046956375,
Cambodia,KHM,1994,0.0751,,0.0962642,
Cambodia,KHM,1995,0.0851,,0.12912646,
Cambodia,KHM,1996,0.143,,0.20655282,
Cambodia,KHM,1997,0.173,,0.293538,0.00584
Cambodia,KHM,1998,0.201,,0.5257057,0.0163
Cambodia,KHM,1999,0.226,,0.74894494,0.032
Cambodia,KHM,2000,0.248,,1.04753,0.0470226
Cambodia,KHM,2001,0.265,,1.76528,0.0769561
Cambodia,KHM,2002,0.276,0.000388946,2.95599,0.226983
Cambodia,KHM,2003,0.24,0.00321049,3.81878,0.26057
Cambodia,KHM,2004,0.243,0.00588913,6.50447,0.300437
Cambodia,KHM,2005,0.245,0.00744092,7.90225,0.317322
Cambodia,KHM,2006,0.188,0.0212625,12.623,0.468357
Cambodia,KHM,2007,0.271,0.0610471,18.6632,0.49
Cambodia,KHM,2008,0.307,0.118078,30.1491,0.51
Cambodia,KHM,2009,0.38,0.210131,43.9034,0.53
Cambodia,KHM,2010,2.47,0.24596,56.2094,1.26
Cambodia,KHM,2011,3.6,0.14943,93.4415,3.1
Cambodia,KHM,2012,3.91,0.198955,127.835,4.94
Cambodia,KHM,2013,2.77,0.215211,133.581,6
Cambodia,KHM,2014,2.35,0.429382,132.833,14
Cambodia,KHM,2015,1.64,0.534485,133.458,6.43319
Cambodia,KHM,2016,1.43,0.615923,125.628,32.3985
Cambodia,KHM,2017,0.827,0.831394,115.551,32.9003
Cambodia,KHM,2018,0.542,1.02123,119.31,
Cambodia,KHM,2019,0.342,1.11872,129.957,52.3059
Cambodia,KHM,2020,0.332,1.3977,126.076,53.6508
Cambodia,KHM,2021,0.237,1.98089,117.235,57.9592
Cambodia,KHM,2022,0.223,2.96383,113.392,59.6606
Cambodia,KHM,2023,,3.64182,120.809,60.7171
Cameroon,CMR,1960,,,0,
Cameroon,CMR,1965,,,0,
Cameroon,CMR,1970,,,0,
Cameroon,CMR,1975,0.17558831,,0,
Cameroon,CMR,1976,0.17805935,,0,
Cameroon,CMR,1977,0.18099675,,0,
Cameroon,CMR,1978,0.18908614,,0,
Cameroon,CMR,1979,0.20108266,,0,
Cameroon,CMR,1980,0.20192744,,0,
Cameroon,CMR,1981,0.20731567,,0,
Cameroon,CMR,1982,0.23561437,,0,
Cameroon,CMR,1983,0.27147377,,0,
Cameroon,CMR,1984,0.29568064,,0,
Cameroon,CMR,1985,0.30457187,,0,
Cameroon,CMR,1986,0.32038882,,0,
Cameroon,CMR,1987,0.3354449,,0,
Cameroon,CMR,1988,0.33458576,,0,
Cameroon,CMR,1989,0.3468954,,0,
Cameroon,CMR,1990,0.355,,0,0
Cameroon,CMR,1991,0.359,,0,
Cameroon,CMR,1992,0.455,,0,
Cameroon,CMR,1993,0.463,,0,
Cameroon,CMR,1994,0.458,,0.012452465,
Cameroon,CMR,1995,0.502,,0.02119342,
Cameroon,CMR,1996,0.526,,0.025782073,
Cameroon,CMR,1997,0.546,,0.030126572,0.00677
Cameroon,CMR,1998,0.664,,0.03492938,0.0132
Cameroon,CMR,1999,0.651,,0.04081918,0.129
Cameroon,CMR,2000,0.637,,0.692561,0.25212
Cameroon,CMR,2001,0.694,,2.72573,0.277051
Cameroon,CMR,2002,0.705,,4.46094,0.360872
Cameroon,CMR,2003,0.603,,6.66446,0.587623
Cameroon,CMR,2004,0.599,,9.21627,0.976075
Cameroon,CMR,2005,0.588,0.00118304,13.1922,1.40265
Cameroon,CMR,2006,0.745,0.0023988,17.8682,2.02874
Cameroon,CMR,2007,1.05,0.00354573,25.1303,2.93
Cameroon,CMR,2008,1.37,0.00463011,33.1693,3.4
Cameroon,CMR,2009,2.28,0.0047086,41.8758,3.84
Cameroon,CMR,2010,2.74,0.0302724,43.9121,4.3
Cameroon,CMR,2011,3.31,0.05295,51.831,5
Cameroon,CMR,2012,3.54,0.0665368,62.9907,7.5
Cameroon,CMR,2013,3.73,0.0789632,73.1912,10
Cameroon,CMR,2014,5.24,0.0762968,77.24,16.2149
Cameroon,CMR,2015,4.61,0.089824,79.7801,18.3
Cameroon,CMR,2016,4.48,1.55529,79.8046,20.6
Cameroon,CMR,2017,3.67,1.58467,83.4503,23.203
Cameroon,CMR,2018,3.64,1.59561,74.3995,29.7
Cameroon,CMR,2019,3.36,1.57189,83.9044,36.5392
Cameroon,CMR,2020,3.68,2.75682,85.2722,41.2264
Cameroon,CMR,2021,3.22,2.23385,80.8081,42.0405
Cameroon,CMR,2022,3.24,2.12862,89.8274,41.775
Cameroon,CMR,2023,,,96.4817,41.9088
Canada,CAN,1960,27.848583,,0,
Canada,CAN,1961,27.9453,,,
Canada,CAN,1962,27.9453,,,
Canada,CAN,1963,27.9453,,,
Canada,CAN,1964,27.9453,,,
Canada,CAN,1965,26.7614,,0,
Canada,CAN,1966,26.8443,,,
Canada,CAN,1967,26.8443,,,
Canada,CAN,1968,26.8443,,,
Canada,CAN,1969,26.8443,,,
Canada,CAN,1970,30.39015,,0,
Canada,CAN,1971,30.4758,,,
Canada,CAN,1972,30.4758,,,
Canada,CAN,1973,30.4758,,,
Canada,CAN,1974,30.4758,,,
Canada,CAN,1975,35.779346,,0,
Canada,CAN,1976,36.745834,,0,
Canada,CAN,1977,37.612835,,0,
Canada,CAN,1978,38.689312,,0,
Canada,CAN,1979,39.617455,,0,
Canada,CAN,1980,40.711487,,0,
Canada,CAN,1981,41.483673,,0,
Canada,CAN,1982,41.17457,,0,
Canada,CAN,1983,41.27778,,0,
Canada,CAN,1984,46.196533,,0,
Canada,CAN,1985,48.29246,,0.04643258,
Canada,CAN,1986,49.578823,,0.2297436,
Canada,CAN,1987,50.854385,,0.372071,
Canada,CAN,1988,52.119316,,0.7556685,
Canada,CAN,1989,53.764393,,1.2669684,
Canada,CAN,1990,55,,2.1107194,0.361
Canada,CAN,1991,56.2,,2.7692661,0.57
Canada,CAN,1992,57,,3.621504,0.916
Canada,CAN,1993,58,,4.649694,1.18
Canada,CAN,1994,59.2,,6.4378967,2.38
Canada,CAN,1995,59.6,,8.8420315,4.16
Canada,CAN,1996,60.4,,11.819277,6.76
Canada,CAN,1997,62.1,,14.038198,15.1
Canada,CAN,1998,63.6,0.46442485,17.734394,24.9
Canada,CAN,1999,66.6,1.9144877,22.733843,36.2
Canada,CAN,2000,67.5,4.56733,28.2502,51.3
Canada,CAN,2001,67.7,9.08579,34.1166,60.2
Canada,CAN,2002,65.4,11.1461,37.6464,61.5933
Canada,CAN,2003,64.7,14.1756,41.7477,64.2
Canada,CAN,2004,64,16.8551,46.7437,65.956
Canada,CAN,2005,55.9,21.5905,52.4553,71.66
Canada,CAN,2006,55.7,24.555,57.2331,72.4
Canada,CAN,2007,55.2,27.4244,61.2755,73.2
Canada,CAN,2008,54.6,29.4247,66.0481,76.7
Canada,CAN,2009,55.3,30.4201,70.3945,80.3
Canada,CAN,2010,53.8,31.6318,75.5197,80.3
Canada,CAN,2011,52.9,32.6506,77.6723,83
Canada,CAN,2012,50.8,33.4739,79.3757,83
Canada,CAN,2013,47.9,34.2683,80.3549,85.8
Canada,CAN,2014,46,35.2694,80.7902,87.12
Canada,CAN,2015,43.4,36.4699,82.7674,90
Canada,CAN,2016,41.7,36.8233,84.5919,91.16
Canada,CAN,2017,39.3,37.8277,86.1024,92.7014
Canada,CAN,2018,37.1,38.7334,89.0495,94.64
Canada,CAN,2019,36,40.0768,90.9589,91.9129
Canada,CAN,2020,34.9,40.795,84.7748,92.3
Canada,CAN,2021,31.7,41.6931,87.4056,93.9371
Canada,CAN,2022,29.4,42.1792,91.2387,94
Canada,CAN,2023,27.7,42.5242,94.1497,93.9564
Cape Verde,CPV,1960,0.08958866,,0,
Cape Verde,CPV,1961,0.0931777,,,
Cape Verde,CPV,1962,0.0931777,,,
Cape Verde,CPV,1963,0.0931777,,,
Cape Verde,CPV,1964,0.0931777,,,
Cape Verde,CPV,1965,,,0,
Cape Verde,CPV,1966,0.0931777,,,
Cape Verde,CPV,1967,0.0931777,,,
Cape Verde,CPV,1968,0.0931777,,,
Cape Verde,CPV,1969,0.0931777,,,
Cape Verde,CPV,1970,,,0,
Cape Verde,CPV,1971,0.0931777,,,
Cape Verde,CPV,1972,0.0931777,,,
Cape Verde,CPV,1973,0.0931777,,,
Cape Verde,CPV,1974,0.0931777,,,
Cape Verde,CPV,1975,0.48952612,,0,
Cape Verde,CPV,1976,,,0,
Cape Verde,CPV,1977,,,0,
Cape Verde,CPV,1978,,,0,
Cape Verde,CPV,1979,,,0,
Cape Verde,CPV,1980,0.45360836,,0,
Cape Verde,CPV,1981,0.486609,,0,
Cape Verde,CPV,1982,0.5209626,,0,
Cape Verde,CPV,1983,0.57104874,,0,
Cape Verde,CPV,1984,0.6528096,,0,
Cape Verde,CPV,1985,0.6714253,,0,
Cape Verde,CPV,1986,1.081125,,0,
Cape Verde,CPV,1987,1.6098968,,0,
Cape Verde,CPV,1988,1.813539,,0,
Cape Verde,CPV,1989,1.8986459,,0,
Cape Verde,CPV,1990,2.2,,0,0
Cape Verde,CPV,1991,2.36,,0,
Cape Verde,CPV,1992,2.96,,0,
Cape Verde,CPV,1993,3.79,,0,
Cape Verde,CPV,1994,4.5,,0,
Cape Verde,CPV,1995,5.15,,0,
Cape Verde,CPV,1996,5.93,,0,
Cape Verde,CPV,1997,7.68,,0.004644099,0.241
Cape Verde,CPV,1998,9.09,,0.23170549,0.473
Cape Verde,CPV,1999,10.5,,1.7943763,1.16
Cape Verde,CPV,2000,12.1,,4.35214,1.82244
Cape Verde,CPV,2001,13.9,,6.84499,2.68533
Cape Verde,CPV,2002,15,,9.19588,3.51876
Cape Verde,CPV,2003,15.1,,11.2683,4.32489
Cape Verde,CPV,2004,15,0.0590358,13.7222,5.31883
Cape Verde,CPV,2005,14.8,0.19315,16.8457,6.07409
Cape Verde,CPV,2006,14.6,0.369655,22.183,6.80891
Cape Verde,CPV,2007,14.5,0.772486,30.6762,8.28322
Cape Verde,CPV,2008,14.3,1.47201,55.3839,14
Cape Verde,CPV,2009,14.2,2.16778,57.419,21
Cape Verde,CPV,2010,14.1,3.15251,72.9468,30
Cape Verde,CPV,2011,14.6,4.17091,77.5113,32
Cape Verde,CPV,2012,13.7,3.87788,83.0757,34.74
Cape Verde,CPV,2013,12.9,4.1392,97.5075,37.5
Cape Verde,CPV,2014,11.6,3.72341,119.724,40.26
Cape Verde,CPV,2015,12.4,3.23345,119.336,42.683
Cape Verde,CPV,2016,12.6,3.03207,117.442,50.3228
Cape Verde,CPV,2017,12.7,2.92322,119.374,57.1621
Cape Verde,CPV,2018,12.2,3.04958,118.876,59.5
Cape Verde,CPV,2019,11.2,3.93928,115.868,61.9434
Cape Verde,CPV,2020,11.2,4.82611,105.839,69.3734
Cape Verde,CPV,2021,10.6,5.90962,114.231,70.2825
Cape Verde,CPV,2022,11,6.56769,113.247,72.7601
Cape Verde,CPV,2023,11.6,7.23009,113.023,73.539
Cayman Islands,CYM,1960,,,0,
Cayman Islands,CYM,1965,,,0,
Cayman Islands,CYM,1970,13.29156,,0,
Cayman Islands,CYM,1971,15.3106,,,
Cayman Islands,CYM,1972,15.3106,,,
Cayman Islands,CYM,1973,15.3106,,,
Cayman Islands,CYM,1974,15.3106,,,
Cayman Islands,CYM,1975,17.76521,,0,
Cayman Islands,CYM,1976,19.023243,,0,
Cayman Islands,CYM,1977,20.50807,,0,
Cayman Islands,CYM,1978,21.592785,,0,
Cayman Islands,CYM,1979,23.201857,,0,
Cayman Islands,CYM,1980,24.269007,,0,
Cayman Islands,CYM,1981,,,0,
Cayman Islands,CYM,1982,,,0,
Cayman Islands,CYM,1983,,,0,
Cayman Islands,CYM,1984,32.848824,,0,
Cayman Islands,CYM,1985,34.45477,,0,
Cayman Islands,CYM,1986,35.05294,,0,
Cayman Islands,CYM,1987,38.181503,,,
Cayman Islands,CYM,1988,39.864754,,,
Cayman Islands,CYM,1989,43.23369,,,
Cayman Islands,CYM,1990,47.4,,0,0
Cayman Islands,CYM,1991,43.2,,2.0446234,
Cayman Islands,CYM,1992,44.6,,3.4452698,
Cayman Islands,CYM,1993,46.7,,4.194687,0
Cayman Islands,CYM,1994,56.2,,5.7705774,0
Cayman Islands,CYM,1995,59.3,,7.7251387,3.95
Cayman Islands,CYM,1997,53.5,,11.548947,
Cayman Islands,CYM,1998,74.9,,13.993396,
Cayman Islands,CYM,1999,82.3,,21.961092,
Cayman Islands,CYM,2000,88.2,,26.9698,
Cayman Islands,CYM,2001,92.5,,41.3736,
Cayman Islands,CYM,2002,89.4,,44.6912,
Cayman Islands,CYM,2003,86.5,,47.89,
Cayman Islands,CYM,2004,83.8,,74.5281,
Cayman Islands,CYM,2005,81.2,,173.004,38.0344
Cayman Islands,CYM,2006,78.8,,191.904,44.5
Cayman Islands,CYM,2007,70.5,,204.273,52
Cayman Islands,CYM,2008,69.9,34.2711,192.202,61
Cayman Islands,CYM,2009,68.7,34.7695,206.581,64.5
Cayman Islands,CYM,2010,69,34.8472,185.896,66
Cayman Islands,CYM,2011,67,33.8381,174.041,69.4659
Cayman Islands,CYM,2012,65.4,33.8228,172.98,69.7
Cayman Islands,CYM,2013,62.6,34.6688,167.14,71.4
Cayman Islands,CYM,2014,54.7,39.011,151.361,74.1
Cayman Islands,CYM,2015,54.4,44.4226,151.267,77
Cayman Islands,CYM,2016,54.1,38.8827,151.594,79
Cayman Islands,CYM,2017,53.9,48.3954,149.773,81.0677
Cayman Islands,CYM,2019,53.5,75.7497,147.044,
Cayman Islands,CYM,2020,52.4,46.5902,145.594,
Cayman Islands,CYM,2021,51.3,45.6439,142.637,
Cayman Islands,CYM,2022,50,56.3604,139.315,
Central African Republic,CAF,1960,,,0,
Central African Republic,CAF,1965,,,0,
Central African Republic,CAF,1970,,,0,
Central African Republic,CAF,1975,,,0,
Central African Republic,CAF,1976,,,0,
Central African Republic,CAF,1977,,,0,
Central African Republic,CAF,1978,0.10807466,,0,
Central African Republic,CAF,1979,0.0997771,,0,
Central African Republic,CAF,1980,0.108352005,,0,
Central African Republic,CAF,1981,0.10135149,,0,
Central African Republic,CAF,1982,0.11590045,,0,
Central African Republic,CAF,1983,0.112220086,,0,
Central African Republic,CAF,1984,0.10964765,,0,
Central African Republic,CAF,1985,0.10183798,,0,
Central African Republic,CAF,1986,0.15102775,,0,
Central African Republic,CAF,1987,0.15675215,,0,
Central African Republic,CAF,1988,0.16332772,,0,
Central African Republic,CAF,1989,0.16592582,,0,
Central African Republic,CAF,1990,0.174,,0,0
Central African Republic,CAF,1991,0.181,,0,
Central African Republic,CAF,1992,0.199,,0,
Central African Republic,CAF,1993,0.214,,0,
Central African Republic,CAF,1994,0.226,,0,
Central African Republic,CAF,1995,0.25,,0.001342812,
Central African Republic,CAF,1996,0.282,,0.03184117,0.00585
Central African Republic,CAF,1997,0.278,,0.03961287,0.0143
Central African Republic,CAF,1998,0.264,,0.045934476,0.0279
Central African Republic,CAF,1999,0.264,,0.1138602,0.0409
Central African Republic,CAF,2000,0.247,,0.129571,0.0533942
Central African Republic,CAF,2001,0.228,,0.280649,0.0785434
Central African Republic,CAF,2002,0.225,,0.314522,0.128537
Central African Republic,CAF,2003,0.232,,0.974876,0.151563
Central African Republic,CAF,2004,0.239,,1.43102,0.223401
Central African Republic,CAF,2005,0.233,,2.33165,0.268196
Central African Republic,CAF,2006,,,2.5128,0.311159
Central African Republic,CAF,2007,,,7.61859,0.375816
Central African Republic,CAF,2008,,,12.5028,1
Central African Republic,CAF,2009,0.0786,,19.0689,1.8
Central African Republic,CAF,2010,0.0207,,21.7946,2
Central African Republic,CAF,2011,0.0179,0.0177436,21.7402,2.2
Central African Republic,CAF,2012,0.0178,0.0131212,24.7918,2.4
Central African Republic,CAF,2013,0.0172,,29.3015,2.5
Central African Republic,CAF,2014,0.0173,,24.9962,2.7
Central African Republic,CAF,2015,0.0406,0.0401355,26.8397,2.9
Central African Republic,CAF,2016,0.0417,0.0156142,26.4836,3.1
Central African Republic,CAF,2017,0.0439,0.0129133,24.5204,4
Central African Republic,CAF,2018,0.045,0.0124624,26.2216,5.1
Central African Republic,CAF,2019,0.0404,0.0100916,32.2627,7.50916
Central African Republic,CAF,2020,0.0398,,36.426,
Central African Republic,CAF,2021,0.0391,0.00976115,35.817,
Central African Republic,CAF,2022,0.041,0.0160846,38.8218,
Chad,TCD,1960,,,0,
Chad,TCD,1965,0.044959474,,0,
Chad,TCD,1966,0.0453229,,,
Chad,TCD,1967,0.0453229,,,
Chad,TCD,1968,0.0453229,,,
Chad,TCD,1969,0.0453229,,,
Chad,TCD,1970,0.051807906,,0,
Chad,TCD,1971,0.0521462,,,
Chad,TCD,1972,0.0521462,,,
Chad,TCD,1973,0.0521462,,,
Chad,TCD,1974,0.0521462,,,
Chad,TCD,1975,0.058764335,,0,
Chad,TCD,1976,0.057650026,,0,
Chad,TCD,1977,0.056623124,,0,
Chad,TCD,1978,,,0,
Chad,TCD,1979,,,0,
Chad,TCD,1980,,,0,
Chad,TCD,1981,0.01247385,,0,
Chad,TCD,1982,0.014493293,,0,
Chad,TCD,1983,0.02387237,,0,
Chad,TCD,1984,0.03231342,,0,
Chad,TCD,1985,0.042294152,,0,
Chad,TCD,1986,0.044723105,,0,
Chad,TCD,1987,0.045709632,,0,
Chad,TCD,1988,0.060532138,,0,
Chad,TCD,1989,0.06417289,,0,
Chad,TCD,1990,0.0673,,0,0
Chad,TCD,1991,0.0664,,0,
Chad,TCD,1992,0.0649,,0,
Chad,TCD,1993,0.069,,0,
Chad,TCD,1994,0.0698,,0,
Chad,TCD,1995,0.0752,,0,
Chad,TCD,1996,0.081,,0,
Chad,TCD,1997,0.0974,,0,0.000658
Chad,TCD,1998,0.109,,0,0.00427
Chad,TCD,1999,0.118,,0,0.0123
Chad,TCD,2000,0.121,,0.064614,0.0357071
Chad,TCD,2001,0.121,,0.249883,0.0459341
Chad,TCD,2002,0.13,,0.375157,0.16607
Chad,TCD,2003,0.131,,0.685088,0.320309
Chad,TCD,2004,0.131,,1.23991,0.36092
Chad,TCD,2005,0.126,,2.03329,0.399258
Chad,TCD,2006,0.187,,4.35335,0.581046
Chad,TCD,2007,0.289,,8.28717,0.847225
Chad,TCD,2008,0.392,,13.9418,1.19
Chad,TCD,2009,0.49,0.00249711,19.1808,1.5
Chad,TCD,2010,0.416,0.00268831,23.3526,1.7
Chad,TCD,2011,0.25,0.123865,28.739,1.9
Chad,TCD,2012,0.211,0.147256,33.3229,2.1
Chad,TCD,2013,0.229,0.107289,33.3154,2.5
Chad,TCD,2014,0.166,0.071402,37.0123,2.9
Chad,TCD,2015,0.116,0.0773982,37.3153,3.5
Chad,TCD,2016,0.0882,0.0339141,36.9556,5.8
Chad,TCD,2017,0.0555,0.0021187,40.7649,6.4
Chad,TCD,2018,0.0559,0.00206728,43.2279,7
Chad,TCD,2019,0.0391,0.000407546,45.9379,7.6
Chad,TCD,2020,0.031,0,50.4343,8.34311
Chad,TCD,2021,0.0297,0,58.0323,13.1283
Chad,TCD,2022,0.0284,0,65.4378,12.4865
Chad,TCD,2023,,0,70.1874,13.1832
Chile,CHL,1960,1.6188395,,0,
Chile,CHL,1961,1.6206,,,
Chile,CHL,1962,1.6206,,,
Chile,CHL,1963,1.6206,,,
Chile,CHL,1964,1.6206,,,
Chile,CHL,1965,1.8121307,,0,
Chile,CHL,1966,1.8132,,,
Chile,CHL,1967,1.8132,,,
Chile,CHL,1968,1.8132,,,
Chile,CHL,1969,1.8132,,,
Chile,CHL,1970,2.4133234,,0,
Chile,CHL,1971,2.42254,,,
Chile,CHL,1972,2.42254,,,
Chile,CHL,1973,2.42254,,,
Chile,CHL,1974,2.42254,,,
Chile,CHL,1975,2.7914767,,0,
Chile,CHL,1976,2.850567,,0,
Chile,CHL,1977,2.9626632,,0,
Chile,CHL,1978,3.0975742,,0,
Chile,CHL,1979,3.1050048,,0,
Chile,CHL,1980,3.1648252,,0,
Chile,CHL,1981,3.322898,,0,
Chile,CHL,1982,3.4232407,,0,
Chile,CHL,1983,3.6476393,,0,
Chile,CHL,1984,3.959595,,0,
Chile,CHL,1985,4.3572264,,0,
Chile,CHL,1986,4.458723,,0,
Chile,CHL,1987,4.56859,,0,
Chile,CHL,1988,4.841672,,0,
Chile,CHL,1989,4.9195046,,0.037216406,
Chile,CHL,1990,6.43,,0.104332894,0
Chile,CHL,1991,7.73,,0.26645145,
Chile,CHL,1992,9.24,,0.4675418,0.0365
Chile,CHL,1993,10.8,,0.6085416,0.0718
Chile,CHL,1994,11.1,,0.8141134,0.141
Chile,CHL,1995,12.5,,1.3686397,0.347
Chile,CHL,1996,14.6,,2.1858602,0.683
Chile,CHL,1997,18,,2.766777,1.06
Chile,CHL,1998,20.1,,6.4297166,1.66
Chile,CHL,1999,20.3,,14.896059,4.1
Chile,CHL,2000,21.3,0.0495368,21.9402,16.6
Chile,CHL,2001,22.2,0.425425,32.5225,19.1
Chile,CHL,2002,21.9,1.18839,39.3766,22.1
Chile,CHL,2003,20.3,2.19806,45.3566,25.4738
Chile,CHL,2004,20.7,2.95838,57.2138,28.1779
Chile,CHL,2005,21.2,4.33405,64.6505,31.1753
Chile,CHL,2006,20.5,6.12777,75.4174,34.4978
Chile,CHL,2007,20.8,7.81156,83.7065,35.9
Chile,CHL,2008,20.9,8.47544,87.871,37.3
Chile,CHL,2009,20.9,9.72782,96.7107,41.56
Chile,CHL,2010,20.1,10.4145,115.545,45
Chile,CHL,2011,19.4,11.591,128.605,52.2496
Chile,CHL,2012,18.8,12.3655,136.656,55.05
Chile,CHL,2013,18.9,12.9766,133.778,58
Chile,CHL,2014,19.2,13.9369,132.56,61.11
Chile,CHL,2015,19.1,15.0681,128.584,76.6296
Chile,CHL,2016,18.5,15.9005,127.565,83.5586
Chile,CHL,2017,17.2,16.501,124.001,82.3275
Chile,CHL,2018,15.9,17.2067,133.27,84.9
Chile,CHL,2019,14.3,17.865,130.493,85.0176
Chile,CHL,2020,13.3,19.4306,129.414,87.4593
Chile,CHL,2021,12.9,22.014,136.572,90.2328
Chile,CHL,2022,11.3,22.7902,135.114,93.5377
Chile,CHL,2023,10.1,22.9954,135.871,94.4574
China,CHN,1960,,,0,
China,CHN,1965,,,0,
China,CHN,1970,,,0,
China,CHN,1975,0.18489285,,0,
China,CHN,1976,0.18948199,,0,
China,CHN,1977,0.19446598,,0,
China,CHN,1978,0.20154136,,0,
China,CHN,1979,0.20995581,,0,
China,CHN,1980,0.21791124,,0,
China,CHN,1981,0.22270031,,0,
China,CHN,1982,0.23113358,,0,
China,CHN,1983,0.24367805,,0,
China,CHN,1984,0.265665,,0,
China,CHN,1985,0.294273,,0,
China,CHN,1986,0.3251156,,0,
China,CHN,1987,0.35620126,,0.0000638,
China,CHN,1988,0.42360812,,0.000289186,
China,CHN,1989,0.500734,,0.000864322,
China,CHN,1990,0.594,,0.001587842,0
China,CHN,1991,0.722,,0.004061416,
China,CHN,1992,0.968,,0.014946866,
China,CHN,1993,1.45,,0.053350925,0.000169
China,CHN,1994,2.26,,0.12987801,0.00117
China,CHN,1995,3.34,,0.29791212,0.00495
China,CHN,1996,4.46,,0.5579261,0.0131
China,CHN,1997,5.66,,1.069073,0.0324
China,CHN,1998,6.99,,1.9138843,0.169
China,CHN,1999,8.63,,3.44869,0.708
China,CHN,2000,11.4,0.00178484,6.7156,1.77591
China,CHN,2001,14.1,0.0262981,11.3253,2.63965
China,CHN,2002,16.6,0.256319,16.0083,4.5957
China,CHN,2003,20.3,0.866656,20.8536,6.2
China,CHN,2004,23.9,1.91534,25.7141,7.3
China,CHN,2005,26.8,2.85109,30.0304,8.52326
China,CHN,2006,27.9,3.85819,34.9802,10.5232
China,CHN,2007,27.6,5.0093,41.2808,16
China,CHN,2008,25.5,6.21365,48.0758,22.6
China,CHN,2009,23.4,7.74497,55.6575,28.9
China,CHN,2010,21.8,9.34748,63.5563,34.3
China,CHN,2011,21,11.5043,72.5052,38.3
China,CHN,2012,20.3,12.7916,81.2076,42.3001
China,CHN,2013,19.4,13.6989,89.1302,45.8
China,CHN,2014,18,14.4445,92.6612,47.9
China,CHN,2015,16.5,19.8438,92.5401,50.3
China,CHN,2016,14.7,22.9761,97.2139,53.2
China,CHN,2017,13.7,27.9101,104.073,54.3
China,CHN,2018,13.5,28.7089,116.229,59.2
China,CHN,2019,13.4,31.5611,122.67,64.0809
China,CHN,2020,12.8,33.907,120.497,70.0528
China,CHN,2021,12.7,37.5612,121.492,73.0532
China,CHN,2022,12.6,41.3736,124.195,75.6113
China,CHN,2023,12.2,44.7289,128.247,90.6
China,CHN,2024,,,,92
Colombia,COL,1960,1.7525655,,0,
Colombia,COL,1961,1.71218,,,
Colombia,COL,1962,1.71218,,,
Colombia,COL,1963,1.71218,,,
Colombia,COL,1964,1.71218,,,
Colombia,COL,1965,2.150383,,0,
Colombia,COL,1966,2.09877,,,
Colombia,COL,1967,2.09877,,,
Colombia,COL,1968,2.09877,,,
Colombia,COL,1969,2.09877,,,
Colombia,COL,1970,2.8509579,,0,
Colombia,COL,1971,2.77467,,,
Colombia,COL,1972,2.77467,,,
Colombia,COL,1973,2.77467,,,
Colombia,COL,1974,2.77467,,,
Colombia,COL,1975,3.5789165,,0,
Colombia,COL,1976,3.601388,,0,
Colombia,COL,1977,3.8316267,,0,
Colombia,COL,1978,4.0426164,,0,
Colombia,COL,1979,3.9965875,,0,
Colombia,COL,1980,4.109459,,0,
Colombia,COL,1981,4.235275,,0,
Colombia,COL,1982,4.718193,,0,
Colombia,COL,1983,4.631723,,0,
Colombia,COL,1984,5.250881,,0,
Colombia,COL,1985,5.8046646,,0,
Colombia,COL,1986,6.0039616,,0,
Colombia,COL,1987,6.26832,,0,
Colombia,COL,1988,6.6237264,,0,
Colombia,COL,1989,6.818072,,0,
Colombia,COL,1990,7.44,,0,0
Colombia,COL,1991,7.96,,0,
Colombia,COL,1992,8.36,,0,
Colombia,COL,1993,9.12,,0,
Colombia,COL,1994,10,,0.24593814,0.107
Colombia,COL,1995,10.8,,0.763384,0.188
Colombia,COL,1996,12.7,,1.4273008,0.33
Colombia,COL,1997,14.5,,3.3915179,0.551
Colombia,COL,1998,16.8,,4.744385,1.13
Colombia,COL,1999,17.3,,5.0966263,1.7
Colombia,COL,2000,18.4,0.0226964,5.77336,2.20753
Colombia,COL,2001,18.6,0.0348281,8.22292,2.8542
Colombia,COL,2002,19.3,0.0865177,11.399,4.6
Colombia,COL,2003,19.2,0.157401,15.1114,7.38892
Colombia,COL,2004,18.3,0.305978,25.0356,9.11869
Colombia,COL,2005,18.2,0.756446,51.8645,11.0073
Colombia,COL,2006,18.4,1.47121,69.7165,15.3417
Colombia,COL,2007,18.3,2.7919,78.5031,21.8
Colombia,COL,2008,18.1,4.04967,94.529,25.6
Colombia,COL,2009,16.9,4.77684,95.2296,30
Colombia,COL,2010,16,5.90262,99.3308,36.5
Colombia,COL,2011,15.7,7.39764,102.079,40.3509
Colombia,COL,2012,15.5,8.61552,107.329,48.98
Colombia,COL,2013,15.5,9.83199,108.978,51.7
Colombia,COL,2014,15.4,10.799,118.823,52.5681
Colombia,COL,2015,15.1,11.7645,122.051,55.905
Colombia,COL,2016,15,12.4648,123.71,58.1365
Colombia,COL,2017,14.5,13.1537,129.272,62.2599
Colombia,COL,2018,14.2,13.6229,131.595,64.1264
Colombia,COL,2019,14.1,13.9253,132.811,65.0069
Colombia,COL,2020,14.3,15.3363,133.661,69.7953
Colombia,COL,2021,14.8,16.4768,146.628,73.0284
Colombia,COL,2022,14.6,17.0075,156.195,72.7964
Colombia,COL,2023,13.9,17.037,166.98,77.3369
Comoros,COM,1960,0,,0,
Comoros,COM,1961,0,,,
Comoros,COM,1962,0,,,
Comoros,COM,1963,0,,,
Comoros,COM,1964,0,,,
Comoros,COM,1965,0.046524826,,0,
Comoros,COM,1966,0.0482104,,,
Comoros,COM,1967,0.0482104,,,
Comoros,COM,1968,0.0482104,,,
Comoros,COM,1969,0.0482104,,,
Comoros,COM,1970,0.123787396,,0,
Comoros,COM,1971,0.130404,,,
Comoros,COM,1972,0.130404,,,
Comoros,COM,1973,0.130404,,,
Comoros,COM,1974,0.130404,,,
Comoros,COM,1975,0.16069363,,0,
Comoros,COM,1976,0.1731242,,0,
Comoros,COM,1977,0.20123963,,0,
Comoros,COM,1978,0.22731848,,0,
Comoros,COM,1979,0.25147507,,0,
Comoros,COM,1980,0.27411613,,0,
Comoros,COM,1981,0.29587024,,0,
Comoros,COM,1982,0.31695357,,0,
Comoros,COM,1983,0.33694804,,0,
Comoros,COM,1984,0.38286513,,0,
Comoros,COM,1985,0.42433116,,0,
Comoros,COM,1986,0.4589865,,0,
Comoros,COM,1987,0.507196,,0,
Comoros,COM,1988,0.5670596,,0,
Comoros,COM,1989,0.68853915,,0,
Comoros,COM,1990,0.734,,0,0
Comoros,COM,1991,0.799,,0,
Comoros,COM,1992,0.828,,0,
Comoros,COM,1993,0.847,,0,
Comoros,COM,1994,0.886,,0,
Comoros,COM,1995,0.892,,0,
Comoros,COM,1996,0.998,,0,
Comoros,COM,1997,1.08,,0,0
Comoros,COM,1998,1.21,,0,0.0379
Comoros,COM,1999,1.24,,0,0.148
Comoros,COM,2000,1.26,,0,0.271741
Comoros,COM,2001,1.62,,0,0.443068
Comoros,COM,2002,1.84,,0,0.55487
Comoros,COM,2003,2.32,,0.351002,0.848189
Comoros,COM,2004,2.6,0.000172205,1.44273,1.32733
Comoros,COM,2005,2.86,0.000674904,2.61913,2
Comoros,COM,2006,3.15,,6.09786,2.2
Comoros,COM,2007,4.22,0.0132917,10.0667,2.5
Comoros,COM,2008,4.58,0.0174795,14.5781,3
Comoros,COM,2009,4.8,0.0102812,19.0975,3.5
Comoros,COM,2010,3.24,0.0502416,25.2396,5.1
Comoros,COM,2011,3.46,0.0598752,32.3982,5.5
Comoros,COM,2012,3.52,0.18089,41.5931,5.9753
Comoros,COM,2013,3.3,0.18673,49.9144,6.5
Comoros,COM,2014,3.3,0.222487,53.8297,6.98
Comoros,COM,2015,2.01,0.220179,58.4556,7.45916
Comoros,COM,2016,1.76,0.220293,61.2598,7.93832
Comoros,COM,2017,2.27,0.217268,61.9708,8.47817
Comoros,COM,2018,1.34,0.198421,64.6591,
Comoros,COM,2019,1.28,0.162476,73.1292,16.3838
Comoros,COM,2020,0.944,0.1481,97.4339,22.4204
Comoros,COM,2021,0.905,0.150457,104.311,30.6812
Comoros,COM,2022,0.883,0.219375,100.549,32.7685
Comoros,COM,2023,1.04,0.387941,109.856,35.6678
Congo,COG,1960,,,0,
Congo,COG,1965,0.3230049,,0,
Congo,COG,1966,0.337548,,,
Congo,COG,1967,0.337548,,,
Congo,COG,1968,0.337548,,,
Congo,COG,1969,0.337548,,,
Congo,COG,1970,0.35075438,,0,
Congo,COG,1971,0.369286,,,
Congo,COG,1972,0.369286,,,
Congo,COG,1973,0.369286,,,
Congo,COG,1974,0.369286,,,
Congo,COG,1975,0.34462917,,0,
Congo,COG,1976,0.37822336,,0,
Congo,COG,1977,0.38202277,,0,
Congo,COG,1978,0.39697644,,0,
Congo,COG,1979,0.4302048,,0,
Congo,COG,1980,0.46423244,,0,
Congo,COG,1981,0.47483614,,0,
Congo,COG,1982,0.4688659,,0,
Congo,COG,1983,0.48902324,,0,
Congo,COG,1984,0.48712644,,0,
Congo,COG,1985,0.49254444,,0,
Congo,COG,1986,0.48487833,,0,
Congo,COG,1987,0.49825144,,0,
Congo,COG,1988,0.66612345,,0,
Congo,COG,1989,0.67989665,,0,
Congo,COG,1990,0.666,,0,0
Congo,COG,1991,0.69,,0,
Congo,COG,1992,0.711,,0,
Congo,COG,1993,0.739,,0,
Congo,COG,1994,0.769,,0,
Congo,COG,1995,0.779,,0,
Congo,COG,1996,0.778,,0.03550386,0.00353
Congo,COG,1997,0.762,,,0.00347
Congo,COG,1998,0.745,,0.115417376,0.00342
Congo,COG,1999,0.725,,0.16574627,0.0168
Congo,COG,2000,0.698,,2.22127,0.0263547
Congo,COG,2001,0.672,,4.5836,0.0322236
Congo,COG,2002,0.657,,6.61937,0.15725
Congo,COG,2003,0.203,,9.57701,0.460014
Congo,COG,2004,0.388,,10.76,1.0775
Congo,COG,2005,0.43,,15.101,1.46342
Congo,COG,2006,0.358,,23.9093,2.00799
Congo,COG,2007,0.337,,32.349,2.7597
Congo,COG,2008,0.22,,43.9283,4.28751
Congo,COG,2009,0.271,0.00291973,68.866,4.5
Congo,COG,2010,0.3,0.0056025,83.3372,5
Congo,COG,2011,0.308,0.0284399,84.2731,5.6
Congo,COG,2012,0.315,0.0293643,90.3529,6.1067
Congo,COG,2013,0.323,0.00901773,95.9371,6.6
Congo,COG,2014,0.328,0.0100485,99.08,7.11
Congo,COG,2015,0.333,,102.323,7.61597
Congo,COG,2016,0.326,,103.858,8.12195
Congo,COG,2017,0.318,,94.4868,8.65
Congo,COG,2018,,,91.189,
Congo,COG,2019,0.303,,91.0654,
Congo,COG,2020,0.296,,97.6561,24.8206
Congo,COG,2021,,0.2569,95.8615,33.3461
Congo,COG,2022,0.292,0.435883,93.6259,37.4939
Congo,COG,2023,,1.26798,94.8715,38.3791
Costa Rica,CRI,1960,0.7427754,,0,
Costa Rica,CRI,1961,0.751438,,,
Costa Rica,CRI,1962,0.751438,,,
Costa Rica,CRI,1963,0.751438,,,
Costa Rica,CRI,1964,0.751438,,,
Costa Rica,CRI,1965,1.2478662,,0,
Costa Rica,CRI,1966,1.25562,,,
Costa Rica,CRI,1967,1.25562,,,
Costa Rica,CRI,1968,1.25562,,,
Costa Rica,CRI,1969,1.25562,,,
Costa Rica,CRI,1970,2.155523,,0,
Costa Rica,CRI,1971,2.16521,,,
Costa Rica,CRI,1972,2.16521,,,
Costa Rica,CRI,1973,2.16521,,,
Costa Rica,CRI,1974,2.16521,,,
Costa Rica,CRI,1975,3.8354998,,0,
Costa Rica,CRI,1976,4.189073,,0,
Costa Rica,CRI,1977,4.7716827,,0,
Costa Rica,CRI,1978,5.384457,,0,
Costa Rica,CRI,1979,5.686902,,0,
Costa Rica,CRI,1980,6.5194798,,0,
Costa Rica,CRI,1981,6.875334,,0,
Costa Rica,CRI,1982,7.3922095,,0,
Costa Rica,CRI,1983,7.430033,,0,
Costa Rica,CRI,1984,7.50905,,0,
Costa Rica,CRI,1985,7.5747,,0,
Costa Rica,CRI,1986,7.5392365,,0,
Costa Rica,CRI,1987,8.221446,,0,
Costa Rica,CRI,1988,8.546535,,0,
Costa Rica,CRI,1989,8.834034,,0,
Costa Rica,CRI,1990,9.02,,0,0
Costa Rica,CRI,1991,9.52,,0,
Costa Rica,CRI,1992,9.95,,0.0905495,0.00111
Costa Rica,CRI,1993,10.8,,0.1331132,0.0815
Costa Rica,CRI,1994,12.5,,0.20019192,0.28
Costa Rica,CRI,1995,13.5,,0.5247902,0.417
Costa Rica,CRI,1996,14.5,,1.2726483,0.841
Costa Rica,CRI,1997,18.5,,1.7218436,1.64
Costa Rica,CRI,1998,19.6,,2.8463225,2.67
Costa Rica,CRI,1999,20.8,,3.541727,3.9
Costa Rica,CRI,2000,22.8,,5.374,5.80025
Costa Rica,CRI,2001,23.6,,8.15536,9.55948
Costa Rica,CRI,2002,25.5,0.220551,12.3286,19.8949
Costa Rica,CRI,2003,28,0.359478,18.805,20.3336
Costa Rica,CRI,2004,32,0.665011,21.9778,20.7923
Costa Rica,CRI,2005,32.6,1.05401,25.8447,22.07
Costa Rica,CRI,2006,30.8,1.92827,33.409,25.1
Costa Rica,CRI,2007,32.8,2.16883,34.4323,28.4
Costa Rica,CRI,2008,32.4,2.47607,42.4898,32.29
Costa Rica,CRI,2009,33.3,4.05917,43.3424,34.33
Costa Rica,CRI,2010,23.3,8.69766,68.6655,36.5
Costa Rica,CRI,2011,22.4,9.10623,90.0915,39.2122
Costa Rica,CRI,2012,21.3,9.61836,115.312,47.5
Costa Rica,CRI,2013,20.5,10.2813,150.801,45.96
Costa Rica,CRI,2014,18.5,10.8312,147.267,53
Costa Rica,CRI,2015,17.8,11.5951,156.404,59.763
Costa Rica,CRI,2016,17.2,13.131,171.166,65.8804
Costa Rica,CRI,2017,16.6,15.1438,179.931,71.5817
Costa Rica,CRI,2018,15.5,16.8377,171.357,73.4797
Costa Rica,CRI,2019,12.8,18.0963,146.212,81.2026
Costa Rica,CRI,2020,11.1,19.7191,149.223,80.5302
Costa Rica,CRI,2021,9.95,20.9243,154.831,82.749
Costa Rica,CRI,2022,9.67,21.7576,154.989,82.598
Costa Rica,CRI,2023,13.3,22.5231,145.789,85.3951
Cote d'Ivoire,CIV,1960,0.09949683,,0,
Cote d'Ivoire,CIV,1961,0.105322,,,
Cote d'Ivoire,CIV,1962,0.105322,,,
Cote d'Ivoire,CIV,1963,0.105322,,,
Cote d'Ivoire,CIV,1964,0.105322,,,
Cote d'Ivoire,CIV,1965,0.19141355,,0,
Cote d'Ivoire,CIV,1966,0.203461,,,
Cote d'Ivoire,CIV,1967,0.203461,,,
Cote d'Ivoire,CIV,1968,0.203461,,,
Cote d'Ivoire,CIV,1969,0.203461,,,
Cote d'Ivoire,CIV,1970,0.31038404,,0,
Cote d'Ivoire,CIV,1971,0.333198,,,
Cote d'Ivoire,CIV,1972,0.333198,,,
Cote d'Ivoire,CIV,1973,0.333198,,,
Cote d'Ivoire,CIV,1974,0.333198,,,
Cote d'Ivoire,CIV,1975,0.35048243,,0,
Cote d'Ivoire,CIV,1976,0.36689258,,0,
Cote d'Ivoire,CIV,1977,0.37346783,,0,
Cote d'Ivoire,CIV,1978,0.39633462,,0,
Cote d'Ivoire,CIV,1979,0.4083854,,0,
Cote d'Ivoire,CIV,1980,0.45117843,,0,
Cote d'Ivoire,CIV,1981,0.49399057,,0,
Cote d'Ivoire,CIV,1982,0.5255295,,0,
Cote d'Ivoire,CIV,1983,0.54912436,,0,
Cote d'Ivoire,CIV,1984,0.53774893,,0,
Cote d'Ivoire,CIV,1985,0.57293826,,0,
Cote d'Ivoire,CIV,1986,0.5927674,,0,
Cote d'Ivoire,CIV,1987,0.5968023,,0,
Cote d'Ivoire,CIV,1988,0.60365695,,0,
Cote d'Ivoire,CIV,1989,0.5964873,,0,
Cote d'Ivoire,CIV,1990,0.597,,0,0
Cote d'Ivoire,CIV,1991,0.641,,0,
Cote d'Ivoire,CIV,1992,0.635,,0,
Cote d'Ivoire,CIV,1993,0.656,,0,
Cote d'Ivoire,CIV,1994,0.723,,0,
Cote d'Ivoire,CIV,1995,0.779,,0,0.0002
Cote d'Ivoire,CIV,1996,0.841,,0.09147964,0.00841
Cote d'Ivoire,CIV,1997,0.887,,0.23475014,0.0188
Cote d'Ivoire,CIV,1998,1.02,,0.5751438,0.061
Cote d'Ivoire,CIV,1999,1.27,,1.5730801,0.119
Cote d'Ivoire,CIV,2000,1.49,,2.6722,0.231462
Cote d'Ivoire,CIV,2001,1.61,,4.00764,0.395748
Cote d'Ivoire,CIV,2002,1.74,,5.5056,0.497929
Cote d'Ivoire,CIV,2003,1.24,0.00215942,6.69626,0.75867
Cote d'Ivoire,CIV,2004,1.32,0.00421536,8.54469,0.849282
Cote d'Ivoire,CIV,2005,1.29,0.00617387,11.7071,1.03924
Cote d'Ivoire,CIV,2006,1.32,0.0486694,19.7861,1.5249
Cote d'Ivoire,CIV,2007,1.18,0.0475499,35.5088,1.8
Cote d'Ivoire,CIV,2008,1.66,0.0464804,48.5676,1.9
Cote d'Ivoire,CIV,2009,1.28,0.0454588,59.9343,2
Cote d'Ivoire,CIV,2010,1.26,,69.3659,2.7
Cote d'Ivoire,CIV,2011,1.2,,75.4688,2.9
Cote d'Ivoire,CIV,2012,1.18,0.196731,77.1273,4.4
Cote d'Ivoire,CIV,2013,1.14,0.235094,80.9987,6.6
Cote d'Ivoire,CIV,2014,0.989,0.517205,90.122,10
Cote d'Ivoire,CIV,2015,1.1,0.434546,100.639,38.44
Cote d'Ivoire,CIV,2016,1.11,0.524752,105.625,41.2078
Cote d'Ivoire,CIV,2017,1.14,0.534257,118.755,43.8399
Cote d'Ivoire,CIV,2018,1.1,0.640536,123.098,37.5465
Cote d'Ivoire,CIV,2019,0.964,0.768712,132.574,36.289
Cote d'Ivoire,CIV,2020,0.912,0.903911,138.664,36.0166
Cote d'Ivoire,CIV,2021,0.895,1.13038,150.344,35.9507
Cote d'Ivoire,CIV,2022,0.866,1.25179,161.232,38.4133
Cote d'Ivoire,CIV,2023,0.784,1.36337,171.989,40.6528
Croatia,HRV,1960,,,0,
Croatia,HRV,1965,,,0,
Croatia,HRV,1970,2.9381402,,0,
Croatia,HRV,1971,2.98435,,,
Croatia,HRV,1972,2.98435,,,
Croatia,HRV,1973,2.98435,,,
Croatia,HRV,1974,2.98435,,,
Croatia,HRV,1975,4.7822566,,0,
Croatia,HRV,1976,5.3274693,,0,
Croatia,HRV,1977,5.780215,,0,
Croatia,HRV,1978,6.524911,,0,
Croatia,HRV,1979,7.120253,,0,
Croatia,HRV,1980,7.7348046,,0,
Croatia,HRV,1981,8.418403,,0,
Croatia,HRV,1982,9.368278,,0,
Croatia,HRV,1983,10.522129,,0,
Croatia,HRV,1984,11.3056755,,0,
Croatia,HRV,1985,12.074969,,0,
Croatia,HRV,1986,12.839937,,0,
Croatia,HRV,1987,13.608354,,0,
Croatia,HRV,1988,14.480968,,0,
Croatia,HRV,1989,15.467703,,0,
Croatia,HRV,1990,17,,0.004924384,0
Croatia,HRV,1991,18.5,,0.041675936,
Croatia,HRV,1992,20,,0.13171273,
Croatia,HRV,1993,21.7,,0.23750095,0.0972
Croatia,HRV,1994,25.8,,0.44951412,0.268
Croatia,HRV,1995,27.9,,0.7007967,0.514
Croatia,HRV,1996,30.4,,1.3647422,0.859
Croatia,HRV,1997,33,,2.5559428,1.73
Croatia,HRV,1998,35,,3.916366,3.27
Croatia,HRV,1999,37.2,,6.4056225,4.41
Croatia,HRV,2000,39.8,,23.8783,6.64488
Croatia,HRV,2001,41.4,,40.8038,11.5586
Croatia,HRV,2002,42.4,,53.7092,17.76
Croatia,HRV,2003,43.5,0.078947,58.9154,22.75
Croatia,HRV,2004,43.8,0.607881,65.788,30.91
Croatia,HRV,2005,43.6,2.69359,84.6024,33.14
Croatia,HRV,2006,42.4,5.83438,101.84,37.98
Croatia,HRV,2007,42.8,8.96789,116.651,41.44
Croatia,HRV,2008,43.5,12.2372,105.566,44.24
Croatia,HRV,2009,43.1,16.6419,108.456,50.58
Croatia,HRV,2010,43.4,19.48,114.582,56.55
Croatia,HRV,2011,43.2,20.8566,119.49,57.79
Croatia,HRV,2012,40.9,21.5819,116.719,61.94
Croatia,HRV,2013,39.3,22.5043,111.282,66.7476
Croatia,HRV,2014,37.2,23.3319,105.732,68.5679
Croatia,HRV,2015,35.3,23.5726,105.544,69.845
Croatia,HRV,2016,34.7,25.2341,106.718,72.6973
Croatia,HRV,2017,34.4,26.8651,105.795,67.0962
Croatia,HRV,2018,33.7,28.0156,109.034,75.2946
Croatia,HRV,2019,33.5,28.9683,110.494,79.0798
Croatia,HRV,2020,32.9,26.0745,110.666,78.3209
Croatia,HRV,2021,32.3,26.7158,112.169,81.254
Croatia,HRV,2022,31.6,27.6607,114.677,82.0716
Croatia,HRV,2023,30.9,28.471,117.113,83.2412
Croatia,HRV,2024,,,,83.6324
Cuba,CUB,1960,2.1383457,,0,
Cuba,CUB,1961,2.17612,,,
Cuba,CUB,1962,2.17612,,,
Cuba,CUB,1963,2.17612,,,
Cuba,CUB,1964,2.17612,,,
Cuba,CUB,1965,,,0,
Cuba,CUB,1966,2.17612,,,
Cuba,CUB,1967,2.17612,,,
Cuba,CUB,1968,2.17612,,,
Cuba,CUB,1969,2.17612,,,
Cuba,CUB,1970,,,0,
Cuba,CUB,1971,2.17612,,,
Cuba,CUB,1972,2.17612,,,
Cuba,CUB,1973,2.17612,,,
Cuba,CUB,1974,2.17612,,,
Cuba,CUB,1975,,,0,
Cuba,CUB,1976,2.0518992,,0,
Cuba,CUB,1977,2.0366924,,0,
Cuba,CUB,1978,2.0143914,,0,
Cuba,CUB,1979,2.1586316,,0,
Cuba,CUB,1980,,,0,
Cuba,CUB,1981,2.3566897,,0,
Cuba,CUB,1982,2.4624393,,0,
Cuba,CUB,1983,2.5539355,,0,
Cuba,CUB,1984,2.5482986,,0,
Cuba,CUB,1985,2.6465547,,0,
Cuba,CUB,1986,2.811788,,0,
Cuba,CUB,1987,3.5867457,,0,
Cuba,CUB,1988,3.388828,,0,
Cuba,CUB,1989,2.8887775,,0,
Cuba,CUB,1990,3.17,,0,0
Cuba,CUB,1991,3.16,,0,
Cuba,CUB,1992,3.12,,0.002169932,
Cuba,CUB,1993,3.22,,0.004612149,
Cuba,CUB,1994,3.21,,0.010581227,
Cuba,CUB,1995,3.23,,0.017745517,0.0000917
Cuba,CUB,1996,3.25,,0.022138039,0.0319
Cuba,CUB,1997,3.37,,0.027222812,0.0682
Cuba,CUB,1998,3.51,,0.036759913,0.227
Cuba,CUB,1999,3.92,,0.04639527,0.315
Cuba,CUB,2000,4.4,,0.0588346,0.541183
Cuba,CUB,2001,5.15,,0.0769822,1.07975
Cuba,CUB,2002,5.96,,0.159706,3.77059
Cuba,CUB,2003,6.46,,0.315414,5.24127
Cuba,CUB,2004,6.84,,0.674425,8.40798
Cuba,CUB,2005,7.6,,1.2034,9.73806
Cuba,CUB,2006,8.53,,1.35403,11.1596
Cuba,CUB,2007,9.35,0.0172407,1.75642,11.69
Cuba,CUB,2008,9.64,0.0198906,2.93786,12.94
Cuba,CUB,2009,9.91,0.0255252,5.49953,14.33
Cuba,CUB,2010,10.3,0.032804,8.87827,15.9
Cuba,CUB,2011,10.6,0.0391185,11.6368,16.0173
Cuba,CUB,2012,10.8,0.0443504,14.8776,21.2
Cuba,CUB,2013,11,0.0474413,17.6639,27.93
Cuba,CUB,2014,11.2,0.0690515,22.4243,29.0702
Cuba,CUB,2015,11.5,0.0723455,29.5816,37.3051
Cuba,CUB,2016,11.7,0.128071,35.3989,42.9787
Cuba,CUB,2017,12,0.298155,41.0193,57.1484
Cuba,CUB,2018,12.3,0.880351,47.8602,62.6789
Cuba,CUB,2019,12.9,1.63112,53.9383,67.9708
Cuba,CUB,2020,13.4,2.07272,59.6059,71.1191
Cuba,CUB,2021,13.8,2.67323,63.8661,67.6435
Cuba,CUB,2022,14.2,2.892,68.718,68.25
Cuba,CUB,2023,14.4,2.97118,69.5768,71.275
Curacao,CUW,2009,53.3,,129.053,
Curacao,CUW,2010,50.3,,130.052,
Curacao,CUW,2011,42.9,20.0547,130.1,
Curacao,CUW,2012,39.7,22.1157,127.231,
Curacao,CUW,2013,39.1,22.6842,124.764,
Curacao,CUW,2014,37,23.4283,116.689,
Curacao,CUW,2015,37.6,24.0079,114.331,
Curacao,CUW,2016,35.3,25.4574,111.242,61.8555
Curacao,CUW,2017,36.6,29.2839,111.078,68.1272
Curacao,CUW,2018,32.4,28.5467,102.647,
Curacao,CUW,2019,28.2,28.1187,97.2001,
Curacao,CUW,2020,28.9,31.5937,91.883,
Curacao,CUW,2021,28.7,32.5705,90.6602,
Curacao,CUW,2022,27.3,32.9116,92.7325,
Curacao,CUW,2023,,31.5127,93.7976,
Cyprus,CYP,1960,1.8553783,,0,
Cyprus,CYP,1961,1.85538,,,
Cyprus,CYP,1962,1.85538,,,
Cyprus,CYP,1963,1.85538,,,
Cyprus,CYP,1964,1.85538,,,
Cyprus,CYP,1965,3.5371816,,0,
Cyprus,CYP,1966,3.53718,,,
Cyprus,CYP,1967,3.53718,,,
Cyprus,CYP,1968,3.53718,,,
Cyprus,CYP,1969,3.53718,,,
Cyprus,CYP,1970,5.436435,,0,
Cyprus,CYP,1971,5.43644,,,
Cyprus,CYP,1972,5.43644,,,
Cyprus,CYP,1973,5.43644,,,
Cyprus,CYP,1974,5.43644,,,
Cyprus,CYP,1975,8.532855,,0,
Cyprus,CYP,1976,9.580036,,0,
Cyprus,CYP,1977,8.713166,,0,
Cyprus,CYP,1978,10.678143,,0,
Cyprus,CYP,1979,12.0168915,,0,
Cyprus,CYP,1980,13.121313,,0,
Cyprus,CYP,1981,14.991068,,0,
Cyprus,CYP,1982,16.35791,,0,
Cyprus,CYP,1983,18.947119,,0,
Cyprus,CYP,1984,22.337322,,0,
Cyprus,CYP,1985,25.143967,,0,
Cyprus,CYP,1986,28.478722,,0,
Cyprus,CYP,1987,32.541645,,0,
Cyprus,CYP,1988,36.160202,,0.030037547,
Cyprus,CYP,1989,39.31577,,0.23753303,
Cyprus,CYP,1990,42.4,,0.5447014,0
Cyprus,CYP,1991,45.2,,0.8624979,
Cyprus,CYP,1992,47.6,,1.5949886,0.0501
Cyprus,CYP,1993,49.7,,2.442953,0.0564
Cyprus,CYP,1994,51.7,,3.5896714,0.111
Cyprus,CYP,1995,52.9,,6.7732744,0.41
Cyprus,CYP,1996,55,,10.6229925,0.673
Cyprus,CYP,1997,57.2,,13.620853,4.38
Cyprus,CYP,1998,59.3,,17.049202,8.89
Cyprus,CYP,1999,61.4,,21.962202,11.3
Cyprus,CYP,2000,63.1,,31.3009,15.2554
Cyprus,CYP,2001,61.7,0.354359,44.5578,18.8188
Cyprus,CYP,2002,59.9,0.823735,58.5586,28.32
Cyprus,CYP,2003,58.7,1.38788,76.3248,30.09
Cyprus,CYP,2004,57.1,2.32879,89.8,33.83
Cyprus,CYP,2005,56.5,4.28172,105.175,32.81
Cyprus,CYP,2006,53.9,8.32353,114.499,35.83
Cyprus,CYP,2007,52.7,12.5725,127.294,40.77
Cyprus,CYP,2008,51.9,18.4811,127.587,42.31
Cyprus,CYP,2009,50.6,21.4899,119.341,49.81
Cyprus,CYP,2010,49.2,23.1549,123.133,52.99
Cyprus,CYP,2011,47,24.6113,126.56,56.8599
Cyprus,CYP,2012,43.1,25.4741,128.298,60.6899
Cyprus,CYP,2013,40.7,26.7127,128.161,65.4548
Cyprus,CYP,2014,38.7,28.7616,131.145,69.3287
Cyprus,CYP,2015,38.2,30.725,130.982,71.7157
Cyprus,CYP,2016,37.5,32.5787,132.637,75.9002
Cyprus,CYP,2017,36.7,34.215,136.172,80.7432
Cyprus,CYP,2018,35.6,35.8108,137.045,84.4336
Cyprus,CYP,2019,36.5,36.7753,139.994,86.0636
Cyprus,CYP,2020,34.8,37.0625,138.388,90.8019
Cyprus,CYP,2021,33.7,37.6671,145.992,90.7595
Cyprus,CYP,2022,32.3,37.8998,151.241,89.601
Cyprus,CYP,2023,29.3,38.7322,155.696,91.2211
Czechia,CZE,1960,,,0,
Czechia,CZE,1965,,,0,
Czechia,CZE,1970,,,0,
Czechia,CZE,1975,,,0,
Czechia,CZE,1976,,,0,
Czechia,CZE,1977,,,0,
Czechia,CZE,1978,,,0,
Czechia,CZE,1979,11.258481,,0,
Czechia,CZE,1980,11.477363,,0,
Czechia,CZE,1981,11.712507,,0,
Czechia,CZE,1982,11.956684,,0,
Czechia,CZE,1983,12.324226,,0,
Czechia,CZE,1984,12.635069,,0,
Czechia,CZE,1985,12.932332,,0,
Czechia,CZE,1986,13.397747,,0,
Czechia,CZE,1987,13.948967,,0,
Czechia,CZE,1988,14.513314,,0,
Czechia,CZE,1989,15.114548,,0,
Czechia,CZE,1990,15.8,,0,0
Czechia,CZE,1991,16.6,,0.012054318,
Czechia,CZE,1992,17.6,,0.04510736,
Czechia,CZE,1993,19.1,,0.13608988,0.581
Czechia,CZE,1994,21.1,,0.29481745,1.26
Czechia,CZE,1995,23.7,,0.47421852,1.45
Czechia,CZE,1996,27.4,,1.9456273,1.94
Czechia,CZE,1997,31.9,,5.1205053,2.92
Czechia,CZE,1998,36.4,,9.406584,3.9
Czechia,CZE,1999,37.1,,18.972828,6.83
Czechia,CZE,2000,37.8,0.0244217,42.4547,9.78053
Czechia,CZE,2001,37.7,0.0605946,67.8967,14.6972
Czechia,CZE,2002,35.9,0.149422,84.0881,23.93
Czechia,CZE,2003,35.4,0.338475,94.7289,34.3
Czechia,CZE,2004,33.4,2.29983,105.078,35.5
Czechia,CZE,2005,31.3,6.8974,114.55,35.27
Czechia,CZE,2006,28,10.7962,120.395,47.93
Czechia,CZE,2007,23.2,14.4785,127.967,51.93
Czechia,CZE,2008,23.9,16.9545,132.779,62.97
Czechia,CZE,2009,24.2,19.5386,125.349,64.43
Czechia,CZE,2010,22.6,21.6091,123.605,68.82
Czechia,CZE,2011,21,23.9064,125.46,70.49
Czechia,CZE,2012,20.2,25.2869,128.69,73.43
Czechia,CZE,2013,19,27.1727,130.521,74.1104
Czechia,CZE,2014,19,28.4754,132.289,74.2317
Czechia,CZE,2015,18.1,27.998,118.34,75.6688
Czechia,CZE,2016,16.7,29.1491,118.544,76.4812
Czechia,CZE,2017,15.6,29.8453,119.874,78.7192
Czechia,CZE,2018,14.3,30.5513,120.432,80.6882
Czechia,CZE,2019,14.2,35.4302,124.126,80.8669
Czechia,CZE,2020,12.7,36.4491,123.219,81.3389
Czechia,CZE,2021,12.4,37.4985,126.173,82.6706
Czechia,CZE,2022,11.6,37.7137,128.105,84.5401
Czechia,CZE,2023,11.1,37.91,126.005,85.994
Czechia,CZE,2024,,,,87.6878
Democratic Republic of Congo,COD,1960,,,0,
Democratic Republic of Congo,COD,1965,,,0,
Democratic Republic of Congo,COD,1970,0.110660456,,0,
Democratic Republic of Congo,COD,1971,0.111439,,,
Democratic Republic of Congo,COD,1972,0.111439,,,
Democratic Republic of Congo,COD,1973,0.111439,,,
Democratic Republic of Congo,COD,1974,0.111439,,,
Democratic Republic of Congo,COD,1975,0.11668908,,0,
Democratic Republic of Congo,COD,1976,0.11371795,,0,
Democratic Republic of Congo,COD,1977,0.10430209,,0,
Democratic Republic of Congo,COD,1978,0.10113833,,0,
Democratic Republic of Congo,COD,1979,0.09767299,,0,
Democratic Republic of Congo,COD,1980,0.099593066,,0,
Democratic Republic of Congo,COD,1981,0.08751617,,0,
Democratic Republic of Congo,COD,1982,0.08848934,,0,
Democratic Republic of Congo,COD,1983,0.08836354,,0,
Democratic Republic of Congo,COD,1984,0.095950946,,0,
Democratic Republic of Congo,COD,1985,0.094188154,,0,
Democratic Republic of Congo,COD,1986,0.09141018,,0,
Democratic Republic of Congo,COD,1987,0.08865093,,0,
Democratic Republic of Congo,COD,1988,0.08647691,,0,
Democratic Republic of Congo,COD,1989,0.09188566,,0,
Democratic Republic of Congo,COD,1990,0.0927,,0,0
Democratic Republic of Congo,COD,1991,0.0923,,0,
Democratic Republic of Congo,COD,1992,0.0918,,,
Democratic Republic of Congo,COD,1993,0.0885,,,
Democratic Republic of Congo,COD,1994,0.0845,,,
Democratic Republic of Congo,COD,1995,0.081,,0.019636927,
Democratic Republic of Congo,COD,1996,0.0795,,0.016319606,0.000108
Democratic Republic of Congo,COD,1997,0.0198,,0.019856233,0.000211
Democratic Republic of Congo,COD,1998,0.0198,,0.021788618,0.000413
Democratic Republic of Congo,COD,1999,0.0195,,0.025409065,0.00101
Democratic Republic of Congo,COD,2000,0.0194,,0.0296986,0.00590211
Democratic Republic of Congo,COD,2001,0.0191,,0.287728,0.0114758
Democratic Republic of Congo,COD,2002,0.0186,,1.04185,0.0927907
Democratic Republic of Congo,COD,2003,0.0176,,2.25179,0.134915
Democratic Republic of Congo,COD,2004,0.0185,,3.49263,0.196208
Democratic Republic of Congo,COD,2005,0.018,,4.67216,0.238038
Democratic Republic of Congo,COD,2006,0.016,,7.28434,0.296054
Democratic Republic of Congo,COD,2007,0.0056,,10.551,0.37
Democratic Republic of Congo,COD,2008,0.058,,15.4333,0.44
Democratic Republic of Congo,COD,2009,0.0637,,14.2422,0.56
Democratic Republic of Congo,COD,2010,0.0612,0,17.2401,0.72
Democratic Republic of Congo,COD,2011,0.0804,,22.0819,1.2
Democratic Republic of Congo,COD,2012,0.0813,,27.4285,1.67996
Democratic Republic of Congo,COD,2013,0,0.000593751,37.2505,2.2
Democratic Republic of Congo,COD,2014,0,0.000637729,47.3232,3
Democratic Republic of Congo,COD,2015,0,0.00123403,46.5879,3.8
Democratic Republic of Congo,COD,2016,0,0.00119109,34.4099,10.1
Democratic Republic of Congo,COD,2017,0,0.00114832,40.6223,8.6199
Democratic Republic of Congo,COD,2018,0,0.00513062,40.5014,11.7
Democratic Republic of Congo,COD,2019,0,0.0128029,39.94,16.4812
Democratic Republic of Congo,COD,2020,0,0.032295,42.5028,21.6422
Democratic Republic of Congo,COD,2021,0,0.0312661,47.2883,28.4193
Democratic Republic of Congo,COD,2022,0,0.0322275,48.6774,29.4996
Democratic Republic of Congo,COD,2023,,0.0219936,53.1889,30.548
Denmark,DNK,1960,18.20246,,0,
Denmark,DNK,1961,18.2049,,,
Denmark,DNK,1962,18.2049,,,
Denmark,DNK,1963,18.2049,,,
Denmark,DNK,1964,18.2049,,,
Denmark,DNK,1965,21.673506,,0,
Denmark,DNK,1966,21.6547,,,
Denmark,DNK,1967,21.6547,,,
Denmark,DNK,1968,21.6547,,,
Denmark,DNK,1969,21.6547,,,
Denmark,DNK,1970,25.370955,,0,
Denmark,DNK,1971,25.3284,,,
Denmark,DNK,1972,25.3284,,,
Denmark,DNK,1973,25.3284,,,
Denmark,DNK,1974,25.3284,,,
Denmark,DNK,1975,33.740467,,0,
Denmark,DNK,1976,36.13556,,0,
Denmark,DNK,1977,38.360554,,0,
Denmark,DNK,1978,40.226505,,0,
Denmark,DNK,1979,42.09957,,0,
Denmark,DNK,1980,43.426414,,0,
Denmark,DNK,1981,44.63902,,0,
Denmark,DNK,1982,45.869476,,0.1404495,
Denmark,DNK,1983,46.898697,,0.3141873,
Denmark,DNK,1984,48.15157,,0.5975029,
Denmark,DNK,1985,49.67897,,0.900487,
Denmark,DNK,1986,51.341698,,1.1252168,
Denmark,DNK,1987,52.947098,,1.5118978,
Denmark,DNK,1988,54.461212,,1.9796505,
Denmark,DNK,1989,55.4716,,2.4112523,
Denmark,DNK,1990,56.6,,2.8810658,0.0973
Denmark,DNK,1991,57.2,,3.4108553,0.194
Denmark,DNK,1992,58.1,,4.0781426,0.387
Denmark,DNK,1993,59,,6.884952,0.578
Denmark,DNK,1994,60,,9.6570635,1.34
Denmark,DNK,1995,61,,15.706461,3.83
Denmark,DNK,1996,61.8,,25.049276,5.71
Denmark,DNK,1997,63.2,,27.362354,11.4
Denmark,DNK,1998,65.9,,36.4428,22.7
Denmark,DNK,1999,68.4,,49.410847,30.6
Denmark,DNK,2000,71.8,1.25476,62.9919,39.1724
Denmark,DNK,2001,72.1,4.44127,73.8998,42.9575
Denmark,DNK,2002,68.8,8.39473,83.2922,64.25
Denmark,DNK,2003,67,13.325,88.4332,76.26
Denmark,DNK,2004,64.6,18.8283,95.6022,80.93
Denmark,DNK,2005,61.8,24.7964,100.547,82.74
Denmark,DNK,2006,57,31.9143,107.186,86.65
Denmark,DNK,2007,51.7,34.8531,115.497,85.03
Denmark,DNK,2008,54.2,36.5083,119.353,85.02
Denmark,DNK,2009,50.2,36.6222,123.727,86.84
Denmark,DNK,2010,47.1,38.076,115.734,88.72
Denmark,DNK,2011,44.5,38.4725,128.763,89.81
Denmark,DNK,2012,41.1,38.9767,130.416,92.26
Denmark,DNK,2013,37.3,40.4678,125.213,94.6297
Denmark,DNK,2014,33.2,41.4926,126.869,95.9935
Denmark,DNK,2015,26.7,42.3133,124.554,96.3305
Denmark,DNK,2016,24.4,42.9699,121.941,96.9678
Denmark,DNK,2017,19.1,43.5698,123.862,97.0994
Denmark,DNK,2018,19.4,43.7691,124.55,97.3192
Denmark,DNK,2019,17.3,43.623,124.573,98.0464
Denmark,DNK,2020,12.6,44.4186,124.37,96.5491
Denmark,DNK,2021,12.4,44.9598,125.604,98.8659
Denmark,DNK,2022,12,44.8864,126.484,97.8601
Denmark,DNK,2023,12.7,44.0345,126.919,98.7756
Denmark,DNK,2024,,,,99.7692
Djibouti,DJI,1960,,,0,
Djibouti,DJI,1965,,,0,
Djibouti,DJI,1970,0.8082893,,0,
Djibouti,DJI,1971,0.730933,,,
Djibouti,DJI,1972,0.730933,,,
Djibouti,DJI,1973,0.730933,,,
Djibouti,DJI,1974,0.730933,,,
Djibouti,DJI,1975,0.74359244,,0,
Djibouti,DJI,1976,0.71302724,,0,
Djibouti,DJI,1977,0.6559113,,0,
Djibouti,DJI,1978,0.68959326,,0,
Djibouti,DJI,1979,0.74953115,,0,
Djibouti,DJI,1980,0.8095742,,0,
Djibouti,DJI,1981,0.876021,,0,
Djibouti,DJI,1982,0.96308184,,0,
Djibouti,DJI,1983,0.98551637,,0,
Djibouti,DJI,1984,0.9603408,,0,
Djibouti,DJI,1985,1.0102094,,0,
Djibouti,DJI,1986,1.0132316,,0,
Djibouti,DJI,1987,0.9843634,,0,
Djibouti,DJI,1988,0.99536425,,0,
Djibouti,DJI,1989,0.92227274,,0,
Djibouti,DJI,1990,0.985,,0,0
Djibouti,DJI,1991,0.987,,0,
Djibouti,DJI,1992,1.08,,0,
Djibouti,DJI,1993,1.2,,0,
Djibouti,DJI,1994,1.2,,0,
Djibouti,DJI,1995,1.19,,0,0.016
Djibouti,DJI,1996,1.26,,0.017063549,0.0312
Djibouti,DJI,1997,1.23,,0.03039896,0.0829
Djibouti,DJI,1998,1.13,,0.03165832,0.0947
Djibouti,DJI,1999,1.22,,0.03892289,0.106
Djibouti,DJI,2000,1.3,0.000535247,0.0307767,0.194501
Djibouti,DJI,2001,1.29,0.000648245,0.388947,0.343526
Djibouti,DJI,2002,1.27,0.000754172,1.88543,0.486972
Djibouti,DJI,2003,1.25,,2.82722,0.62594
Djibouti,DJI,2004,1.34,,4.17395,0.781317
Djibouti,DJI,2005,1.26,0.00500496,5.24961,0.953611
Djibouti,DJI,2006,1.32,0.0177619,5.23707,1.27004
Djibouti,DJI,2007,1.61,0.124867,7.9516,1.62
Djibouti,DJI,2008,1.67,0.27455,12.6407,2.26
Djibouti,DJI,2009,1.85,0.579796,14.1275,4
Djibouti,DJI,2010,1.99,0.866218,17.803,6.5
Djibouti,DJI,2011,1.94,1.19149,20.3518,7
Djibouti,DJI,2012,2.06,1.54198,21.9776,9.4
Djibouti,DJI,2013,2.1,1.79778,24.7885,12.7
Djibouti,DJI,2014,2.19,2.00475,28.6271,17
Djibouti,DJI,2015,2.24,2.36839,30.8092,22.9
Djibouti,DJI,2016,2.4,2.33941,33.2718,30.8
Djibouti,DJI,2017,3.47,2.3121,35.3657,55.6814
Djibouti,DJI,2018,3.44,2.37974,36.8545,57.0617
Djibouti,DJI,2019,3.41,2.24266,38.0144,58.4762
Djibouti,DJI,2020,3.52,2.26685,39.2725,59.9257
Djibouti,DJI,2021,2.44,1.39113,43.6424,61.4112
Djibouti,DJI,2022,2.46,1.41246,46.7771,63.2573
Djibouti,DJI,2023,2.49,1.47206,48.4505,65.0248
Dominica,DMA,1960,,,0,
Dominica,DMA,1965,,,0,
Dominica,DMA,1970,1.8869294,,0,
Dominica,DMA,1971,1.82911,,,
Dominica,DMA,1972,1.82911,,,
Dominica,DMA,1973,1.82911,,,
Dominica,DMA,1974,1.82911,,,
Dominica,DMA,1975,3.0575035,,0,
Dominica,DMA,1976,3.5401683,,0,
Dominica,DMA,1977,4.0614343,,0,
Dominica,DMA,1978,4.3323493,,0,
Dominica,DMA,1979,0.54969215,,0,
Dominica,DMA,1980,1.658034,,0,
Dominica,DMA,1981,,,0,
Dominica,DMA,1982,4.2684436,,0,
Dominica,DMA,1983,4.3033667,,0,
Dominica,DMA,1984,5.421486,,0,
Dominica,DMA,1985,6.721046,,0,
Dominica,DMA,1986,8.425309,,0,
Dominica,DMA,1987,9.885889,,0,
Dominica,DMA,1988,11.364282,,0,
Dominica,DMA,1989,14.290818,,0,
Dominica,DMA,1990,16.7,,0,0
Dominica,DMA,1991,17.9,,0,
Dominica,DMA,1992,19.8,,0,
Dominica,DMA,1993,22.9,,0,
Dominica,DMA,1994,24,,0,
Dominica,DMA,1995,25.6,,0,0.549
Dominica,DMA,1996,27,,0.6665124,1.17
Dominica,DMA,1997,27.7,,0.80485225,
Dominica,DMA,1998,29,,0.9428762,2.93
Dominica,DMA,1999,31,,1.1645172,2.93
Dominica,DMA,2000,33.1,0.11677,1.75154,8.81484
Dominica,DMA,2001,34,0.256268,11.2904,13.2452
Dominica,DMA,2002,34.7,3.27351,17.8054,18.4249
Dominica,DMA,2003,32.8,3.86832,34.7084,23.6204
Dominica,DMA,2004,30.5,4.7386,60.9448,30.3196
Dominica,DMA,2005,27.6,4.94661,75.654,38.5436
Dominica,DMA,2006,25.4,6.24945,103.915,39.3982
Dominica,DMA,2007,25.3,7.26248,129.272,40.2745
Dominica,DMA,2008,25.4,10.1664,132.164,41.16
Dominica,DMA,2009,24,10.6006,143.036,42.02
Dominica,DMA,2010,22.5,12.0696,153.309,47.45
Dominica,DMA,2011,21.7,12.0299,157.74,48.6
Dominica,DMA,2012,23.5,12.2978,158.135,49.8
Dominica,DMA,2013,24.6,15.3009,134.225,51
Dominica,DMA,2014,23.4,15.3255,104.992,57.5
Dominica,DMA,2015,29.2,21.5296,109.72,65
Dominica,DMA,2016,19.1,22.2495,112.697,67.03
Dominica,DMA,2017,18.9,22.5166,109.831,69.6197
Dominica,DMA,2018,4.1,16.8891,112.682,
Dominica,DMA,2019,8.2,22.3998,115.103,73.3819
Dominica,DMA,2020,9.41,27.0611,110.409,75.6567
Dominica,DMA,2021,11.1,20.9562,92.5136,82.6979
Dominica,DMA,2022,,20.8601,85.1899,83.3101
Dominica,DMA,2023,,,,83.8255
Dominican Republic,DOM,1960,,,0,
Dominican Republic,DOM,1965,,,0,
Dominican Republic,DOM,1970,,,0,
Dominican Republic,DOM,1975,,,0,
Dominican Republic,DOM,1976,,,0,
Dominican Republic,DOM,1977,,,0,
Dominican Republic,DOM,1978,,,0,
Dominican Republic,DOM,1979,,,0,
Dominican Republic,DOM,1980,1.8850551,,0,
Dominican Republic,DOM,1981,1.9353489,,0,
Dominican Republic,DOM,1982,1.9684196,,0,
Dominican Republic,DOM,1983,2.038322,,0,
Dominican Republic,DOM,1984,2.1346352,,0,
Dominican Republic,DOM,1985,2.2390857,,0,
Dominican Republic,DOM,1986,2.2611024,,0,
Dominican Republic,DOM,1987,2.889707,,,
Dominican Republic,DOM,1988,3.3215265,,,
Dominican Republic,DOM,1989,4.0687494,,,
Dominican Republic,DOM,1990,4.77,,0.044410132,0
Dominican Republic,DOM,1991,5.62,,0.077008665,
Dominican Republic,DOM,1992,6.44,,0.09680451,
Dominican Republic,DOM,1993,6.98,,0.13679908,
Dominican Republic,DOM,1994,7.17,,0.27175272,
Dominican Republic,DOM,1995,7.39,,0.7113184,0.0172
Dominican Republic,DOM,1996,7.7,,1.0302517,0.075
Dominican Republic,DOM,1997,8.62,,1.737309,0.143
Dominican Republic,DOM,1998,9.29,,2.5281432,0.234
Dominican Republic,DOM,1999,9.79,,5.0459533,1.1
Dominican Republic,DOM,2000,10.4,,8.21779,3.70469
Dominican Republic,DOM,2001,11,,14.5647,4.42939
Dominican Republic,DOM,2002,10.3,,19.2111,6.82373
Dominican Republic,DOM,2003,10.1,0.167026,23.2936,7.89839
Dominican Republic,DOM,2004,9.91,0.409198,27.8319,8.86555
Dominican Republic,DOM,2005,9.72,0.65771,39.2767,11.4832
Dominican Republic,DOM,2006,9.6,1.10136,49.3049,14.8449
Dominican Republic,DOM,2007,9.59,1.83755,58.3022,17.66
Dominican Republic,DOM,2008,10.3,2.4978,75.32,20.82
Dominican Republic,DOM,2009,9.96,3.25513,89.0106,27.72
Dominican Republic,DOM,2010,10.3,3.97656,90.5563,31.4
Dominican Republic,DOM,2011,11.1,4.26237,88.1874,38
Dominican Republic,DOM,2012,11.2,4.80244,88.7173,42.32
Dominican Republic,DOM,2013,11.5,5.1669,90.2547,45.9
Dominican Republic,DOM,2014,11.9,5.81644,80.4955,49.58
Dominican Republic,DOM,2015,12.5,6.57516,84.3066,54.2158
Dominican Republic,DOM,2016,12.7,7.21471,82.5303,63.8709
Dominican Republic,DOM,2017,12.5,7.69279,82.2092,67.5712
Dominican Republic,DOM,2018,11.9,7.98202,82.8937,74.822
Dominican Republic,DOM,2019,11.1,8.5357,82.1376,79.7155
Dominican Republic,DOM,2020,10.5,9.37345,81.6619,81.6173
Dominican Republic,DOM,2021,10.4,10.3195,87.5208,85.243
Dominican Republic,DOM,2022,10.2,10.6744,90.376,81.5127
Dominican Republic,DOM,2023,10.1,11.1346,91.8676,84.6161
Dominican Republic,DOM,2024,,,,91.0022
East Asia and Pacific (WB),WB_EAP,1960,,,0,
East Asia and Pacific (WB),WB_EAP,1965,,,0,
East Asia and Pacific (WB),WB_EAP,1970,,,0,
East Asia and Pacific (WB),WB_EAP,1975,3.1051981,,0,
East Asia and Pacific (WB),WB_EAP,1976,3.2692356,,0,
East Asia and Pacific (WB),WB_EAP,1977,3.393074,,0,
East Asia and Pacific (WB),WB_EAP,1978,3.5301647,,0,
East Asia and Pacific (WB),WB_EAP,1979,3.6758716,,0,
East Asia and Pacific (WB),WB_EAP,1980,3.908802,,0,
East Asia and Pacific (WB),WB_EAP,1981,3.995873,,0.000838211,
East Asia and Pacific (WB),WB_EAP,1982,3.9172313,,0.001229353,
East Asia and Pacific (WB),WB_EAP,1983,4.040193,,0.001660706,
East Asia and Pacific (WB),WB_EAP,1984,4.16993,,0.00266234,
East Asia and Pacific (WB),WB_EAP,1985,4.324928,,0.004181457,
East Asia and Pacific (WB),WB_EAP,1986,4.491121,,0.00748051,
East Asia and Pacific (WB),WB_EAP,1987,4.6454206,,0.012956066,
East Asia and Pacific (WB),WB_EAP,1988,4.8892846,,0.023841744,
East Asia and Pacific (WB),WB_EAP,1989,5.1425304,,0.050288614,
East Asia and Pacific (WB),WB_EAP,1990,5.408677,,0.089548275,
East Asia and Pacific (WB),WB_EAP,1991,5.6775346,,0.14717586,
East Asia and Pacific (WB),WB_EAP,1992,6.0016575,,0.21479163,
East Asia and Pacific (WB),WB_EAP,1993,6.485621,,0.31546947,
East Asia and Pacific (WB),WB_EAP,1994,7.242837,,0.5821448,
East Asia and Pacific (WB),WB_EAP,1995,8.173618,,1.259011,
East Asia and Pacific (WB),WB_EAP,1996,9.168226,,2.496643,
East Asia and Pacific (WB),WB_EAP,1997,10.166826,,3.7560098,
East Asia and Pacific (WB),WB_EAP,1998,10.883196,,5.33482,
East Asia and Pacific (WB),WB_EAP,1999,12.215943,,7.8745303,
East Asia and Pacific (WB),WB_EAP,2000,14.017754,0.3257581,11.464784,
East Asia and Pacific (WB),WB_EAP,2001,15.702642,0.7495178,15.904511,
East Asia and Pacific (WB),WB_EAP,2002,17.299095,1.3907427,20.432045,
East Asia and Pacific (WB),WB_EAP,2003,19.48032,2.1229243,24.864132,
East Asia and Pacific (WB),WB_EAP,2004,21.937838,3.1468525,29.755835,
East Asia and Pacific (WB),WB_EAP,2005,24.147713,3.967384,34.23666,14.7
East Asia and Pacific (WB),WB_EAP,2006,24.142584,4.981921,39.664413,16.6
East Asia and Pacific (WB),WB_EAP,2007,24.016462,5.814904,48.251396,20.8
East Asia and Pacific (WB),WB_EAP,2008,23.281462,6.966563,57.334057,25.2
East Asia and Pacific (WB),WB_EAP,2009,23.288275,8.221287,65.18143,29.5
East Asia and Pacific (WB),WB_EAP,2010,22.38969,9.747439,73.97701,34.2
East Asia and Pacific (WB),WB_EAP,2011,21.53402,10.902339,83.52002,37.3
East Asia and Pacific (WB),WB_EAP,2012,20.962523,12.130253,91.84416,40.4
East Asia and Pacific (WB),WB_EAP,2013,19.853376,12.836591,98.42559,43.2
East Asia and Pacific (WB),WB_EAP,2014,18.504156,13.372419,103.473045,45.5
East Asia and Pacific (WB),WB_EAP,2015,16.8,16.3,103.7,48.3
East Asia and Pacific (WB),WB_EAP,2016,15.6,18.4,109.8,53.9
East Asia and Pacific (WB),WB_EAP,2017,15.1,21.6,115.9,57.8
East Asia and Pacific (WB),WB_EAP,2018,14.6,22.4,120.7,62.5
East Asia and Pacific (WB),WB_EAP,2019,14.3,24.4,128.1,67.1
East Asia and Pacific (WB),WB_EAP,2020,13.7,26.14,126.1,73.9
East Asia and Pacific (WB),WB_EAP,2021,13.6,28.69,127.6,78.8
East Asia and Pacific (WB),WB_EAP,2022,13.4,31.12,128.7,82.4
East Asia and Pacific (WB),WB_EAP,2023,13.3,33.13,130.9,84.9
East Asia and Pacific (WB),WB_EAP,2024,12.6,34.75,132.9,86.6
East Asia and Pacific (WB),WB_EAP,2025,12,36.46,135.1,88.4
East Timor,TLS,1990,,,0,0
East Timor,TLS,2002,,,,0
East Timor,TLS,2003,0.215,0.000981592,2.18764,
East Timor,TLS,2004,0.226,0.00139924,2.76856,
East Timor,TLS,2005,0.246,0.00231991,3.48746,0.0990318
East Timor,TLS,2006,0.256,0.0029695,5.02766,0.5
East Timor,TLS,2007,0.243,0.00497567,7.78345,1
East Timor,TLS,2008,0.256,0.00687699,12.1076,1.5
East Timor,TLS,2009,0.275,0.0444851,33.141,2
East Timor,TLS,2010,0.268,0.0460966,43.6092,3
East Timor,TLS,2011,0.275,0.0495403,55.3186,4
East Timor,TLS,2012,0.264,0.0528688,54.7192,7
East Timor,TLS,2013,0.259,0.0604128,56.0976,11
East Timor,TLS,2014,0.301,0.0869784,116.401,17.5
East Timor,TLS,2015,0.226,0.0853019,114.234,18.6
East Timor,TLS,2016,0.207,,121.478,21.2
East Timor,TLS,2017,0.19,0.267316,124.36,24.2
East Timor,TLS,2018,0.173,0.00548607,115.089,27.6
East Timor,TLS,2019,0.159,0.00684118,109.555,28.0046
East Timor,TLS,2020,0.152,0.00625918,103.911,32.0127
East Timor,TLS,2021,0.139,0.0101471,102.669,35.042
East Timor,TLS,2022,0.134,0.0100051,108.158,34.5102
East Timor,TLS,2023,0.129,0.00577915,112.647,34.0207
Ecuador,ECU,1960,,,0,
Ecuador,ECU,1965,0.8993224,,0,
Ecuador,ECU,1966,0.915336,,,
Ecuador,ECU,1967,0.915336,,,
Ecuador,ECU,1968,0.915336,,,
Ecuador,ECU,1969,0.915336,,,
Ecuador,ECU,1970,1.4581475,,0,
Ecuador,ECU,1971,1.48285,,,
Ecuador,ECU,1972,1.48285,,,
Ecuador,ECU,1973,1.48285,,,
Ecuador,ECU,1974,1.48285,,,
Ecuador,ECU,1975,2.3220513,,0,
Ecuador,ECU,1976,2.4095235,,0,
Ecuador,ECU,1977,2.4644766,,0,
Ecuador,ECU,1978,2.5931196,,0,
Ecuador,ECU,1979,2.7390378,,0,
Ecuador,ECU,1980,2.7901223,,0,
Ecuador,ECU,1981,2.893709,,0,
Ecuador,ECU,1982,3.0295334,,0,
Ecuador,ECU,1983,3.011617,,0,
Ecuador,ECU,1984,2.926816,,0,
Ecuador,ECU,1985,2.9017608,,0,
Ecuador,ECU,1986,3.0180202,,0,
Ecuador,ECU,1987,3.4477441,,0,
Ecuador,ECU,1988,3.8475142,,0,
Ecuador,ECU,1989,4.448087,,0,
Ecuador,ECU,1990,4.68,,0,0
Ecuador,ECU,1991,4.59,,0,
Ecuador,ECU,1992,4.86,,0,0.00512
Ecuador,ECU,1993,5.36,,0,0.0164
Ecuador,ECU,1994,5.79,,0.16673052,0.0348
Ecuador,ECU,1995,6.02,,0.47034678,0.0438
Ecuador,ECU,1996,6.78,,0.5076677,0.0862
Ecuador,ECU,1997,7.48,,1.0552778,0.11
Ecuador,ECU,1998,8.09,,1.9903122,0.125
Ecuador,ECU,1999,9.06,,3.0872025,0.823
Ecuador,ECU,2000,9.65,,3.80018,1.46219
Ecuador,ECU,2001,10.3,0.0203164,6.65455,2.67044
Ecuador,ECU,2002,10.7,0.0494654,11.8801,4.2608
Ecuador,ECU,2003,11.4,0.0517188,17.9338,4.46023
Ecuador,ECU,2004,11.7,0.0853865,26.0434,4.83444
Ecuador,ECU,2005,12.1,0.193454,45.1124,5.99426
Ecuador,ECU,2006,12.6,0.326562,60.2369,7.2
Ecuador,ECU,2007,12.7,0.697896,69.3707,10.8
Ecuador,ECU,2008,13.1,1.0703,80.1668,18.8
Ecuador,ECU,2009,13.6,1.6271,89.3147,24.6
Ecuador,ECU,2010,13.8,1.46796,98.0369,29.03
Ecuador,ECU,2011,14.4,4.29932,100.042,31.3668
Ecuador,ECU,2012,14.8,5.41802,105.68,35.1351
Ecuador,ECU,2013,15.1,6.69605,105.182,40.2791
Ecuador,ECU,2014,15.2,8.2296,103.559,45.5904
Ecuador,ECU,2015,15.4,9.14528,79.5746,48.9404
Ecuador,ECU,2016,14.9,9.75203,84.1088,54.0629
Ecuador,ECU,2017,14.4,10.6125,87.4214,55.8
Ecuador,ECU,2018,13.8,11.4584,92.5118,57.5
Ecuador,ECU,2019,12.7,12.0672,91.4249,59.2
Ecuador,ECU,2020,11.8,13.5147,88.2555,70.7
Ecuador,ECU,2021,10.4,14.0284,94.9506,69.1148
Ecuador,ECU,2022,9.22,15.1129,98.1309,69.7181
Ecuador,ECU,2023,7.98,16.0679,101.032,72.6943
Ecuador,ECU,2024,,,,77.1727
Egypt,EGY,1960,0.8156356,,0,
Egypt,EGY,1961,0.827935,,,
Egypt,EGY,1962,0.827935,,,
Egypt,EGY,1963,0.827935,,,
Egypt,EGY,1964,0.827935,,,
Egypt,EGY,1965,,,0,
Egypt,EGY,1966,0.827935,,,
Egypt,EGY,1967,0.827935,,,
Egypt,EGY,1968,0.827935,,,
Egypt,EGY,1969,0.827935,,,
Egypt,EGY,1970,0.83520246,,0,
Egypt,EGY,1971,0.841691,,,
Egypt,EGY,1972,0.841691,,,
Egypt,EGY,1973,0.841691,,,
Egypt,EGY,1974,0.841691,,,
Egypt,EGY,1975,0.88973516,,0,
Egypt,EGY,1976,0.89031136,,0,
Egypt,EGY,1977,0.89212316,,0,
Egypt,EGY,1978,0.8995437,,0,
Egypt,EGY,1979,0.91948724,,0,
Egypt,EGY,1980,,,0,
Egypt,EGY,1981,0.95769286,,0,
Egypt,EGY,1982,1.035845,,0,
Egypt,EGY,1983,1.2319574,,0,
Egypt,EGY,1984,1.3160576,,0,
Egypt,EGY,1985,1.7837453,,0,
Egypt,EGY,1986,2.0932705,,0,
Egypt,EGY,1987,2.1157687,,0.004971488,
Egypt,EGY,1988,2.2111554,,0.005563695,
Egypt,EGY,1989,2.500233,,0.006489636,
Egypt,EGY,1990,2.74,,0.006991219,0
Egypt,EGY,1991,3.03,,0.007677735,
Egypt,EGY,1992,3.3,,0.008189815,
Egypt,EGY,1993,3.55,,0.011203574,0.000976
Egypt,EGY,1994,3.82,,0.011741777,0.00638
Egypt,EGY,1995,4.14,,0.011482554,0.0313
Egypt,EGY,1996,4.51,,0.011239195,0.0615
Egypt,EGY,1997,5.05,,0.09758824,0.0905
Egypt,EGY,1998,5.68,,0.13263884,0.148
Egypt,EGY,1999,6.55,,0.68801105,0.29
Egypt,EGY,2000,7.5,,1.86075,0.641265
Egypt,EGY,2001,8.97,,3.74243,0.838946
Egypt,EGY,2002,10.2,0.0668121,5.89553,2.72
Egypt,EGY,2003,11.2,0.0704528,7.44671,4.03789
Egypt,EGY,2004,11.9,0.0996723,9.61664,11.92
Egypt,EGY,2005,12.8,0.173856,16.8057,12.75
Egypt,EGY,2006,13.1,0.312605,21.7666,13.66
Egypt,EGY,2007,13.3,0.566509,35.7084,16.03
Egypt,EGY,2008,13.8,0.896461,48.0833,18.01
Egypt,EGY,2009,11.8,1.23139,63.2585,20
Egypt,EGY,2010,10.8,1.62746,79.2199,21.6
Egypt,EGY,2011,9.57,2.02567,91.5823,25.6
Egypt,EGY,2012,9.19,2.45679,103.905,26.4
Egypt,EGY,2013,7.15,2.80726,104.585,29.4
Egypt,EGY,2014,6.48,3.14562,97.7313,33.8946
Egypt,EGY,2015,6.26,3.84188,94.3962,37.8194
Egypt,EGY,2016,6.02,4.39685,96.2092,41.2481
Egypt,EGY,2017,6.37,5.04732,99.2884,44.9502
Egypt,EGY,2018,7.44,6.26825,88.7421,46.9243
Egypt,EGY,2019,8.15,7.04131,88.6448,57.2829
Egypt,EGY,2020,9.02,8.53963,87.2317,71.9142
Egypt,EGY,2021,9.94,9.76582,84.0866,72.056
Egypt,EGY,2022,10.3,10.6832,90.6795,72.1981
Egypt,EGY,2023,10.9,10.8645,92.8262,72.6899
El Salvador,SLV,1960,,,0,
El Salvador,SLV,1965,0.3837074,,0,
El Salvador,SLV,1966,0.381094,,,
El Salvador,SLV,1967,0.381094,,,
El Salvador,SLV,1968,0.381094,,,
El Salvador,SLV,1969,0.381094,,,
El Salvador,SLV,1970,0.793017,,0,
El Salvador,SLV,1971,0.781363,,,
El Salvador,SLV,1972,0.781363,,,
El Salvador,SLV,1973,0.781363,,,
El Salvador,SLV,1974,0.781363,,,
El Salvador,SLV,1975,1.1798611,,0,
El Salvador,SLV,1976,1.3199292,,0,
El Salvador,SLV,1977,1.4565274,,0,
El Salvador,SLV,1978,1.4761688,,0,
El Salvador,SLV,1979,1.5135212,,0,
El Salvador,SLV,1980,1.5265718,,0,
El Salvador,SLV,1981,1.5978725,,0,
El Salvador,SLV,1982,1.7305361,,0,
El Salvador,SLV,1983,1.7154262,,0,
El Salvador,SLV,1984,1.8037025,,0,
El Salvador,SLV,1985,1.8556594,,0,
El Salvador,SLV,1986,1.83315,,0,
El Salvador,SLV,1987,1.9361186,,0,
El Salvador,SLV,1988,2.043772,,0,
El Salvador,SLV,1989,2.2741601,,0,
El Salvador,SLV,1990,2.31,,0,0
El Salvador,SLV,1991,2.37,,0,
El Salvador,SLV,1992,2.95,,0,
El Salvador,SLV,1993,3.07,,0.028982487,
El Salvador,SLV,1994,4.13,,0.08550795,
El Salvador,SLV,1995,4.94,,0.23442137,
El Salvador,SLV,1996,5.6,,0.40140483,0.0864
El Salvador,SLV,1997,6.17,,0.6874121,0.257
El Salvador,SLV,1998,6.57,,2.3298566,0.425
El Salvador,SLV,1999,8.38,,8.632305,0.845
El Salvador,SLV,2000,10.5,,12.5119,1.1774
El Salvador,SLV,2001,10.9,,14.3729,1.5
El Salvador,SLV,2002,11.2,,14.8467,1.9
El Salvador,SLV,2003,12.5,0.32676,19.1676,2.5
El Salvador,SLV,2004,14.8,0.488303,30.5192,3.2
El Salvador,SLV,2005,16.2,0.704578,40.1585,4.2
El Salvador,SLV,2006,17.3,1.02434,64.1687,5.5
El Salvador,SLV,2007,18,1.49357,102.122,6.11
El Salvador,SLV,2008,17.9,2.04782,115.282,10.08
El Salvador,SLV,2009,18.2,2.47022,125.097,12.11
El Salvador,SLV,2010,16.5,2.88838,126.896,15.9
El Salvador,SLV,2011,16.9,3.38252,136.551,18.9
El Salvador,SLV,2012,17.3,3.95978,141.463,20.3214
El Salvador,SLV,2013,15.6,4.63325,146.476,23.1093
El Salvador,SLV,2014,15.5,5.17471,149.171,24.7617
El Salvador,SLV,2015,15.3,5.70859,150.948,26.8026
El Salvador,SLV,2016,15.2,6.3751,155.42,28.9971
El Salvador,SLV,2017,14.9,7.26258,152.539,33.8207
El Salvador,SLV,2018,14.8,7.91447,151.669,43.8
El Salvador,SLV,2019,14.4,8.43878,167.089,50.4912
El Salvador,SLV,2020,14.3,9.39905,159.575,54.6014
El Salvador,SLV,2021,13.7,9.80538,176.973,61.7527
El Salvador,SLV,2022,13.7,11.1497,183.249,65.5298
El Salvador,SLV,2023,,11.6272,179.706,67.6558
Equatorial Guinea,GNQ,1960,,,0,
Equatorial Guinea,GNQ,1965,,,0,
Equatorial Guinea,GNQ,1970,,,0,
Equatorial Guinea,GNQ,1975,,,0,
Equatorial Guinea,GNQ,1976,,,0,
Equatorial Guinea,GNQ,1977,,,0,
Equatorial Guinea,GNQ,1978,,,0,
Equatorial Guinea,GNQ,1979,,,0,
Equatorial Guinea,GNQ,1980,,,0,
Equatorial Guinea,GNQ,1981,0.16837852,,0,
Equatorial Guinea,GNQ,1982,0.19002917,,0,
Equatorial Guinea,GNQ,1983,0.20787305,,0,
Equatorial Guinea,GNQ,1984,0.22346744,,0,
Equatorial Guinea,GNQ,1985,0.23785675,,0,
Equatorial Guinea,GNQ,1986,0.25171417,,0,
Equatorial Guinea,GNQ,1987,0.28931767,,0,
Equatorial Guinea,GNQ,1988,0.30121458,,0,
Equatorial Guinea,GNQ,1989,0.28990677,,0,
Equatorial Guinea,GNQ,1990,0.274,,0,0
Equatorial Guinea,GNQ,1991,0.264,,0,
Equatorial Guinea,GNQ,1992,0.255,,0,
Equatorial Guinea,GNQ,1993,0.245,,0,
Equatorial Guinea,GNQ,1994,0.457,,0,
Equatorial Guinea,GNQ,1995,0.44,,0,
Equatorial Guinea,GNQ,1996,0.618,,0.010470791,
Equatorial Guinea,GNQ,1997,0.616,,0.049540102,0.0415
Equatorial Guinea,GNQ,1998,0.87,,0.04716277,0.0944
Equatorial Guinea,GNQ,1999,0.869,,0.09159914,0.0974
Equatorial Guinea,GNQ,2000,0.867,,0.710955,0.132355
Equatorial Guinea,GNQ,2001,0.92,,2.00044,0.16526
Equatorial Guinea,GNQ,2002,1.1,,4.01024,0.321198
Equatorial Guinea,GNQ,2003,1.13,,4.89466,0.520524
Equatorial Guinea,GNQ,2004,1.17,,6.87841,0.84393
Equatorial Guinea,GNQ,2005,1.06,0.019,10.2283,1.14979
Equatorial Guinea,GNQ,2006,1.01,0.0181755,12.117,1.27919
Equatorial Guinea,GNQ,2007,0.965,0.0173738,14.4781,1.55712
Equatorial Guinea,GNQ,2008,0.922,0.0165971,16.5971,1.82
Equatorial Guinea,GNQ,2009,0.881,0.0158496,17.6107,2.13
Equatorial Guinea,GNQ,2010,1.14,0.0997406,33.5796,6
Equatorial Guinea,GNQ,2011,1.17,0.108388,38.5607,11.5
Equatorial Guinea,GNQ,2012,1.15,0.11442,38.7386,13.9432
Equatorial Guinea,GNQ,2013,1.1,0.261325,37.9421,16.4
Equatorial Guinea,GNQ,2014,1.08,0.277248,36.9002,18.86
Equatorial Guinea,GNQ,2015,0.78,0.261293,36.6825,21.32
Equatorial Guinea,GNQ,2016,0.729,0.224243,38.1684,23.78
Equatorial Guinea,GNQ,2017,0.716,0.121416,36.2336,26.24
Equatorial Guinea,GNQ,2018,0.671,0.100221,36.576,
Equatorial Guinea,GNQ,2019,0.659,0.0598739,36.9422,49.1337
Equatorial Guinea,GNQ,2020,0.655,0.107372,43.3495,55.0013
Equatorial Guinea,GNQ,2021,0.644,0.097681,46.4348,58.7173
Equatorial Guinea,GNQ,2022,0.631,0.100691,49.538,59.3433
Equatorial Guinea,GNQ,2023,,,,60.3661
Eritrea,ERI,1960,,,0,
Eritrea,ERI,1965,,,0,
Eritrea,ERI,1970,,,0,
Eritrea,ERI,1975,,,0,
Eritrea,ERI,1976,,,0,
Eritrea,ERI,1977,,,0,
Eritrea,ERI,1978,,,0,
Eritrea,ERI,1979,,,0,
Eritrea,ERI,1980,,,0,
Eritrea,ERI,1981,,,0,
Eritrea,ERI,1982,,,0,
Eritrea,ERI,1983,,,0,
Eritrea,ERI,1984,,,0,
Eritrea,ERI,1985,,,0,
Eritrea,ERI,1986,,,0,
Eritrea,ERI,1987,,,0,
Eritrea,ERI,1988,,,0,
Eritrea,ERI,1989,,,0,
Eritrea,ERI,1990,,,0,0
Eritrea,ERI,1991,,,0,
Eritrea,ERI,1992,0.723,,0,
Eritrea,ERI,1993,0.718,,0,0
Eritrea,ERI,1994,0.794,,0,0
Eritrea,ERI,1995,0.866,,0,0
Eritrea,ERI,1996,0.889,,0,0
Eritrea,ERI,1997,1.02,,0,0.00902
Eritrea,ERI,1998,1.11,,0,0.00877
Eritrea,ERI,1999,1.24,,0,0.0255
Eritrea,ERI,2000,1.36,,0,0.136712
Eritrea,ERI,2001,1.35,,0,0.157815
Eritrea,ERI,2002,1.5,,0,0.22709
Eritrea,ERI,2003,1.53,,0,
Eritrea,ERI,2004,1.51,,0.769739,
Eritrea,ERI,2005,1.42,,1.51953,
Eritrea,ERI,2006,1.39,,2.29317,
Eritrea,ERI,2007,1.36,,3.07478,0.41
Eritrea,ERI,2008,1.44,0.00156232,3.85719,0.47
Eritrea,ERI,2009,1.68,0.00242392,4.88697,0.54
Eritrea,ERI,2010,1.84,0.00400654,6.29077,0.61
Eritrea,ERI,2011,1.95,0.00470237,8.06871,0.7
Eritrea,ERI,2012,1.98,0.00609156,10.0522,0.8
Eritrea,ERI,2013,2.01,0.00474896,11.542,0.9
Eritrea,ERI,2014,2.07,0.00646167,13.4855,0.99
Eritrea,ERI,2015,2.13,0.0161002,15.2952,1.08373
Eritrea,ERI,2016,2.11,0.0192019,16.1936,1.17712
Eritrea,ERI,2017,2.1,0.0317425,22.0611,2.5
Eritrea,ERI,2018,,,,5.3
Eritrea,ERI,2019,2.04,0.092587,40.4605,11.2
Eritrea,ERI,2020,2.01,0.151917,54.7205,14.3494
Eritrea,ERI,2021,1.97,0.149246,53.7583,18.3844
Eritrea,ERI,2022,2,0.165393,59.1248,18.7092
Eritrea,ERI,2023,,,,20.0104
Estonia,EST,1960,,,0,
Estonia,EST,1965,,,0,
Estonia,EST,1970,,,0,
Estonia,EST,1975,8.426706,,0,
Estonia,EST,1976,9.056993,,0,
Estonia,EST,1977,11.056443,,0,
Estonia,EST,1978,11.653014,,0,
Estonia,EST,1979,12.936998,,0,
Estonia,EST,1980,13.541118,,0,
Estonia,EST,1981,15.480209,,0,
Estonia,EST,1982,16.049496,,0,
Estonia,EST,1983,16.603418,,0,
Estonia,EST,1984,17.148993,,0,
Estonia,EST,1985,17.695845,,0,
Estonia,EST,1986,18.228893,,0,
Estonia,EST,1987,18.73741,,0,
Estonia,EST,1988,19.107635,,0,
Estonia,EST,1989,19.769815,,0,
Estonia,EST,1990,20.4,,0,0
Estonia,EST,1991,21.2,,0.03640714,
Estonia,EST,1992,22,,0.16216767,0.0655
Estonia,EST,1993,23.2,,0.48017994,0.301
Estonia,EST,1994,25.6,,0.9333705,1.16
Estonia,EST,1995,28.3,,2.0961263,2.78
Estonia,EST,1996,30.6,,4.84432,3.53
Estonia,EST,1997,33,,10.144285,5.71
Estonia,EST,1998,35.3,,17.503492,10.8
Estonia,EST,1999,36.7,,27.573961,14.5
Estonia,EST,2000,37.4,,39.8712,28.577
Estonia,EST,2001,36.5,1.25878,46.9106,31.5275
Estonia,EST,2002,34.4,3.37095,63.8667,41.52
Estonia,EST,2003,33.6,6.58715,76.6124,45.32
Estonia,EST,2004,32.6,10.1768,92.1518,53.2
Estonia,EST,2005,32.6,13.2266,106.676,61.45
Estonia,EST,2006,33.6,18.3238,123.151,63.51
Estonia,EST,2007,37,19.7619,125.445,66.19
Estonia,EST,2008,37.3,22.0377,121.494,70.58
Estonia,EST,2009,36.9,23.5008,117.685,72.5
Estonia,EST,2010,36.2,26.1282,124.136,74.1
Estonia,EST,2011,35.6,26.2888,136.065,76.5
Estonia,EST,2012,33.9,26.4254,151.197,78.3899
Estonia,EST,2013,32.4,27.3877,146.247,80.0043
Estonia,EST,2014,31,28.2254,144.361,84.2415
Estonia,EST,2015,29.5,29.6883,144.803,88.4097
Estonia,EST,2016,28.2,31.4989,144.235,87.2402
Estonia,EST,2017,27.5,32.522,144.557,88.1025
Estonia,EST,2018,26.1,33.3725,145.543,89.357
Estonia,EST,2019,24.4,33.8508,147.047,90.2289
Estonia,EST,2020,22.9,34.27,144.832,89.0583
Estonia,EST,2021,22.3,37.3572,148.74,90.9797
Estonia,EST,2022,19.7,39.7219,152.271,91.5202
Estonia,EST,2023,17.4,35.254,150.196,93.1834
Estonia,EST,2024,,,,92.238
Eswatini,SWZ,1960,0.34776056,,0,
Eswatini,SWZ,1961,0.356524,,,
Eswatini,SWZ,1962,0.356524,,,
Eswatini,SWZ,1963,0.356524,,,
Eswatini,SWZ,1964,0.356524,,,
Eswatini,SWZ,1965,0.51504314,,0,
Eswatini,SWZ,1966,0.534875,,,
Eswatini,SWZ,1967,0.534875,,,
Eswatini,SWZ,1968,0.534875,,,
Eswatini,SWZ,1969,0.534875,,,
Eswatini,SWZ,1970,0.5645061,,0,
Eswatini,SWZ,1971,0.579706,,,
Eswatini,SWZ,1972,0.579706,,,
Eswatini,SWZ,1973,0.579706,,,
Eswatini,SWZ,1974,0.579706,,,
Eswatini,SWZ,1975,0.6590322,,0,
Eswatini,SWZ,1976,0.6756037,,0,
Eswatini,SWZ,1977,0.66380495,,0,
Eswatini,SWZ,1978,0.6961352,,0,
Eswatini,SWZ,1979,0.794347,,0,
Eswatini,SWZ,1980,0.8704165,,0,
Eswatini,SWZ,1981,0.980023,,0,
Eswatini,SWZ,1982,1.0937222,,0,
Eswatini,SWZ,1983,1.1334755,,0,
Eswatini,SWZ,1984,1.1663908,,0,
Eswatini,SWZ,1985,1.1816629,,0,
Eswatini,SWZ,1986,1.2928851,,0,
Eswatini,SWZ,1987,1.2938448,,0,
Eswatini,SWZ,1988,1.4853342,,0,
Eswatini,SWZ,1989,1.5134051,,0,
Eswatini,SWZ,1990,1.56,,0,0
Eswatini,SWZ,1991,1.58,,0,
Eswatini,SWZ,1992,1.61,,0,
Eswatini,SWZ,1993,1.68,,0,
Eswatini,SWZ,1994,1.87,,0,
Eswatini,SWZ,1995,2.18,,0,0.00103
Eswatini,SWZ,1996,2.28,,0,0.0504
Eswatini,SWZ,1997,2.49,,0,0.0885
Eswatini,SWZ,1998,2.84,,0.4675882,0.0961
Eswatini,SWZ,1999,3.04,,1.374746,0.471
Eswatini,SWZ,2000,3.06,,3.16877,0.926192
Eswatini,SWZ,2001,3.21,,5.23279,1.28159
Eswatini,SWZ,2002,3.31,,6.41848,1.8162
Eswatini,SWZ,2003,4.33,,7.9685,2.43707
Eswatini,SWZ,2004,4.15,,13.5115,3.22869
Eswatini,SWZ,2005,4.09,,18.5353,3.69696
Eswatini,SWZ,2006,4.08,,23.0535,3.69654
Eswatini,SWZ,2007,4.11,,34.8399,4.1
Eswatini,SWZ,2008,4.11,0.0703038,48.4152,6.85
Eswatini,SWZ,2009,4.09,0.13609,60.1213,8.94
Eswatini,SWZ,2010,4.76,0.32906,65.2905,11.04
Eswatini,SWZ,2011,6.78,0.717817,68.5737,18.13
Eswatini,SWZ,2012,4.05,0.305108,71.6279,20.7818
Eswatini,SWZ,2013,4.07,0.371685,79.0272,24.7
Eswatini,SWZ,2014,3.91,0.448826,80.683,25
Eswatini,SWZ,2015,3.76,0.52502,82.3407,25.643
Eswatini,SWZ,2016,3.65,0.608957,86.5588,28.57
Eswatini,SWZ,2017,3.18,1.34192,88.713,35.3
Eswatini,SWZ,2018,3.78,1.87103,89.2004,39.4
Eswatini,SWZ,2019,3.6,2.04369,91.0519,43.9
Eswatini,SWZ,2020,3.94,2.29004,104.747,49.013
Eswatini,SWZ,2021,3.32,2.55281,118.627,53.9953
Eswatini,SWZ,2022,3.18,2.1853,121.492,57.465
Eswatini,SWZ,2023,3.41,2.76366,128.399,57.62
Ethiopia,ETH,1960,0.03972454,,0,
Ethiopia,ETH,1961,0.0389865,,,
Ethiopia,ETH,1962,0.0389865,,,
Ethiopia,ETH,1963,0.0389865,,,
Ethiopia,ETH,1964,0.0389865,,,
Ethiopia,ETH,1965,0.06874935,,0,
Ethiopia,ETH,1966,0.067963,,,
Ethiopia,ETH,1967,0.067963,,,
Ethiopia,ETH,1968,0.067963,,,
Ethiopia,ETH,1969,0.067963,,,
Ethiopia,ETH,1970,0.11657381,,0,
Ethiopia,ETH,1971,0.116136,,,
Ethiopia,ETH,1972,0.116136,,,
Ethiopia,ETH,1973,0.116136,,,
Ethiopia,ETH,1974,0.116136,,,
Ethiopia,ETH,1975,0.14029796,,0,
Ethiopia,ETH,1976,0.15758169,,0,
Ethiopia,ETH,1977,0.16972835,,0,
Ethiopia,ETH,1978,0.17316878,,0,
Ethiopia,ETH,1979,0.1759697,,0,
Ethiopia,ETH,1980,0.18332848,,0,
Ethiopia,ETH,1981,0.19205533,,0,
Ethiopia,ETH,1982,0.20036335,,0,
Ethiopia,ETH,1983,0.21916461,,0,
Ethiopia,ETH,1984,0.22917698,,0,
Ethiopia,ETH,1985,0.23723647,,0,
Ethiopia,ETH,1986,0.24890901,,0,
Ethiopia,ETH,1987,0.24766898,,0,
Ethiopia,ETH,1988,0.2381068,,0,
Ethiopia,ETH,1989,0.2507644,,0,
Ethiopia,ETH,1990,0.263,,0,0
Ethiopia,ETH,1991,0.268,,0,
Ethiopia,ETH,1992,0.245,,0,
Ethiopia,ETH,1993,0.247,,0,
Ethiopia,ETH,1994,0.248,,0,
Ethiopia,ETH,1995,0.248,,0,0.0000175
Ethiopia,ETH,1996,0.25,,0,0.0017
Ethiopia,ETH,1997,0.255,,0,0.00497
Ethiopia,ETH,1998,0.259,,0,0.00966
Ethiopia,ETH,1999,0.298,,0.010356869,0.0125
Ethiopia,ETH,2000,0.344,,0.0263412,0.0152638
Ethiopia,ETH,2001,0.408,,0.0395753,0.0371624
Ethiopia,ETH,2002,0.494,,0.0703129,0.0724023
Ethiopia,ETH,2003,0.548,7.72016E-05,0.0695139,0.105812
Ethiopia,ETH,2004,0.637,4.60059E-05,0.204442,0.155335
Ethiopia,ETH,2005,0.779,7.78384E-05,0.52398,0.21966
Ethiopia,ETH,2006,0.898,0.000323406,1.07393,0.310593
Ethiopia,ETH,2007,1.06,0.00124664,1.45421,0.37
Ethiopia,ETH,2008,1.05,0.00174881,2.28483,0.45
Ethiopia,ETH,2009,1.04,0.00397466,4.60381,0.54
Ethiopia,ETH,2010,1,0.00453619,7.57026,0.75
Ethiopia,ETH,2011,0.89,0.00682018,15.1655,1.1
Ethiopia,ETH,2012,0.832,0.0089093,21.424,2.9
Ethiopia,ETH,2013,0.774,0.241843,26.0536,4.6
Ethiopia,ETH,2014,0.811,0.466085,30.1536,7.7
Ethiopia,ETH,2015,0.857,0.460203,40.7363,13.8552
Ethiopia,ETH,2016,1.07,0.52381,47.9993,15.3669
Ethiopia,ETH,2017,1.08,0.0574013,36.1095,15.6
Ethiopia,ETH,2018,,,,15.9
Ethiopia,ETH,2019,1.08,0.13738,36.2199,16
Ethiopia,ETH,2020,0.841,0.178275,37.4208,16.0696
Ethiopia,ETH,2021,0.725,0.399382,52.8089,16.6981
Ethiopia,ETH,2022,0.688,0.451577,56.9643,
Europe and Central Asia (WB),WB_ECA,1960,5.448833,,0,
Europe and Central Asia (WB),WB_ECA,1961,5.4507585,,,
Europe and Central Asia (WB),WB_ECA,1962,5.444708,,,
Europe and Central Asia (WB),WB_ECA,1963,5.4393816,,,
Europe and Central Asia (WB),WB_ECA,1964,5.434491,,,
Europe and Central Asia (WB),WB_ECA,1965,7.0950546,,0,
Europe and Central Asia (WB),WB_ECA,1966,7.0875587,,,
Europe and Central Asia (WB),WB_ECA,1967,7.0798683,,,
Europe and Central Asia (WB),WB_ECA,1968,7.0715446,,,
Europe and Central Asia (WB),WB_ECA,1969,7.062228,,,
Europe and Central Asia (WB),WB_ECA,1970,9.847099,,0,
Europe and Central Asia (WB),WB_ECA,1971,9.829715,,,
Europe and Central Asia (WB),WB_ECA,1972,9.811301,,,
Europe and Central Asia (WB),WB_ECA,1973,9.79125,,,
Europe and Central Asia (WB),WB_ECA,1974,9.769929,,,
Europe and Central Asia (WB),WB_ECA,1975,11.441501,,0,
Europe and Central Asia (WB),WB_ECA,1976,12.328551,,0,
Europe and Central Asia (WB),WB_ECA,1977,13.431713,,0,
Europe and Central Asia (WB),WB_ECA,1978,14.527673,,0,
Europe and Central Asia (WB),WB_ECA,1979,15.465554,,0,
Europe and Central Asia (WB),WB_ECA,1980,16.453169,,0.003000008,
Europe and Central Asia (WB),WB_ECA,1981,17.471575,,0.006386481,
Europe and Central Asia (WB),WB_ECA,1982,18.296047,,0.010013844,
Europe and Central Asia (WB),WB_ECA,1983,19.119999,,0.015550997,
Europe and Central Asia (WB),WB_ECA,1984,19.970213,,0.023952475,
Europe and Central Asia (WB),WB_ECA,1985,20.760996,,0.04190231,
Europe and Central Asia (WB),WB_ECA,1986,21.61024,,0.06882406,
Europe and Central Asia (WB),WB_ECA,1987,22.542747,,0.11644895,
Europe and Central Asia (WB),WB_ECA,1988,23.63379,,0.19207953,
Europe and Central Asia (WB),WB_ECA,1989,24.800741,,0.30154347,
Europe and Central Asia (WB),WB_ECA,1990,26.12224,,0.4152862,
Europe and Central Asia (WB),WB_ECA,1991,27.270683,,0.5650371,
Europe and Central Asia (WB),WB_ECA,1992,28.228224,,0.7450369,
Europe and Central Asia (WB),WB_ECA,1993,29.289148,,1.1039242,
Europe and Central Asia (WB),WB_ECA,1994,30.321089,,1.796089,
Europe and Central Asia (WB),WB_ECA,1995,31.577877,,2.8480241,
Europe and Central Asia (WB),WB_ECA,1996,32.83821,,4.4803476,
Europe and Central Asia (WB),WB_ECA,1997,34.252483,,7.188575,
Europe and Central Asia (WB),WB_ECA,1998,35.39091,,12.277756,
Europe and Central Asia (WB),WB_ECA,1999,36.497234,,21.331846,
Europe and Central Asia (WB),WB_ECA,2000,37.546772,,34.14269,
Europe and Central Asia (WB),WB_ECA,2001,37.9028,,42.03458,
Europe and Central Asia (WB),WB_ECA,2002,38.327415,1.8907725,47.700405,
Europe and Central Asia (WB),WB_ECA,2003,38.289257,3.1893647,55.198277,
Europe and Central Asia (WB),WB_ECA,2004,38.491245,5.496278,66.286385,
Europe and Central Asia (WB),WB_ECA,2005,38.30372,7.6985083,81.21019,34.7
Europe and Central Asia (WB),WB_ECA,2006,39.01761,10.707315,94.77285,38
Europe and Central Asia (WB),WB_ECA,2007,37.95749,13.389236,106.50295,43.6
Europe and Central Asia (WB),WB_ECA,2008,37.438774,15.552882,115.166756,48.1
Europe and Central Asia (WB),WB_ECA,2009,38.12384,17.370872,119.5262,52.7
Europe and Central Asia (WB),WB_ECA,2010,37.552723,18.998924,120.330734,57
Europe and Central Asia (WB),WB_ECA,2011,36.819614,20.33108,120.44394,60.2
Europe and Central Asia (WB),WB_ECA,2012,35.667034,21.521894,122.57837,63.8
Europe and Central Asia (WB),WB_ECA,2013,35.05815,22.786594,125.05937,66.1
Europe and Central Asia (WB),WB_ECA,2014,34.209427,23.659754,124.878334,68.9
Europe and Central Asia (WB),WB_ECA,2015,32.9,24.8,124,69.9
Europe and Central Asia (WB),WB_ECA,2016,31.9,25.6,123.6,72.3
Europe and Central Asia (WB),WB_ECA,2017,31.1,26.9,122.7,74.5
Europe and Central Asia (WB),WB_ECA,2018,29.9,27.8,122.6,78.1
Europe and Central Asia (WB),WB_ECA,2019,28.7,28.5,125,80.3
Europe and Central Asia (WB),WB_ECA,2020,28.1,29.8,123.3,83.4
Europe and Central Asia (WB),WB_ECA,2021,27.4,30.85,126,86.3
Europe and Central Asia (WB),WB_ECA,2022,26.4,31.57,126.6,87.9
Europe and Central Asia (WB),WB_ECA,2023,25.5,32.56,130.2,89.6
Europe and Central Asia (WB),WB_ECA,2024,24.3,33.47,132.4,90.9
Europe and Central Asia (WB),WB_ECA,2025,23.3,34.45,134.6,92.4
European Union (27),OWID_EU27,1960,5.3814898,,0,
European Union (27),OWID_EU27,1961,5.3796754,,,
European Union (27),OWID_EU27,1962,5.3782315,,,
European Union (27),OWID_EU27,1963,5.377375,,,
European Union (27),OWID_EU27,1964,5.3772626,,,
European Union (27),OWID_EU27,1965,7.198488,,0,
European Union (27),OWID_EU27,1966,7.1757402,,,
European Union (27),OWID_EU27,1967,7.1758075,,,
European Union (27),OWID_EU27,1968,7.1757426,,,
European Union (27),OWID_EU27,1969,7.1750174,,,
European Union (27),OWID_EU27,1970,10.177293,,0,
European Union (27),OWID_EU27,1971,10.1330185,,,
European Union (27),OWID_EU27,1972,10.126417,,,
European Union (27),OWID_EU27,1973,10.118447,,,
European Union (27),OWID_EU27,1974,10.109621,,,
European Union (27),OWID_EU27,1975,14.70718,,0,
European Union (27),OWID_EU27,1976,15.988376,,0,
European Union (27),OWID_EU27,1977,17.434202,,0,
European Union (27),OWID_EU27,1978,18.973635,,0,
European Union (27),OWID_EU27,1979,20.04337,,0,
European Union (27),OWID_EU27,1980,21.553314,,0.005791494,
European Union (27),OWID_EU27,1981,22.930792,,0.01194857,
European Union (27),OWID_EU27,1982,24.104342,,0.016725563,
European Union (27),OWID_EU27,1983,25.281128,,0.025468763,
European Union (27),OWID_EU27,1984,26.430885,,0.039242327,
European Union (27),OWID_EU27,1985,27.444197,,0.055982243,
European Union (27),OWID_EU27,1986,28.573952,,0.08206031,
European Union (27),OWID_EU27,1987,29.641413,,0.12702805,
European Union (27),OWID_EU27,1988,30.864218,,0.19748172,
European Union (27),OWID_EU27,1989,32.263577,,0.30130616,
European Union (27),OWID_EU27,1990,34.047432,,0.47277647,
European Union (27),OWID_EU27,1991,35.443447,,0.71377033,
European Union (27),OWID_EU27,1992,36.86836,,0.98991483,
European Union (27),OWID_EU27,1993,38.103977,,1.4891932,
European Union (27),OWID_EU27,1994,39.51598,,2.3796723,
European Union (27),OWID_EU27,1995,41.255356,,3.8547392,
European Union (27),OWID_EU27,1996,42.75954,,6.513101,
European Union (27),OWID_EU27,1997,44.296112,,11.0840645,
European Union (27),OWID_EU27,1998,45.734367,,19.024569,
European Union (27),OWID_EU27,1999,46.841946,,32.385044,
European Union (27),OWID_EU27,2000,48.050064,0.5020268,51.082134,
European Union (27),OWID_EU27,2001,48.338917,1.5114437,63.36277,
European Union (27),OWID_EU27,2002,48.500664,2.8826232,69.82496,
European Union (27),OWID_EU27,2003,48.21905,4.7689714,76.76117,
European Union (27),OWID_EU27,2004,47.885944,7.870881,84.85932,
European Union (27),OWID_EU27,2005,47.4458,11.5786,94.96259,
European Union (27),OWID_EU27,2006,47.33693,15.815944,104.62556,
European Union (27),OWID_EU27,2007,45.473,19.657522,115.47123,
European Union (27),OWID_EU27,2008,44.338863,22.100794,121.35108,
European Union (27),OWID_EU27,2009,46.115086,24.263672,120.98253,
European Union (27),OWID_EU27,2010,45.227837,25.844542,118.36212,
European Union (27),OWID_EU27,2011,44.185627,27.265257,121.505165,
European Union (27),OWID_EU27,2012,42.96321,28.151468,123.53657,
European Union (27),OWID_EU27,2013,42.50473,29.220089,124.928116,
European Union (27),OWID_EU27,2014,41.965126,30.343521,123.56196,
European Union (27),OWID_EU27,2015,41.05464,31.45093,121.82778,
European Union (27),OWID_EU27,2016,40.495926,32.56542,122.192215,
European Union (27),OWID_EU27,2017,39.743126,33.786648,122.55684,
European Union (27),OWID_EU27,2018,38.46561,34.750065,121.955284,
European Union (27),OWID_EU27,2019,36.55585,35.634624,121.79956,
European Union (27),OWID_EU27,2020,35.973118,36.805374,121.47637,
European Union (27),OWID_EU27,2021,35.73319,37.8614,123.26532,
European Union (27),OWID_EU27,2022,35.52282,38.680267,123.6871,
Faroe Islands,FRO,1960,9.392751,,0,
Faroe Islands,FRO,1961,9.26766,,,
Faroe Islands,FRO,1962,9.26766,,,
Faroe Islands,FRO,1963,9.26766,,,
Faroe Islands,FRO,1964,9.26766,,,
Faroe Islands,FRO,1965,13.110108,,0,
Faroe Islands,FRO,1966,12.9319,,,
Faroe Islands,FRO,1967,12.9319,,,
Faroe Islands,FRO,1968,12.9319,,,
Faroe Islands,FRO,1969,12.9319,,,
Faroe Islands,FRO,1970,17.987297,,0,
Faroe Islands,FRO,1971,17.7139,,,
Faroe Islands,FRO,1972,17.7139,,,
Faroe Islands,FRO,1973,17.7139,,,
Faroe Islands,FRO,1974,17.7139,,,
Faroe Islands,FRO,1975,25.9169,,0,
Faroe Islands,FRO,1976,27.768305,,0,
Faroe Islands,FRO,1977,29.148285,,0,
Faroe Islands,FRO,1978,30.284761,,0,
Faroe Islands,FRO,1979,31.240295,,0,
Faroe Islands,FRO,1980,32.00864,,0,
Faroe Islands,FRO,1981,33.56568,,0,
Faroe Islands,FRO,1982,35.134953,,0,
Faroe Islands,FRO,1983,35.642166,,0,
Faroe Islands,FRO,1984,37.753407,,0,
Faroe Islands,FRO,1985,38.77784,,0,
Faroe Islands,FRO,1986,39.797005,,0,
Faroe Islands,FRO,1987,41.829292,,0,
Faroe Islands,FRO,1988,44.32803,,0,
Faroe Islands,FRO,1989,46.437145,,,
Faroe Islands,FRO,1990,48.1,,0,0
Faroe Islands,FRO,1991,50.7,,3.0527666,
Faroe Islands,FRO,1992,51.6,,3.7343767,
Faroe Islands,FRO,1993,51.5,,3.559074,
Faroe Islands,FRO,1994,51.2,,4.4413223,
Faroe Islands,FRO,1995,50.7,,5.839516,0
Faroe Islands,FRO,1996,51.7,,7.397254,2.32
Faroe Islands,FRO,1997,52.9,,10.564995,4.6
Faroe Islands,FRO,1998,53.5,,14.523571,11.3
Faroe Islands,FRO,1999,55,,23.805943,22.3
Faroe Islands,FRO,2000,54.6,,37.1658,32.9164
Faroe Islands,FRO,2001,50.1,0.116782,52.9563,43.247
Faroe Islands,FRO,2002,52.1,0.243449,74.1816,53.2992
Faroe Islands,FRO,2003,51.2,0.83082,80.1847,58.9126
Faroe Islands,FRO,2004,49.9,6.52686,86.007,66.5336
Faroe Islands,FRO,2005,49.3,12.1337,86.913,67.9026
Faroe Islands,FRO,2006,47.6,27.1083,103.174,69.3594
Faroe Islands,FRO,2007,46.3,29.8366,107.623,75.98
Faroe Islands,FRO,2008,45,30.6776,113.118,75.57
Faroe Islands,FRO,2009,43.2,32.7538,117.538,75.18
Faroe Islands,FRO,2010,41.9,33.588,123.411,75.2
Faroe Islands,FRO,2011,40.8,33.4981,121.991,80.7322
Faroe Islands,FRO,2012,38.9,33.944,122.106,85.3352
Faroe Islands,FRO,2013,44.7,34.5906,119.619,90
Faroe Islands,FRO,2014,43.3,35.8074,120.194,93.3
Faroe Islands,FRO,2015,41.1,36.3889,108.833,94.2
Faroe Islands,FRO,2016,38.5,36.2922,110.024,95.1087
Faroe Islands,FRO,2017,35.9,35.9075,112.69,97.582
Faroe Islands,FRO,2018,33.7,35.6253,111.283,
Faroe Islands,FRO,2019,30.4,35.0681,106.012,
Faroe Islands,FRO,2020,29.2,35.0714,112.6,
Faroe Islands,FRO,2021,28.8,34.6023,111.094,
Faroe Islands,FRO,2022,27.7,34.5874,105.804,
Fiji,FJI,1960,1.2850854,,0,
Fiji,FJI,1961,1.31239,,,
Fiji,FJI,1962,1.31239,,,
Fiji,FJI,1963,1.31239,,,
Fiji,FJI,1964,1.31239,,,
Fiji,FJI,1965,1.513827,,0,
Fiji,FJI,1966,1.53028,,,
Fiji,FJI,1967,1.53028,,,
Fiji,FJI,1968,1.53028,,,
Fiji,FJI,1969,1.53028,,,
Fiji,FJI,1970,1.819443,,0,
Fiji,FJI,1971,1.84416,,,
Fiji,FJI,1972,1.84416,,,
Fiji,FJI,1973,1.84416,,,
Fiji,FJI,1974,1.84416,,,
Fiji,FJI,1975,2.8089418,,0,
Fiji,FJI,1976,2.9597328,,0,
Fiji,FJI,1977,3.0879927,,0,
Fiji,FJI,1978,3.1955152,,0,
Fiji,FJI,1979,3.3936064,,0,
Fiji,FJI,1980,3.7113974,,0,
Fiji,FJI,1981,3.707673,,0,
Fiji,FJI,1982,3.8046112,,0,
Fiji,FJI,1983,3.8250098,,0,
Fiji,FJI,1984,4.056091,,0,
Fiji,FJI,1985,4.100426,,0,
Fiji,FJI,1986,4.4744687,,0,
Fiji,FJI,1987,4.5047684,,0,
Fiji,FJI,1988,4.6646256,,0,
Fiji,FJI,1989,5.0697293,,0,
Fiji,FJI,1990,5.49,,0,0
Fiji,FJI,1991,5.85,,0,
Fiji,FJI,1992,6.32,,0,
Fiji,FJI,1993,6.83,,0,0.00668
Fiji,FJI,1994,7.48,,0.13909894,0.00791
Fiji,FJI,1995,8.11,,0.2776915,0.00912
Fiji,FJI,1996,8.71,,0.46451017,0.0644
Fiji,FJI,1997,8.84,,0.64630634,0.223
Fiji,FJI,1998,9.36,,0.9828638,0.633
Fiji,FJI,1999,9.8,,2.8393703,0.942
Fiji,FJI,2000,10.3,,6.54732,1.49685
Fiji,FJI,2001,10.9,,9.52606,1.85798
Fiji,FJI,2002,11.4,,10.4773,6.15265
Fiji,FJI,2003,11.8,,12.6843,6.72543
Fiji,FJI,2004,12,,16.2621,7.41294
Fiji,FJI,2005,12.7,0.79331,23.2326,8.45364
Fiji,FJI,2006,12.9,0.954665,31.9713,9.60004
Fiji,FJI,2007,13.6,1.28086,59.0364,10.8978
Fiji,FJI,2008,14.3,1.44244,66.4158,13
Fiji,FJI,2009,15.1,1.41418,70.5437,17
Fiji,FJI,2010,14.3,2.55377,76.6592,20
Fiji,FJI,2011,14.2,2.54658,79.6286,28
Fiji,FJI,2012,9.66,1.47729,93.8673,33.7424
Fiji,FJI,2013,7.66,1.19245,101.534,35.2
Fiji,FJI,2014,8.26,1.35432,95.4872,37.4
Fiji,FJI,2015,7.9,1.38627,105.157,42.5
Fiji,FJI,2016,8.07,1.34165,113.656,49.42
Fiji,FJI,2017,8.27,1.3208,112.534,53.6474
Fiji,FJI,2018,6.14,2.08214,110.665,58.2364
Fiji,FJI,2019,5.58,2.34496,112.581,63.2179
Fiji,FJI,2020,5.3,2.52054,108.365,68.6256
Fiji,FJI,2021,5.29,2.51573,108.158,74.4958
Fiji,FJI,2022,4.5,2.53377,111.749,78.2433
Fiji,FJI,2023,,,,79.3485
Finland,FIN,1960,9.66741,,0,
Finland,FIN,1961,9.65778,,,
Finland,FIN,1962,9.65778,,,
Finland,FIN,1963,9.65778,,,
Finland,FIN,1964,9.65778,,,
Finland,FIN,1965,13.298036,,0,
Finland,FIN,1966,13.2864,,,
Finland,FIN,1967,13.2864,,,
Finland,FIN,1968,13.2864,,,
Finland,FIN,1969,13.2864,,,
Finland,FIN,1970,18.733906,,0,
Finland,FIN,1971,18.7106,,,
Finland,FIN,1972,18.7106,,,
Finland,FIN,1973,18.7106,,,
Finland,FIN,1974,18.7106,,,
Finland,FIN,1975,28.717773,,0,
Finland,FIN,1976,30.261232,,0,
Finland,FIN,1977,31.506271,,0,
Finland,FIN,1978,32.84656,,0,
Finland,FIN,1979,34.54668,,0,
Finland,FIN,1980,36.405144,,0.49131504,
Finland,FIN,1981,38.292736,,0.5891414,
Finland,FIN,1982,39.943142,,0.7019054,
Finland,FIN,1983,41.620903,,0.86961126,
Finland,FIN,1984,43.099316,,1.065397,
Finland,FIN,1985,44.667458,,1.3797753,
Finland,FIN,1986,46.196026,,1.7343843,
Finland,FIN,1987,47.95044,,2.1463144,
Finland,FIN,1988,49.93367,,2.793051,
Finland,FIN,1989,52.009537,,3.8278174,
Finland,FIN,1990,53.5,,5.171356,0.401
Finland,FIN,1991,54.2,,6.3651037,1.4
Finland,FIN,1992,54.4,,7.655925,1.89
Finland,FIN,1993,54.5,,9.654867,2.57
Finland,FIN,1994,55,,13.276336,4.92
Finland,FIN,1995,55,,20.343336,13.9
Finland,FIN,1996,55.5,,29.308989,16.8
Finland,FIN,1997,55.7,,42.0739,19.5
Finland,FIN,1998,55.1,,55.223843,25.5
Finland,FIN,1999,55.2,,63.37119,32.3
Finland,FIN,2000,55,0.676171,72.034,37.2485
Finland,FIN,2001,54.1,2.5829,80.4859,43.1054
Finland,FIN,2002,52.4,5.25906,86.8519,62.43
Finland,FIN,2003,49.3,9.42076,91.064,69.22
Finland,FIN,2004,45.3,15.3018,95.4066,72.39
Finland,FIN,2005,40.4,22.3824,100.456,74.48
Finland,FIN,2006,36.3,27.1351,107.667,79.66
Finland,FIN,2007,32.9,30.5746,114.962,80.78
Finland,FIN,2008,31.1,30.4514,128.543,83.67
Finland,FIN,2009,26.8,29.3246,144.226,82.49
Finland,FIN,2010,23.3,29.0751,156.432,86.89
Finland,FIN,2011,20,29.8056,165.917,88.71
Finland,FIN,2012,16.4,30.4324,172.147,89.88
Finland,FIN,2013,13.8,31.6268,136.259,91.5144
Finland,FIN,2014,11.7,32.197,139.199,86.5304
Finland,FIN,2015,9.8,31.5691,134.974,86.4221
Finland,FIN,2016,8.32,31.1529,131.383,87.7036
Finland,FIN,2017,6.86,31.0435,129.983,87.4689
Finland,FIN,2018,5.86,31.4917,129.629,88.89
Finland,FIN,2019,4.87,32.544,129.488,89.6074
Finland,FIN,2020,4.07,33.3839,128.761,92.1703
Finland,FIN,2021,3.74,33.6397,129.036,92.8081
Finland,FIN,2022,3.25,34.2952,128.023,92.9888
Finland,FIN,2023,2.82,35.3318,127.473,93.5139
France,FRA,1960,4.804493,,0,
France,FRA,1961,4.80307,,,
France,FRA,1962,4.80307,,,
France,FRA,1963,4.80307,,,
France,FRA,1964,4.80307,,,
France,FRA,1965,6.3630395,,0,
France,FRA,1966,6.28761,,,
France,FRA,1967,6.28761,,,
France,FRA,1968,6.28761,,,
France,FRA,1969,6.28761,,,
France,FRA,1970,8.447539,,0,
France,FRA,1971,8.40755,,,
France,FRA,1972,8.40755,,,
France,FRA,1973,8.40755,,,
France,FRA,1974,8.40755,,,
France,FRA,1975,13.534787,,0,
France,FRA,1976,16.027252,,0,
France,FRA,1977,19.007872,,0,
France,FRA,1978,22.58567,,0,
France,FRA,1979,26.126368,,0,
France,FRA,1980,29.597591,,0,
France,FRA,1981,32.847218,,0,
France,FRA,1982,35.858112,,0,
France,FRA,1983,38.360664,,0,
France,FRA,1984,40.269653,,0,
France,FRA,1985,41.791607,,0,
France,FRA,1986,43.18293,,0.016353138,
France,FRA,1987,44.5775,,0.070512064,
France,FRA,1988,46.193165,,0.17587087,
France,FRA,1989,47.965954,,0.31760755,
France,FRA,1990,49.3,,0.50201285,0.0528
France,FRA,1991,50.8,,0.6620153,0.14
France,FRA,1992,52.3,,0.76797205,0.279
France,FRA,1993,53.5,,1.0025637,0.591
France,FRA,1994,54.7,,1.5428953,0.9
France,FRA,1995,55.7,,2.2683525,1.64
France,FRA,1996,56.4,,4.273801,2.58
France,FRA,1997,57.5,,10.057683,4.26
France,FRA,1998,58,0.02318168,19.301022,6.32
France,FRA,1999,57.4,0.09425522,36.73126,9.13
France,FRA,2000,57.1,0.330512,48.8409,14.3079
France,FRA,2001,56.9,1.00409,61.76,26.3259
France,FRA,2002,56.6,2.74337,63.96,30.18
France,FRA,2003,55.8,5.87638,68.6553,36.14
France,FRA,2004,55.1,10.725,72.8138,39.15
France,FRA,2005,54.7,15.3688,78.0332,42.87
France,FRA,2006,55,20.4851,83.2589,46.87
France,FRA,2007,55.7,25.2273,88.6688,66.09
France,FRA,2008,55.9,28.4007,92.3412,70.68
France,FRA,2009,64.9,31.458,91.7782,71.58
France,FRA,2010,64.1,33.6454,91.1186,77.28
France,FRA,2011,63.3,35.6938,93.8529,77.82
France,FRA,2012,62,37.4346,97.1925,81.44
France,FRA,2013,60.7,38.7341,98.3479,81.9198
France,FRA,2014,60,40.1422,101.132,83.7511
France,FRA,2015,60,41.3871,102.718,78.006
France,FRA,2016,59.9,42.5278,103.817,79.2698
France,FRA,2017,59.3,43.6243,105.718,80.5025
France,FRA,2018,58.2,44.4142,107.482,82.0432
France,FRA,2019,57.5,45.2765,109.601,83.3397
France,FRA,2020,57.3,46.4712,110.387,84.7064
France,FRA,2021,57.6,47.6442,113.953,86.0955
France,FRA,2022,57.1,48.2502,115.951,85.3333
France,FRA,2023,56,48.6688,116.688,86.8364
France,FRA,2024,,,,88.6538
French Polynesia,PYF,1960,0.97464967,,0,
French Polynesia,PYF,1961,1.05922,,,
French Polynesia,PYF,1962,1.05922,,,
French Polynesia,PYF,1963,1.05922,,,
French Polynesia,PYF,1964,1.05922,,,
French Polynesia,PYF,1965,1.9255326,,0,
French Polynesia,PYF,1966,2.03343,,,
French Polynesia,PYF,1967,2.03343,,,
French Polynesia,PYF,1968,2.03343,,,
French Polynesia,PYF,1969,2.03343,,,
French Polynesia,PYF,1970,3.3929646,,0,
French Polynesia,PYF,1971,3.62007,,,
French Polynesia,PYF,1972,3.62007,,,
French Polynesia,PYF,1973,3.62007,,,
French Polynesia,PYF,1974,3.62007,,,
French Polynesia,PYF,1975,4.8629436,,0,
French Polynesia,PYF,1976,5.541855,,0,
French Polynesia,PYF,1977,6.0399847,,0,
French Polynesia,PYF,1978,6.5042768,,0,
French Polynesia,PYF,1979,6.9373055,,0,
French Polynesia,PYF,1980,7.641007,,0,
French Polynesia,PYF,1981,7.8156457,,0,
French Polynesia,PYF,1982,9.005288,,0,
French Polynesia,PYF,1983,10.053507,,0,
French Polynesia,PYF,1984,11.176875,,0,
French Polynesia,PYF,1985,12.688055,,0,
French Polynesia,PYF,1986,13.944098,,0,
French Polynesia,PYF,1987,14.833178,,0,
French Polynesia,PYF,1988,15.695946,,0,
French Polynesia,PYF,1989,16.519743,,0,
French Polynesia,PYF,1990,18.7,,0,0
French Polynesia,PYF,1991,19.8,,0,
French Polynesia,PYF,1992,20.6,,0,
French Polynesia,PYF,1993,20.9,,0,
French Polynesia,PYF,1994,21.5,,0,
French Polynesia,PYF,1995,21.9,,0.49687615,
French Polynesia,PYF,1996,22.7,,1.1560915,0.091
French Polynesia,PYF,1997,22.8,,2.2703693,0.214
French Polynesia,PYF,1998,22.8,,4.5536513,1.32
French Polynesia,PYF,1999,22.1,,8.884576,3.45
French Polynesia,PYF,2000,22.3,,16.6017,6.35706
French Polynesia,PYF,2001,21.9,0.0102418,27.571,6.25159
French Polynesia,PYF,2002,21.5,0.0129149,21.0877,8.20022
French Polynesia,PYF,2003,21.3,0.375938,23.8836,14.1243
French Polynesia,PYF,2004,20.8,1.78014,37.5508,17.8845
French Polynesia,PYF,2005,20.6,4.23881,46.2415,21.5422
French Polynesia,PYF,2006,20.4,6.92721,57.7457,25.108
French Polynesia,PYF,2007,20.3,8.8576,65.6239,28.59
French Polynesia,PYF,2008,20.3,10.3104,69.732,33.87
French Polynesia,PYF,2009,20.2,11.1436,77.2823,44.6
French Polynesia,PYF,2010,20.3,11.9177,79.7879,49
French Polynesia,PYF,2011,20.2,13.2486,82.004,49
French Polynesia,PYF,2012,22.9,14.7207,83.3447,52.8766
French Polynesia,PYF,2013,22.5,16.3434,88.5949,56.8
French Polynesia,PYF,2014,22.1,17.9965,92.3064,60.68
French Polynesia,PYF,2015,21.8,18.6809,96.5696,64.5602
French Polynesia,PYF,2016,21.7,19.8594,100.334,68.4404
French Polynesia,PYF,2017,30.9,20.595,102.768,72.7039
French Polynesia,PYF,2018,32.3,21.3677,108.169,
French Polynesia,PYF,2019,33.7,22.2195,113.965,
French Polynesia,PYF,2020,33.7,22.9219,119.982,
French Polynesia,PYF,2021,47.9,26.7245,115.414,
French Polynesia,PYF,2022,49.5,27.9145,116.866,
French Polynesia,PYF,2023,,35.5534,118.778,
Gabon,GAB,1960,,,0,
Gabon,GAB,1965,,,0,
Gabon,GAB,1970,,,0,
Gabon,GAB,1975,,,0,
Gabon,GAB,1976,,,0,
Gabon,GAB,1977,,,0,
Gabon,GAB,1978,,,0,
Gabon,GAB,1979,,,0,
Gabon,GAB,1980,,,0,
Gabon,GAB,1981,1.3577768,,0,
Gabon,GAB,1982,1.3298125,,0,
Gabon,GAB,1983,1.3523643,,0,
Gabon,GAB,1984,1.3198675,,0,
Gabon,GAB,1985,1.4010803,,0,
Gabon,GAB,1986,1.4767022,,0,
Gabon,GAB,1987,1.546934,,0,
Gabon,GAB,1988,1.8270454,,0,
Gabon,GAB,1989,1.9735309,,0,
Gabon,GAB,1990,2.11,,0,0
Gabon,GAB,1991,2.6,,0,
Gabon,GAB,1992,2.66,,0.026989358,
Gabon,GAB,1993,2.8,,0.11263481,
Gabon,GAB,1994,2.87,,0.23600714,
Gabon,GAB,1995,2.85,,0.35651767,
Gabon,GAB,1996,3.04,,0.5909955,0
Gabon,GAB,1997,3.15,,0.80521715,0.048
Gabon,GAB,1998,3.19,,0.8012683,0.17
Gabon,GAB,1999,3.06,,0.7165746,0.249
Gabon,GAB,2000,3.06,,9.40754,1.21614
Gabon,GAB,2001,2.84,,11.454,1.34762
Gabon,GAB,2002,2.38,,20.7629,1.93953
Gabon,GAB,2003,2.78,0.0122979,21.7022,2.65959
Gabon,GAB,2004,2.72,0.0457228,34.4235,2.97907
Gabon,GAB,2005,2.67,0.104544,50.3377,4.89326
Gabon,GAB,2006,2.42,0.116884,59.5349,5.4892
Gabon,GAB,2007,1.7,0.127423,75.1171,5.767
Gabon,GAB,2008,2.06,0.136886,80.8873,7.5
Gabon,GAB,2009,2.19,0.222502,87.2676,9.5
Gabon,GAB,2010,1.77,0.237342,93.6112,13
Gabon,GAB,2011,1.26,0.252527,133.01,18
Gabon,GAB,2012,1.22,0.270726,138.488,24
Gabon,GAB,2013,1.01,0.465223,143.499,30.538
Gabon,GAB,2014,0.935,0.545896,148.238,38.0712
Gabon,GAB,2015,0.919,0.542972,138.244,45.7845
Gabon,GAB,2016,0.902,0.715039,141.05,48.0523
Gabon,GAB,2017,0.985,0.683713,123.475,51.6049
Gabon,GAB,2018,0.986,0.953118,132.465,55.4202
Gabon,GAB,2019,0.983,1.07496,131.975,59.5176
Gabon,GAB,2020,1.09,1.92061,131.302,63.9179
Gabon,GAB,2021,1.33,2.65142,132.309,68.6436
Gabon,GAB,2022,1.79,3.30549,123.233,70.7069
Gabon,GAB,2023,,3.97293,122.607,71.9256
Gambia,GMB,1960,,,0,
Gambia,GMB,1965,0.16996871,,0,
Gambia,GMB,1966,0.19247,,,
Gambia,GMB,1967,0.19247,,,
Gambia,GMB,1968,0.19247,,,
Gambia,GMB,1969,0.19247,,,
Gambia,GMB,1970,0.18724042,,0,
Gambia,GMB,1971,0.213174,,,
Gambia,GMB,1972,0.213174,,,
Gambia,GMB,1973,0.213174,,,
Gambia,GMB,1974,0.213174,,,
Gambia,GMB,1975,0.23983985,,0,
Gambia,GMB,1976,0.25320703,,0,
Gambia,GMB,1977,0.2607626,,0,
Gambia,GMB,1978,0.26746947,,0,
Gambia,GMB,1979,0.28482857,,0,
Gambia,GMB,1980,0.29919872,,0,
Gambia,GMB,1981,0.30962002,,0,
Gambia,GMB,1982,0.29937315,,0,
Gambia,GMB,1983,0.28910345,,0,
Gambia,GMB,1984,0.29340518,,0,
Gambia,GMB,1985,0.29207042,,0,
Gambia,GMB,1986,0.3374654,,0,
Gambia,GMB,1987,0.44376424,,0,
Gambia,GMB,1988,0.53859293,,0,
Gambia,GMB,1989,0.5701528,,0,
Gambia,GMB,1990,0.585,,0,0
Gambia,GMB,1991,0.912,,0,
Gambia,GMB,1992,1.22,,0.018098714,
Gambia,GMB,1993,1.37,,0.039116364,
Gambia,GMB,1994,1.49,,0.067336604,
Gambia,GMB,1995,1.52,,0.11608857,0.00922
Gambia,GMB,1996,1.64,,0.24205087,0.0355
Gambia,GMB,1997,1.85,,0.35945275,0.0513
Gambia,GMB,1998,1.86,,0.3722195,0.206
Gambia,GMB,1999,2.06,,0.38002175,0.716
Gambia,GMB,2000,2.29,,0.384858,0.921795
Gambia,GMB,2001,2.34,,3.68459,1.33679
Gambia,GMB,2002,2.5,,6.51173,1.79678
Gambia,GMB,2003,2.66,,9.46368,2.43678
Gambia,GMB,2004,2.65,0.00222042,10.7937,3.308
Gambia,GMB,2005,2.64,0.00425905,14.8454,3.799
Gambia,GMB,2006,2.7,,23.5732,5.23769
Gambia,GMB,2007,2.76,0.0152341,45.3269,6.20504
Gambia,GMB,2008,2.69,0.016503,64.1491,6.88
Gambia,GMB,2009,2.59,0.0160306,70.1538,7.63
Gambia,GMB,2010,2.53,0.0181664,76.7323,9.2
Gambia,GMB,2011,2.54,0.0220286,70.6308,10.8703
Gambia,GMB,2012,3.14,0.0244727,74.7,12.4492
Gambia,GMB,2013,3.05,0.0208193,87.8808,14
Gambia,GMB,2014,2.58,0.126725,105.505,15.56
Gambia,GMB,2015,2.02,0.160618,122.079,17.6
Gambia,GMB,2016,1.66,0.164202,124.274,19.9
Gambia,GMB,2017,1.37,0.17078,126.634,22.5
Gambia,GMB,2018,1.83,0.184737,132.578,28.3
Gambia,GMB,2019,2.44,0.203513,105.205,31.1183
Gambia,GMB,2020,2.38,0.198749,106.448,34.2172
Gambia,GMB,2021,2.33,0.194099,108.847,37.6247
Gambia,GMB,2022,2.39,0.215819,106.782,44.0389
Gambia,GMB,2023,,,,45.9137
Georgia,GEO,1960,,,0,
Georgia,GEO,1965,,,0,
Georgia,GEO,1970,,,0,
Georgia,GEO,1975,4.4262743,,0,
Georgia,GEO,1976,4.8949747,,0,
Georgia,GEO,1977,5.1579094,,0,
Georgia,GEO,1978,5.318049,,0,
Georgia,GEO,1979,5.7711115,,0,
Georgia,GEO,1980,6.218611,,0,
Georgia,GEO,1981,6.561309,,0,
Georgia,GEO,1982,6.897162,,0,
Georgia,GEO,1983,7.225098,,0,
Georgia,GEO,1984,7.5474744,,0,
Georgia,GEO,1985,7.8668375,,0,
Georgia,GEO,1986,8.181979,,0,
Georgia,GEO,1987,8.494319,,0,
Georgia,GEO,1988,8.898857,,0,
Georgia,GEO,1989,9.365562,,0,
Georgia,GEO,1990,9.91,,0,0
Georgia,GEO,1991,10.4,,0,
Georgia,GEO,1992,10.8,,0,
Georgia,GEO,1993,11,,0,
Georgia,GEO,1994,10.4,,0,
Georgia,GEO,1995,11.3,,0.003075235,0.0118
Georgia,GEO,1996,11.8,,0.04830642,0.0401
Georgia,GEO,1997,13.1,,0.64654726,0.0609
Georgia,GEO,1998,13.7,,1.3279022,0.103
Georgia,GEO,1999,15.1,,3.03204,0.416
Georgia,GEO,2000,11.8,,4.49919,0.484746
Georgia,GEO,2001,13.5,0.0102147,7.15803,0.992344
Georgia,GEO,2002,15.5,0.0222877,12.2005,1.58788
Georgia,GEO,2003,16.3,0.0345124,17.4086,2.55882
Georgia,GEO,2004,16.8,0.0468433,20.7256,3.88622
Georgia,GEO,2005,14.2,0.0593622,29.1672,6.07946
Georgia,GEO,2006,13.8,0.675576,42.6335,7.52688
Georgia,GEO,2007,14,1.17792,65.5238,8.26
Georgia,GEO,2008,15.7,2.8451,69.9049,10.01
Georgia,GEO,2009,15.8,3.82756,72.392,20.07
Georgia,GEO,2010,28.5,4.68264,102.113,26.9
Georgia,GEO,2011,34.6,6.42341,114.517,31.52
Georgia,GEO,2012,33.2,12.0611,122.384,36.94
Georgia,GEO,2013,31.5,13.5709,131.083,43.3
Georgia,GEO,2014,28.9,15.8407,142.391,49.1025
Georgia,GEO,2015,25.1,16.7647,146.396,47.5698
Georgia,GEO,2016,22.2,17.9596,145.881,58.4593
Georgia,GEO,2017,18.8,20.4644,145.072,59.7055
Georgia,GEO,2018,15.9,22.5911,143.858,62.7179
Georgia,GEO,2019,13.7,24.6806,141.755,68.8467
Georgia,GEO,2020,10.2,25.512,134.366,72.5316
Georgia,GEO,2021,9.11,26.6464,146.566,76.4427
Georgia,GEO,2022,8.33,28.3337,154.014,78.7113
Georgia,GEO,2023,7.3,29.3086,155.25,81.8843
Germany,DEU,1960,4.4084687,,0,
Germany,DEU,1961,4.38742,,,
Germany,DEU,1962,4.38742,,,
Germany,DEU,1963,4.38742,,,
Germany,DEU,1964,4.38742,,,
Germany,DEU,1965,6.3718586,,0,
Germany,DEU,1966,6.35343,,,
Germany,DEU,1967,6.35343,,,
Germany,DEU,1968,6.35343,,,
Germany,DEU,1969,6.35343,,,
Germany,DEU,1970,10.967553,,0,
Germany,DEU,1971,10.9279,,,
Germany,DEU,1972,10.9279,,,
Germany,DEU,1973,10.9279,,,
Germany,DEU,1974,10.9279,,,
Germany,DEU,1975,16.346231,,0,
Germany,DEU,1976,18.135828,,0,
Germany,DEU,1977,20.132631,,0,
Germany,DEU,1978,22.165565,,0,
Germany,DEU,1979,24.278795,,0,
Germany,DEU,1980,26.266186,,0,
Germany,DEU,1981,27.863863,,0,
Germany,DEU,1982,29.083204,,0,
Germany,DEU,1983,30.149267,,0,
Germany,DEU,1984,31.482595,,0,
Germany,DEU,1985,32.705036,,0.001391057,
Germany,DEU,1986,33.660885,,0.030589938,
Germany,DEU,1987,34.584187,,0.06242341,
Germany,DEU,1988,35.453716,,0.12584876,
Germany,DEU,1989,36.554867,,0.20733197,
Germany,DEU,1990,40,,0.3434652,0.126
Germany,DEU,1991,41.8,,0.6669646,0.25
Germany,DEU,1992,43.8,,1.211757,0.435
Germany,DEU,1993,45.4,,2.2021859,0.464
Germany,DEU,1994,47.4,,3.0791724,0.923
Germany,DEU,1995,51.2,,4.591778,1.84
Germany,DEU,1996,53.6,,6.7797556,3.05
Germany,DEU,1997,54.9,,10.162571,6.71
Germany,DEU,1998,56.7,,17.06606,9.88
Germany,DEU,1999,59,,28.748005,20.8
Germany,DEU,2000,61.4,0.323972,58.9286,30.2163
Germany,DEU,2001,63.9,2.56304,68.5016,31.6509
Germany,DEU,2002,65.4,3.90528,72.0473,48.82
Germany,DEU,2003,66,5.44381,78.917,55.9
Germany,DEU,2004,66.4,8.52694,86.8798,64.73
Germany,DEU,2005,66.8,13.1471,96.6169,68.71
Germany,DEU,2006,66.6,18.3315,104.835,72.16
Germany,DEU,2007,65.3,24.2949,118.37,75.16
Germany,DEU,2008,62,27.9989,130.097,78
Germany,DEU,2009,66.3,30.8451,129.733,79
Germany,DEU,2010,65.4,32.3663,109.364,82
Germany,DEU,2011,63.6,33.7099,112.419,81.27
Germany,DEU,2012,61.9,34.5501,114.192,82.35
Germany,DEU,2013,60.1,35.3423,123.435,84.17
Germany,DEU,2014,57.8,36.3409,122.309,86.1937
Germany,DEU,2015,55.3,37.4127,117.401,87.5898
Germany,DEU,2016,54.7,38.4991,125.024,84.1652
Germany,DEU,2017,53.4,39.9888,132.003,84.3942
Germany,DEU,2018,51,40.9651,128.946,87.0371
Germany,DEU,2019,45.8,42.1156,128.292,88.1345
Germany,DEU,2020,45.9,43.3049,128.425,89.8129
Germany,DEU,2021,46,44.0643,127.125,91.4306
Germany,DEU,2022,45.9,44.6186,124.158,91.6298
Germany,DEU,2023,45.9,45.3805,124.663,92.4764
Germany,DEU,2024,,,,93.5
Ghana,GHA,1960,,,0,
Ghana,GHA,1965,0.22100927,,0,
Ghana,GHA,1966,0.223529,,,
Ghana,GHA,1967,0.223529,,,
Ghana,GHA,1968,0.223529,,,
Ghana,GHA,1969,0.223529,,,
Ghana,GHA,1970,0.2640519,,0,
Ghana,GHA,1971,0.267873,,,
Ghana,GHA,1972,0.267873,,,
Ghana,GHA,1973,0.267873,,,
Ghana,GHA,1974,0.267873,,,
Ghana,GHA,1975,0.3061652,,0,
Ghana,GHA,1976,0.31381655,,0,
Ghana,GHA,1977,0.31258613,,0,
Ghana,GHA,1978,0.31707668,,0,
Ghana,GHA,1979,0.316143,,0,
Ghana,GHA,1980,0.3176841,,0,
Ghana,GHA,1981,0.30380023,,0,
Ghana,GHA,1982,0.2952012,,0,
Ghana,GHA,1983,0.28595677,,0,
Ghana,GHA,1984,0.28558394,,0,
Ghana,GHA,1985,0.2801169,,0,
Ghana,GHA,1986,0.27535698,,0,
Ghana,GHA,1987,0.27678415,,0,
Ghana,GHA,1988,0.27564675,,0,
Ghana,GHA,1989,0.28580737,,0,
Ghana,GHA,1990,0.287,,0,0
Ghana,GHA,1991,0.295,,0,
Ghana,GHA,1992,0.295,,0.002462819,
Ghana,GHA,1993,0.293,,0.010466464,
Ghana,GHA,1994,0.294,,0.019576484,
Ghana,GHA,1995,0.362,,0.035552755,0.000348
Ghana,GHA,1996,0.437,,0.07154222,0.00565
Ghana,GHA,1997,0.579,,0.11969538,0.0275
Ghana,GHA,1998,0.714,,0.2231026,0.0322
Ghana,GHA,1999,0.839,,0.36516017,0.105
Ghana,GHA,2000,1.08,,0.662242,0.153615
Ghana,GHA,2001,1.21,,1.20889,0.200008
Ghana,GHA,2002,1.33,,1.86583,0.830284
Ghana,GHA,2003,1.37,,3.73546,1.19306
Ghana,GHA,2004,1.43,0.00411555,7.75095,1.7168
Ghana,GHA,2005,1.43,0.00848128,12.8046,1.8312
Ghana,GHA,2006,1.55,0.0553325,22.6002,2.72318
Ghana,GHA,2007,1.59,0.0685086,32.1629,3.85
Ghana,GHA,2008,0.593,0.0947631,47.7132,4.27
Ghana,GHA,2009,1.08,0.114232,60.7695,5.44
Ghana,GHA,2010,1.09,0.204455,68.4473,7.8
Ghana,GHA,2011,1.09,0.24966,81.1104,9
Ghana,GHA,2012,1.07,0.254849,95.8262,10.6
Ghana,GHA,2013,0.987,0.251203,102.338,15
Ghana,GHA,2014,0.929,0.250235,108.27,19
Ghana,GHA,2015,0.96,0.25485,121.997,23
Ghana,GHA,2016,0.857,0.294978,130.481,28
Ghana,GHA,2017,1,0.189314,122.472,37.8842
Ghana,GHA,2018,0.909,0.199977,133.61,43
Ghana,GHA,2019,0.923,0.187204,130.705,22.0732
Ghana,GHA,2020,0.965,0.245771,126.887,62.5176
Ghana,GHA,2021,0.97,0.352238,124.403,68.6
Ghana,GHA,2022,0.996,0.624945,120.803,69.3607
Ghana,GHA,2023,0.946,0.555477,98.8059,69.9445
Gibraltar,GIB,1960,8.981762,,0,
Gibraltar,GIB,1961,8.36892,,,
Gibraltar,GIB,1962,8.36892,,,
Gibraltar,GIB,1963,8.36892,,,
Gibraltar,GIB,1964,8.36892,,,
Gibraltar,GIB,1965,,,0,
Gibraltar,GIB,1966,8.36892,,,
Gibraltar,GIB,1967,8.36892,,,
Gibraltar,GIB,1968,8.36892,,,
Gibraltar,GIB,1969,8.36892,,,
Gibraltar,GIB,1970,13.4907255,,0,
Gibraltar,GIB,1971,12.5848,,,
Gibraltar,GIB,1972,12.5848,,,
Gibraltar,GIB,1973,12.5848,,,
Gibraltar,GIB,1974,12.5848,,,
Gibraltar,GIB,1975,,,0,
Gibraltar,GIB,1976,,,0,
Gibraltar,GIB,1977,,,0,
Gibraltar,GIB,1978,,,0,
Gibraltar,GIB,1979,,,0,
Gibraltar,GIB,1980,,,0,
Gibraltar,GIB,1981,,,0,
Gibraltar,GIB,1982,,,0,
Gibraltar,GIB,1983,22.526424,,0,
Gibraltar,GIB,1984,24.315687,,0,
Gibraltar,GIB,1985,27.24768,,0,
Gibraltar,GIB,1986,28.064268,,0,
Gibraltar,GIB,1987,30.065083,,0,
Gibraltar,GIB,1988,32.789288,,0,
Gibraltar,GIB,1989,35.080177,,0,
Gibraltar,GIB,1990,39.5,,0,0
Gibraltar,GIB,1991,42.9,,0,
Gibraltar,GIB,1992,47.7,,0,
Gibraltar,GIB,1993,50.5,,0,
Gibraltar,GIB,1994,55.6,,0,
Gibraltar,GIB,1995,60.3,,2.4077046,
Gibraltar,GIB,1996,63.7,,3.6448293,
Gibraltar,GIB,1997,67.6,,5.877231,2.66
Gibraltar,GIB,1998,73.7,,8.847156,4.18
Gibraltar,GIB,1999,79.1,,13.172052,5.94
Gibraltar,GIB,2000,85,,20.0585,19.1316
Gibraltar,GIB,2001,88.6,,35.4232,21.1711
Gibraltar,GIB,2002,88.2,,43.7174,23.6702
Gibraltar,GIB,2003,88.4,,56.2354,28.3258
Gibraltar,GIB,2004,88.3,,64.0501,32.8861
Gibraltar,GIB,2005,85.7,,68.5801,39.0701
Gibraltar,GIB,2006,81.1,,74.3394,45.2986
Gibraltar,GIB,2007,80,,79.984,51.61
Gibraltar,GIB,2008,78.9,,85.4898,58
Gibraltar,GIB,2009,77.9,30.1625,92.7879,65.07
Gibraltar,GIB,2010,76.8,33.3877,96.0061,65
Gibraltar,GIB,2011,75.8,35.6412,102.653,65
Gibraltar,GIB,2012,72.1,37.4005,108.495,65.017
Gibraltar,GIB,2014,71.3,39.6184,115.808,
Gibraltar,GIB,2015,,46.9286,124.849,
Gibraltar,GIB,2016,50.6,48.7373,122.218,94.4445
Gibraltar,GIB,2017,57.7,50.7315,119.828,
Gibraltar,GIB,2018,50.7,54.4529,117.763,
Gibraltar,GIB,2019,47.8,54.9304,114.208,
Gibraltar,GIB,2020,47.1,58.0792,97.9681,
Gibraltar,GIB,2021,46.6,59.8567,92.6502,
Gibraltar,GIB,2022,45.6,60.9748,97.6043,
Greece,GRC,1960,2.139201,,0,
Greece,GRC,1961,2.19655,,,
Greece,GRC,1962,2.19655,,,
Greece,GRC,1963,2.19655,,,
Greece,GRC,1964,2.19655,,,
Greece,GRC,1965,4.867319,,0,
Greece,GRC,1966,4.90902,,,
Greece,GRC,1967,4.90902,,,
Greece,GRC,1968,4.90902,,,
Greece,GRC,1969,4.90902,,,
Greece,GRC,1970,10.380492,,0,
Greece,GRC,1971,10.2383,,,
Greece,GRC,1972,10.2383,,,
Greece,GRC,1973,10.2383,,,
Greece,GRC,1974,10.2383,,,
Greece,GRC,1975,19.158665,,0,
Greece,GRC,1976,20.313982,,0,
Greece,GRC,1977,21.203295,,0,
Greece,GRC,1978,22.294565,,0,
Greece,GRC,1979,23.450123,,0,
Greece,GRC,1980,24.394218,,0,
Greece,GRC,1981,25.49284,,0,
Greece,GRC,1982,26.59736,,0,
Greece,GRC,1983,28.168282,,0,
Greece,GRC,1984,30.048975,,0,
Greece,GRC,1985,31.67432,,0,
Greece,GRC,1986,33.129333,,0,
Greece,GRC,1987,34.55744,,0,
Greece,GRC,1988,35.750957,,0,
Greece,GRC,1989,37.09512,,0,
Greece,GRC,1990,38.5,,0,0
Greece,GRC,1991,40.7,,0,0.0488
Greece,GRC,1992,43.4,,0,0.0483
Greece,GRC,1993,45.6,,0.45439744,0.191
Greece,GRC,1994,47.5,,1.4369683,0.378
Greece,GRC,1995,49.1,,2.54476,0.75
Greece,GRC,1996,50.4,,4.9241905,1.4
Greece,GRC,1997,51.1,,8.622312,1.85
Greece,GRC,1998,51.9,,18.71205,3.22
Greece,GRC,1999,52.3,,35.510723,6.88
Greece,GRC,2000,52.5,,55.0181,9.13884
Greece,GRC,2001,51.7,,73.4448,10.935
Greece,GRC,2002,57.8,,85.5282,14.67
Greece,GRC,2003,57.7,0.0959475,81.8448,17.8
Greece,GRC,2004,58,0.470022,85.1742,21.42
Greece,GRC,2005,57.5,1.45805,93.4349,24
Greece,GRC,2006,56,4.43151,99.6707,32.25
Greece,GRC,2007,49.5,9.21147,111.309,35.88
Greece,GRC,2008,47.4,13.6049,124.578,38.2
Greece,GRC,2009,54,17.2544,119.689,42.4
Greece,GRC,2010,53,20.2492,110.5,44.4
Greece,GRC,2011,51.7,22.1831,109.174,51.65
Greece,GRC,2012,49.4,24.3425,120.926,55.07
Greece,GRC,2013,49.2,26.5619,114.143,59.8663
Greece,GRC,2014,48.8,28.9729,111.488,63.2073
Greece,GRC,2015,48.6,31.7814,116.133,66.835
Greece,GRC,2016,48.3,33.5486,116.365,69.0879
Greece,GRC,2017,48.1,35.1351,120.306,69.893
Greece,GRC,2018,47.7,36.9203,113.418,72.2384
Greece,GRC,2019,44.8,38.3566,110.855,75.6712
Greece,GRC,2020,45.4,39.7876,106.67,78.1158
Greece,GRC,2021,46.4,41.9213,108.644,78.4943
Greece,GRC,2022,46.8,42.923,109.027,83.1707
Greece,GRC,2023,48.4,43.854,110.792,85.0102
Greece,GRC,2024,,,,86.2697
Greenland,GRL,1960,,,0,
Greenland,GRL,1965,1.504969,,0,
Greenland,GRL,1966,1.52776,,,
Greenland,GRL,1967,1.52776,,,
Greenland,GRL,1968,1.52776,,,
Greenland,GRL,1969,1.52776,,,
Greenland,GRL,1970,3.433552,,0,
Greenland,GRL,1971,3.38586,,,
Greenland,GRL,1972,3.38586,,,
Greenland,GRL,1973,3.38586,,,
Greenland,GRL,1974,3.38586,,,
Greenland,GRL,1975,9.507629,,0,
Greenland,GRL,1976,11.002845,,0,
Greenland,GRL,1977,12.048895,,0,
Greenland,GRL,1978,14.302087,,0,
Greenland,GRL,1979,16.754084,,0,
Greenland,GRL,1980,19.077555,,0,
Greenland,GRL,1981,19.919558,,0,
Greenland,GRL,1982,20.881947,,0,
Greenland,GRL,1983,21.275778,,0,
Greenland,GRL,1984,22.360271,,0,
Greenland,GRL,1985,23.158587,,0,
Greenland,GRL,1986,24.754318,,0,
Greenland,GRL,1987,27.151232,,0,
Greenland,GRL,1988,28.765198,,0,
Greenland,GRL,1989,29.948643,,0,
Greenland,GRL,1990,29.8,,0,0
Greenland,GRL,1991,30.1,,0,
Greenland,GRL,1992,30.2,,0.30706796,
Greenland,GRL,1993,31.5,,0.78624254,
Greenland,GRL,1994,33.1,,1.7307001,0.0647
Greenland,GRL,1995,35.1,,3.6782103,0.0539
Greenland,GRL,1996,37.7,,7.365976,1.8
Greenland,GRL,1997,41.6,,11.558353,7.95
Greenland,GRL,1998,44.5,,15.856244,14.7
Greenland,GRL,1999,45.6,,24.099028,21.6
Greenland,GRL,2000,46.6,,26.8889,31.7478
Greenland,GRL,2001,42.9,,28.1541,35.4641
Greenland,GRL,2002,44.8,,35.2064,44.1548
Greenland,GRL,2003,44.5,0.209651,52.411,54.5343
Greenland,GRL,2004,44.2,5.83408,68.5909,56.099
Greenland,GRL,2005,56.5,12.5162,81.6155,57.7034
Greenland,GRL,2006,63.3,16.2017,94.7559,59.3617
Greenland,GRL,2007,40.8,18.5745,116.938,61.07
Greenland,GRL,2008,40.3,21.2015,98.5087,62.82
Greenland,GRL,2009,39,22.1861,94.5968,62.83
Greenland,GRL,2010,38.5,21.885,101.298,63
Greenland,GRL,2011,35,20.9223,103.357,64
Greenland,GRL,2012,33.3,20.043,104.715,64.896
Greenland,GRL,2013,31.9,19.1106,106.878,65.8
Greenland,GRL,2014,30.6,18.5142,108.237,66.7
Greenland,GRL,2015,28.6,17.8504,108.888,67.6004
Greenland,GRL,2016,,,,68.5009
Greenland,GRL,2017,16.5,21.7278,111.145,69.4825
Greenland,GRL,2018,14.4,24.0611,109.487,
Greenland,GRL,2019,12.7,26.1001,109.935,
Greenland,GRL,2020,11.3,27.919,117.614,
Greenland,GRL,2021,,29.9441,118.85,
Greenland,GRL,2022,8.92,31.9843,118.637,
Grenada,GRD,1960,1.1229365,,0,
Grenada,GRD,1961,1.17088,,,
Grenada,GRD,1962,1.17088,,,
Grenada,GRD,1963,1.17088,,,
Grenada,GRD,1964,1.17088,,,
Grenada,GRD,1965,,,0,
Grenada,GRD,1966,1.17088,,,
Grenada,GRD,1967,1.17088,,,
Grenada,GRD,1968,1.17088,,,
Grenada,GRD,1969,1.17088,,,
Grenada,GRD,1970,,,0,
Grenada,GRD,1971,1.17088,,,
Grenada,GRD,1972,1.17088,,,
Grenada,GRD,1973,1.17088,,,
Grenada,GRD,1974,1.17088,,,
Grenada,GRD,1975,3.1389904,,0,
Grenada,GRD,1976,,,0,
Grenada,GRD,1977,,,0,
Grenada,GRD,1978,,,0,
Grenada,GRD,1979,,,0,
Grenada,GRD,1980,3.1885953,,0,
Grenada,GRD,1981,3.1505325,,0,
Grenada,GRD,1982,3.1077135,,0,
Grenada,GRD,1983,3.1891704,,0,
Grenada,GRD,1984,3.6097894,,0,
Grenada,GRD,1985,3.8816416,,0,
Grenada,GRD,1986,4.955745,,0,
Grenada,GRD,1987,6.958389,,0,
Grenada,GRD,1988,9.010993,,0,
Grenada,GRD,1989,12.093848,,0,
Grenada,GRD,1990,15.2,,0.15144326,0
Grenada,GRD,1991,16.1,,0.1473566,0
Grenada,GRD,1992,18.2,,0.17913698,0
Grenada,GRD,1993,19.6,,0.27600247,0
Grenada,GRD,1994,20.4,,0.33923274,0
Grenada,GRD,1995,22.3,,0.38439363,0
Grenada,GRD,1996,23,,0.5436545,0.298
Grenada,GRD,1997,25.2,,0.92469776,0.991
Grenada,GRD,1998,25.9,,1.3276836,1.48
Grenada,GRD,1999,27.6,,1.8834718,2.47
Grenada,GRD,2000,29.2,,4.00182,4.06391
Grenada,GRD,2001,30.3,,5.9396,5.1281
Grenada,GRD,2002,30.9,0.519354,6.96746,14.7588
Grenada,GRD,2003,30,,38.8423,18.6452
Grenada,GRD,2004,29.9,0.557065,39.6193,19.5706
Grenada,GRD,2005,25,2.93619,42.7014,20.4878
Grenada,GRD,2006,25.2,5.03382,41.9422,21.396
Grenada,GRD,2007,25.8,6.87646,46.4894,22.29
Grenada,GRD,2008,25.8,8.07423,54.1246,23.18
Grenada,GRD,2009,25.5,11.1196,102.849,24.05
Grenada,GRD,2010,25.4,12.938,109.284,27
Grenada,GRD,2011,25,13.0926,107.83,30
Grenada,GRD,2012,24.6,14.1875,115.196,32
Grenada,GRD,2013,25.2,15.8608,117.194,35
Grenada,GRD,2014,23.9,16.4818,102.645,51.6
Grenada,GRD,2015,23.6,17.2285,104.439,52.5
Grenada,GRD,2016,23.3,18.0848,103.338,53.3
Grenada,GRD,2017,28.1,19.2614,98.0414,54.2
Grenada,GRD,2018,19.5,23.3268,102.619,61.4
Grenada,GRD,2019,21,27.4071,100.175,64.3128
Grenada,GRD,2020,16.6,27.4641,102.079,67.3637
Grenada,GRD,2021,22.3,26.1175,86.571,70.5594
Grenada,GRD,2022,14.5,29.7674,95.7592,74.2689
Grenada,GRD,2023,,,,74.1201
Guam,GUM,1960,3.6532457,,0,
Guam,GUM,1961,3.96152,,,
Guam,GUM,1962,3.96152,,,
Guam,GUM,1963,3.96152,,,
Guam,GUM,1964,3.96152,,,
Guam,GUM,1965,6.2201734,,0,
Guam,GUM,1966,6.67112,,,
Guam,GUM,1967,6.67112,,,
Guam,GUM,1968,6.67112,,,
Guam,GUM,1969,6.67112,,,
Guam,GUM,1970,7.6840315,,0,
Guam,GUM,1971,8.08923,,,
Guam,GUM,1972,8.08923,,,
Guam,GUM,1973,8.08923,,,
Guam,GUM,1974,8.08923,,,
Guam,GUM,1975,12.485172,,0,
Guam,GUM,1976,11.26981,,0,
Guam,GUM,1977,11.39608,,0,
Guam,GUM,1978,11.665878,,0,
Guam,GUM,1979,20.378513,,0,
Guam,GUM,1980,22.698257,,0,
Guam,GUM,1981,24.18124,,0,
Guam,GUM,1982,25.00753,,0,
Guam,GUM,1983,25.651943,,0,
Guam,GUM,1984,26.397835,,0,
Guam,GUM,1985,26.406044,,0,
Guam,GUM,1986,21.506018,,0,
Guam,GUM,1987,22.263336,,0,
Guam,GUM,1988,24.045868,,0,
Guam,GUM,1989,26.188318,,0,
Guam,GUM,1990,28.2,,0,0
Guam,GUM,1991,30.6,,0.6160339,
Guam,GUM,1992,32.3,,0.90869087,
Guam,GUM,1993,45.2,,1.3102837,
Guam,GUM,1994,43,,2.771878,0.348
Guam,GUM,1995,46.1,,3.3079271,0.66
Guam,GUM,1996,46,,3.811219,1.36
Guam,GUM,1997,46.1,,3.6758893,2.34
Guam,GUM,1998,48,,8.210058,4.5
Guam,GUM,1999,49,,12.626661,8.5
Guam,GUM,2000,46.5,,16.9931,16.1131
Guam,GUM,2001,49.6,1.08474,20.2072,25.3802
Guam,GUM,2002,43.1,,43.4341,31.1923
Guam,GUM,2003,40.2,,48.9159,33.7167
Guam,GUM,2004,40,,59.8254,36.1618
Guam,GUM,2005,39.9,,,38.5599
Guam,GUM,2006,39.7,,,43.8514
Guam,GUM,2007,39.6,1.63372,,46.1505
Guam,GUM,2008,39.5,1.62952,,48.4187
Guam,GUM,2009,39.4,1.80535,,50.642
Guam,GUM,2010,39.3,1.80156,,54.04
Guam,GUM,2011,,,,57.7
Guam,GUM,2012,40.3,,,61.5342
Guam,GUM,2013,40.4,1.8076,,65.4
Guam,GUM,2014,40.7,1.81284,,69.27
Guam,GUM,2015,41.2,,,73.14
Guam,GUM,2016,,,,77.01
Guam,GUM,2017,,,,80.5055
Guam,GUM,2019,43.3,1.85405,,
Guam,GUM,2020,43.2,1.85005,,
Guam,GUM,2021,42.8,1.83228,,
Guam,GUM,2022,43.2,1.83921,,
Guatemala,GTM,1960,0.43483332,,0,
Guatemala,GTM,1961,0.423227,,,
Guatemala,GTM,1962,0.423227,,,
Guatemala,GTM,1963,0.423227,,,
Guatemala,GTM,1964,0.423227,,,
Guatemala,GTM,1965,0.51230264,,0,
Guatemala,GTM,1966,0.499126,,,
Guatemala,GTM,1967,0.499126,,,
Guatemala,GTM,1968,0.499126,,,
Guatemala,GTM,1969,0.499126,,,
Guatemala,GTM,1970,0.69447196,,0,
Guatemala,GTM,1971,0.673646,,,
Guatemala,GTM,1972,0.673646,,,
Guatemala,GTM,1973,0.673646,,,
Guatemala,GTM,1974,0.673646,,,
Guatemala,GTM,1975,0.76725316,,0,
Guatemala,GTM,1976,0.83197665,,0,
Guatemala,GTM,1977,0.994057,,0,
Guatemala,GTM,1978,1.1165524,,0,
Guatemala,GTM,1979,1.1537236,,0,
Guatemala,GTM,1980,1.1874323,,0,
Guatemala,GTM,1981,1.2362986,,0,
Guatemala,GTM,1982,1.3455997,,0,
Guatemala,GTM,1983,1.4127306,,0,
Guatemala,GTM,1984,1.5177021,,0,
Guatemala,GTM,1985,1.6159356,,0,
Guatemala,GTM,1986,1.607364,,0,
Guatemala,GTM,1987,1.5857606,,0,
Guatemala,GTM,1988,1.607212,,0,
Guatemala,GTM,1989,1.7969265,,0,
Guatemala,GTM,1990,2.11,,0.003225174,0
Guatemala,GTM,1991,2.18,,0.01308744,
Guatemala,GTM,1992,2.25,,0.022356506,
Guatemala,GTM,1993,2.36,,0.03041131,
Guatemala,GTM,1994,2.44,,0.10363627,
Guatemala,GTM,1995,2.78,,0.2894793,0.003
Guatemala,GTM,1996,3.19,,0.40838793,0.0195
Guatemala,GTM,1997,3.96,,0.58864516,0.0955
Guatemala,GTM,1998,4.64,,0.9964653,0.467
Guatemala,GTM,1999,5.35,,2.946743,0.593
Guatemala,GTM,2000,5.78,,7.32485,0.712333
Guatemala,GTM,2001,6.32,,9.57808,1.7382
Guatemala,GTM,2002,6.91,,12.8774,3.39175
Guatemala,GTM,2003,7.54,,16.2446,4.54885
Guatemala,GTM,2004,8.84,,24.7377,5.1
Guatemala,GTM,2005,9.54,0.207112,34.4605,5.7
Guatemala,GTM,2006,10.1,0.291753,53.7031,6.5
Guatemala,GTM,2007,10.4,0.41752,87.1486,7.3
Guatemala,GTM,2008,10.4,0.67814,107.273,8.3
Guatemala,GTM,2009,9.94,1.09739,121.75,9.3
Guatemala,GTM,2010,10.3,1.78619,124.606,10.5
Guatemala,GTM,2011,11,,131.686,12.3
Guatemala,GTM,2012,11.6,1.85758,137.757,16
Guatemala,GTM,2013,12.1,2.29296,141.131,19.7
Guatemala,GTM,2014,11,2.76586,107.844,23.4
Guatemala,GTM,2015,10.8,2.87913,113.459,28.8059
Guatemala,GTM,2016,15.1,3.11026,112.267,34.5093
Guatemala,GTM,2017,14.9,3.2051,120.638,37.9
Guatemala,GTM,2018,14.5,,121.5,41.5
Guatemala,GTM,2019,11.5,3.42029,122.044,44.401
Guatemala,GTM,2020,13.1,3.52589,117.476,47.5123
Guatemala,GTM,2021,13.2,3.47754,125.719,50.8416
Guatemala,GTM,2022,10.7,5.02439,115.156,55.4086
Guatemala,GTM,2023,10.7,5.08083,113.709,56.0535
Guinea,GIN,1960,0.058405135,,0,
Guinea,GIN,1961,0.0587838,,,
Guinea,GIN,1962,0.0587838,,,
Guinea,GIN,1963,0.0587838,,,
Guinea,GIN,1964,0.0587838,,,
Guinea,GIN,1965,,,0,
Guinea,GIN,1966,0.0587838,,,
Guinea,GIN,1967,0.0587838,,,
Guinea,GIN,1968,0.0587838,,,
Guinea,GIN,1969,0.0587838,,,
Guinea,GIN,1970,0.111311786,,0,
Guinea,GIN,1971,0.113127,,,
Guinea,GIN,1972,0.113127,,,
Guinea,GIN,1973,0.113127,,,
Guinea,GIN,1974,0.113127,,,
Guinea,GIN,1975,,,0,
Guinea,GIN,1976,0.14166914,,0,
Guinea,GIN,1977,0.13952382,,0,
Guinea,GIN,1978,,,0,
Guinea,GIN,1979,,,0,
Guinea,GIN,1980,,,0,
Guinea,GIN,1981,0.20483768,,0,
Guinea,GIN,1982,0.22395281,,0,
Guinea,GIN,1983,0.24705268,,0,
Guinea,GIN,1984,0.27082142,,0,
Guinea,GIN,1985,0.26223588,,0,
Guinea,GIN,1986,0.22934453,,0,
Guinea,GIN,1987,0.20808229,,0,
Guinea,GIN,1988,0.16730314,,0,
Guinea,GIN,1989,0.18012877,,0,
Guinea,GIN,1990,0.176,,0,0
Guinea,GIN,1991,0.173,,0,
Guinea,GIN,1992,0.156,,0,
Guinea,GIN,1993,0.162,,0.000596075,
Guinea,GIN,1994,0.127,,0.01118132,0.000138
Guinea,GIN,1995,0.144,,0.012720352,0.000669
Guinea,GIN,1996,0.209,,0.012364775,0.00195
Guinea,GIN,1997,0.249,,0.036568545,0.0038
Guinea,GIN,1998,0.188,,0.26983896,0.0062
Guinea,GIN,1999,0.255,,0.3080406,0.0608
Guinea,GIN,2000,0.288,,0.499618,0.0954249
Guinea,GIN,2001,0.298,,0.651877,0.175542
Guinea,GIN,2002,0.3,,1.04648,0.402023
Guinea,GIN,2003,0.295,,1.25694,0.45096
Guinea,GIN,2004,0.289,,1.7092,0.508819
Guinea,GIN,2005,0.27,,2.04416,0.542254
Guinea,GIN,2006,0.244,,,0.637492
Guinea,GIN,2007,0.228,,20.699,0.780025
Guinea,GIN,2008,0.273,,27.7809,0.92
Guinea,GIN,2009,0.217,,34.3963,0.94
Guinea,GIN,2010,0.173,0.0048095,38.476,1
Guinea,GIN,2011,0.169,0.0056302,45.6102,2
Guinea,GIN,2012,0,0.00640933,51.1345,3.1
Guinea,GIN,2013,0,0.00714804,66.4453,4.5
Guinea,GIN,2014,0,0.00784456,75.6869,6.4
Guinea,GIN,2015,0,0.00849829,91.4756,9.2
Guinea,GIN,2016,0,0.00911122,92.0233,13.1
Guinea,GIN,2017,0,0.00909923,94.4641,18.7
Guinea,GIN,2018,0,0.00954759,94.555,21.83
Guinea,GIN,2019,,0.00959005,98.7621,22.6255
Guinea,GIN,2020,,0.00747877,103.17,23.4499
Guinea,GIN,2021,0,0.00729367,100.616,24.3044
Guinea,GIN,2022,0,0.00627529,108.885,24.6954
Guinea,GIN,2023,,,,26.5014
Guinea-Bissau,GNB,1960,0.056234796,,0,
Guinea-Bissau,GNB,1961,0.0527481,,,
Guinea-Bissau,GNB,1962,0.0527481,,,
Guinea-Bissau,GNB,1963,0.0527481,,,
Guinea-Bissau,GNB,1964,0.0527481,,,
Guinea-Bissau,GNB,1965,,,0,
Guinea-Bissau,GNB,1966,0.0527481,,,
Guinea-Bissau,GNB,1967,0.0527481,,,
Guinea-Bissau,GNB,1968,0.0527481,,,
Guinea-Bissau,GNB,1969,0.0527481,,,
Guinea-Bissau,GNB,1970,,,0,
Guinea-Bissau,GNB,1971,0.0527481,,,
Guinea-Bissau,GNB,1972,0.0527481,,,
Guinea-Bissau,GNB,1973,0.0527481,,,
Guinea-Bissau,GNB,1974,0.0527481,,,
Guinea-Bissau,GNB,1975,,,0,
Guinea-Bissau,GNB,1976,,,0,
Guinea-Bissau,GNB,1977,,,0,
Guinea-Bissau,GNB,1978,,,0,
Guinea-Bissau,GNB,1979,,,0,
Guinea-Bissau,GNB,1980,,,0,
Guinea-Bissau,GNB,1981,0.22012955,,0,
Guinea-Bissau,GNB,1982,0.36569884,,0,
Guinea-Bissau,GNB,1983,0.44246063,,0,
Guinea-Bissau,GNB,1984,0.55742997,,0,
Guinea-Bissau,GNB,1985,0.6110514,,0,
Guinea-Bissau,GNB,1986,0.60167027,,0,
Guinea-Bissau,GNB,1987,0.59241194,,0,
Guinea-Bissau,GNB,1988,0.5831955,,0,
Guinea-Bissau,GNB,1989,0.5948412,,0,
Guinea-Bissau,GNB,1990,0.612,,0,0
Guinea-Bissau,GNB,1991,0.621,,0,
Guinea-Bissau,GNB,1992,0.627,,0,
Guinea-Bissau,GNB,1993,0.63,,0,
Guinea-Bissau,GNB,1994,0.635,,0,
Guinea-Bissau,GNB,1995,0.657,,0,
Guinea-Bissau,GNB,1996,0.693,,0,
Guinea-Bissau,GNB,1997,0.655,,0,0.0164
Guinea-Bissau,GNB,1998,0.68,,0,0.0241
Guinea-Bissau,GNB,1999,0.504,,0,0.118
Guinea-Bissau,GNB,2000,0.901,,0,0.230103
Guinea-Bissau,GNB,2001,0.785,,0,0.299569
Guinea-Bissau,GNB,2002,0.868,,0,1.02299
Guinea-Bissau,GNB,2003,0.801,,0.0966784,1.3542
Guinea-Bissau,GNB,2004,0.72,,2.92324,1.80814
Guinea-Bissau,GNB,2005,0.696,,7.15302,1.90137
Guinea-Bissau,GNB,2006,0.479,,11.1163,2.0572
Guinea-Bissau,GNB,2007,0.315,,20.4153,2.2063
Guinea-Bissau,GNB,2008,0.312,,33.6114,2.35489
Guinea-Bissau,GNB,2009,0.317,,36.7108,2.30328
Guinea-Bissau,GNB,2010,0,0.0510743,43.2449,2.45
Guinea-Bissau,GNB,2011,0,0.0621861,45.5597,2.672
Guinea-Bissau,GNB,2012,0,0.0728465,63.5329,2.89399
Guinea-Bissau,GNB,2013,0,0.0856146,55.42,3.1
Guinea-Bissau,GNB,2014,0,0.0801207,63.6542,3.32
Guinea-Bissau,GNB,2015,0,0.0588315,69.3268,6.1
Guinea-Bissau,GNB,2016,0,0.0483653,70.1916,13.8
Guinea-Bissau,GNB,2017,0,0.0454431,76.4394,14.8
Guinea-Bissau,GNB,2018,0,0.0626376,77.0219,15.7
Guinea-Bissau,GNB,2019,,0.0623572,80.8245,17.9215
Guinea-Bissau,GNB,2020,,0.118366,95.0629,20.4573
Guinea-Bissau,GNB,2021,,0.16043,108.63,23.3519
Guinea-Bissau,GNB,2022,0,0.219185,125.935,27.5672
Guinea-Bissau,GNB,2023,,0.310448,128.111,32.4661
Guyana,GUY,1960,0.93061066,,0,
Guyana,GUY,1961,0.930889,,,
Guyana,GUY,1962,0.930889,,,
Guyana,GUY,1963,0.930889,,,
Guyana,GUY,1964,0.930889,,,
Guyana,GUY,1965,0.9381613,,0,
Guyana,GUY,1966,0.935772,,,
Guyana,GUY,1967,0.935772,,,
Guyana,GUY,1968,0.935772,,,
Guyana,GUY,1969,0.935772,,,
Guyana,GUY,1970,1.0350764,,0,
Guyana,GUY,1971,1.03556,,,
Guyana,GUY,1972,1.03556,,,
Guyana,GUY,1973,1.03556,,,
Guyana,GUY,1974,1.03556,,,
Guyana,GUY,1975,1.904532,,0,
Guyana,GUY,1976,2.030384,,0,
Guyana,GUY,1977,,,0,
Guyana,GUY,1978,,,0,
Guyana,GUY,1979,,,0,
Guyana,GUY,1980,,,0,
Guyana,GUY,1981,2.0832746,,0,
Guyana,GUY,1982,2.1163669,,0,
Guyana,GUY,1983,2.1840458,,0,
Guyana,GUY,1984,2.2551343,,0,
Guyana,GUY,1985,2.3295815,,0,
Guyana,GUY,1986,2.6024454,,0,
Guyana,GUY,1987,2.095047,,0,
Guyana,GUY,1988,2.1095655,,0,
Guyana,GUY,1989,2.1251247,,0,
Guyana,GUY,1990,2.13,,0,0
Guyana,GUY,1991,2.14,,0,
Guyana,GUY,1992,3.78,,0.112886205,
Guyana,GUY,1993,5.48,,0.13771616,
Guyana,GUY,1994,5.83,,0.16690104,
Guyana,GUY,1995,5.88,,0.16536094,
Guyana,GUY,1996,6.6,,0.159242,0.0659
Guyana,GUY,1997,7.23,,0.18537866,0.132
Guyana,GUY,1998,7.85,,0.19215114,0.264
Guyana,GUY,1999,8.38,,0.37136516,0.4
Guyana,GUY,2000,8.94,,5.20768,0.6
Guyana,GUY,2001,10.5,,9.85249,1
Guyana,GUY,2002,10.5,,10.3974,1.5
Guyana,GUY,2003,12.1,,18.0782,2.4
Guyana,GUY,2004,13.5,,22.5147,3.7
Guyana,GUY,2005,14.5,0.262842,36.9776,5.7
Guyana,GUY,2006,15.5,,52.7033,8.9
Guyana,GUY,2007,17,0.312078,71.1853,13.8
Guyana,GUY,2008,18.4,0.673729,59.3381,18.2
Guyana,GUY,2009,19.6,0.9072,64.9564,23.9
Guyana,GUY,2010,20,1.49388,74.7938,29.9
Guyana,GUY,2011,20.4,2.75279,70.8644,30
Guyana,GUY,2012,20.7,4.01735,73.3024,30.5
Guyana,GUY,2013,20.9,4.91986,74.0026,31
Guyana,GUY,2014,21.2,5.99619,75.1635,32
Guyana,GUY,2015,20.3,7.07543,71.5092,34
Guyana,GUY,2016,18.5,7.49174,76.5713,35.66
Guyana,GUY,2017,17.7,8.44382,83.6991,42.7
Guyana,GUY,2018,,,,48.5989
Guyana,GUY,2019,15.5,10.2765,96.3271,55.3127
Guyana,GUY,2020,15.5,11.765,106.009,62.954
Guyana,GUY,2021,15.3,11.6496,104.969,71.6509
Guyana,GUY,2022,15,12.9356,112.565,78.3924
Guyana,GUY,2023,,,,81.7221
Haiti,HTI,1960,,,0,
Haiti,HTI,1965,,,0,
Haiti,HTI,1970,,,0,
Haiti,HTI,1975,,,0,
Haiti,HTI,1976,,,0,
Haiti,HTI,1977,,,0,
Haiti,HTI,1978,,,0,
Haiti,HTI,1979,,,0,
Haiti,HTI,1980,,,0,
Haiti,HTI,1981,0.3472104,,0,
Haiti,HTI,1982,0.4083241,,0,
Haiti,HTI,1983,0.43349668,,0,
Haiti,HTI,1984,0.4575214,,0,
Haiti,HTI,1985,0.49635428,,0,
Haiti,HTI,1986,0.5333252,,0,
Haiti,HTI,1987,0.5685006,,0,
Haiti,HTI,1988,0.60196,,0,
Haiti,HTI,1989,0.6220371,,0,
Haiti,HTI,1990,0.657,,0,0
Haiti,HTI,1991,0.643,,0,
Haiti,HTI,1992,0.631,,0,
Haiti,HTI,1993,0.618,,0,
Haiti,HTI,1994,0.674,,0,
Haiti,HTI,1995,0.793,,0,
Haiti,HTI,1996,0.778,,0,0.00748
Haiti,HTI,1997,0.764,,0,
Haiti,HTI,1998,0.812,,0.12405569,0.024
Haiti,HTI,1999,0.859,,0.30454597,0.0707
Haiti,HTI,2000,0.873,,0.662399,0.231271
Haiti,HTI,2001,0.946,,1.08208,0.340832
Haiti,HTI,2002,1.51,,1.62646,0.893433
Haiti,HTI,2003,1.6,,3.653,1.64736
Haiti,HTI,2004,1.57,,4.48921,5.40126
Haiti,HTI,2005,1.6,,5.5202,6.3762
Haiti,HTI,2006,1.63,,13.02,6.796
Haiti,HTI,2007,1.16,,26.6715,7.2
Haiti,HTI,2008,1.13,,33.5754,7.6
Haiti,HTI,2009,1.1,,37.6487,8.1
Haiti,HTI,2010,0.51,,40.8026,8.37
Haiti,HTI,2011,0.504,,42.3605,9
Haiti,HTI,2012,0.497,0,60.5272,9.8
Haiti,HTI,2013,0.401,0,70.0445,10.6
Haiti,HTI,2014,0.395,0,65.2575,11.4
Haiti,HTI,2015,0.0541,0.0128097,69.3703,14.2
Haiti,HTI,2016,0.0533,0.0126318,60.9477,22.8
Haiti,HTI,2017,0.0547,0.276397,58.2918,27.2
Haiti,HTI,2018,0.054,0.283698,60.2323,32.4736
Haiti,HTI,2019,0.0536,0.28005,61.6234,39.262
Haiti,HTI,2020,0.0534,0.275706,65.0934,
Haiti,HTI,2021,0.0527,0.272537,64.3452,
Haiti,HTI,2022,0.0118,0.306791,65.1889,
High-income countries,OWID_HIC,1960,11.918064,,0,
High-income countries,OWID_HIC,1961,11.792862,,,
High-income countries,OWID_HIC,1962,11.809396,,,
High-income countries,OWID_HIC,1963,11.822104,,,
High-income countries,OWID_HIC,1964,11.831858,,,
High-income countries,OWID_HIC,1965,13.633207,,0,
High-income countries,OWID_HIC,1966,13.428938,,,
High-income countries,OWID_HIC,1967,13.424275,,,
High-income countries,OWID_HIC,1968,13.418068,,,
High-income countries,OWID_HIC,1969,13.4109745,,,
High-income countries,OWID_HIC,1970,17.263979,,0,
High-income countries,OWID_HIC,1971,17.077066,,,
High-income countries,OWID_HIC,1972,17.065954,,,
High-income countries,OWID_HIC,1973,17.054993,,,
High-income countries,OWID_HIC,1974,17.044619,,,
High-income countries,OWID_HIC,1975,20.157343,,0,
High-income countries,OWID_HIC,1976,21.162828,,0,
High-income countries,OWID_HIC,1977,22.298828,,0,
High-income countries,OWID_HIC,1978,23.443508,,0,
High-income countries,OWID_HIC,1979,24.336449,,0,
High-income countries,OWID_HIC,1980,25.445135,,0.002166166,
High-income countries,OWID_HIC,1981,27.21867,,0.007339043,
High-income countries,OWID_HIC,1982,28.072006,,0.011633306,
High-income countries,OWID_HIC,1983,29.047316,,0.017730247,
High-income countries,OWID_HIC,1984,29.996693,,0.031144561,
High-income countries,OWID_HIC,1985,30.992252,,0.071948856,
High-income countries,OWID_HIC,1986,31.931664,,0.1275411,
High-income countries,OWID_HIC,1987,33.09461,,0.220913,
High-income countries,OWID_HIC,1988,34.38331,,0.37145463,
High-income countries,OWID_HIC,1989,35.74686,,0.62565017,
High-income countries,OWID_HIC,1990,37.249397,,0.9209553,
High-income countries,OWID_HIC,1991,38.439114,,1.3120123,
High-income countries,OWID_HIC,1992,39.526585,,1.8271371,
High-income countries,OWID_HIC,1993,40.640797,,2.6082578,
High-income countries,OWID_HIC,1994,41.9185,,4.1009603,
High-income countries,OWID_HIC,1995,43.381996,,6.4919887,
High-income countries,OWID_HIC,1996,44.874756,,10.145704,
High-income countries,OWID_HIC,1997,46.564407,,14.371778,
High-income countries,OWID_HIC,1998,47.390713,,20.707151,
High-income countries,OWID_HIC,1999,49.230286,,30.480658,
High-income countries,OWID_HIC,2000,50.040394,,,
High-income countries,OWID_HIC,2001,49.92045,,,
High-income countries,OWID_HIC,2002,49.753952,,,
High-income countries,OWID_HIC,2003,48.92509,,,
High-income countries,OWID_HIC,2004,48.2489,,,
High-income countries,OWID_HIC,2005,47.508392,,,52.9
High-income countries,OWID_HIC,2006,46.63581,,,55.7
High-income countries,OWID_HIC,2007,44.81623,,,61.3
High-income countries,OWID_HIC,2008,44.462753,,,64
High-income countries,OWID_HIC,2009,45.853527,,,66.4
High-income countries,OWID_HIC,2010,45.058495,,,69
High-income countries,OWID_HIC,2011,44.02661,,,70.4
High-income countries,OWID_HIC,2012,42.802124,,,73.7
High-income countries,OWID_HIC,2013,41.905052,,,75.1
High-income countries,OWID_HIC,2014,41.18962,,,77
High-income countries,OWID_HIC,2015,39.4,29.6,122.7,78.3
High-income countries,OWID_HIC,2016,38.3,30.4,123.3,82.5
High-income countries,OWID_HIC,2017,37.3,31.5,122.9,84.2
High-income countries,OWID_HIC,2018,35.9,32.2,124.2,86.3
High-income countries,OWID_HIC,2019,34.4,32.9,126.1,87.5
High-income countries,OWID_HIC,2020,33.4,34.17,125.9,88.4
High-income countries,OWID_HIC,2021,32.7,35.39,128.7,90
High-income countries,OWID_HIC,2022,31.5,36.18,131.3,91
High-income countries,OWID_HIC,2023,30.2,36.95,135.8,91.9
High-income countries,OWID_HIC,2024,29,37.79,138.5,93
High-income countries,OWID_HIC,2025,28,38.71,141.6,94.2
Honduras,HND,1960,,,0,
Honduras,HND,1965,,,0,
Honduras,HND,1970,,,0,
Honduras,HND,1975,0.526143,,0,
Honduras,HND,1976,0.5139717,,0,
Honduras,HND,1977,0.516721,,0,
Honduras,HND,1978,0.5683073,,0,
Honduras,HND,1979,0.7351608,,0,
Honduras,HND,1980,0.7661217,,0,
Honduras,HND,1981,0.80775493,,0,
Honduras,HND,1982,0.8209138,,0,
Honduras,HND,1983,0.85468453,,0,
Honduras,HND,1984,1.0112109,,0,
Honduras,HND,1985,1.0461762,,0,
Honduras,HND,1986,1.1100707,,0,
Honduras,HND,1987,1.1679107,,0,
Honduras,HND,1988,1.3912603,,0,
Honduras,HND,1989,1.6014284,,0,
Honduras,HND,1990,1.77,,0,0
Honduras,HND,1991,1.84,,0,
Honduras,HND,1992,1.99,,0,
Honduras,HND,1993,2.16,,0,
Honduras,HND,1994,2.35,,0,
Honduras,HND,1995,2.8,,0,0.0368
Honduras,HND,1996,3.22,,0.038667794,0.0437
Honduras,HND,1997,3.85,,0.23481017,0.171
Honduras,HND,1998,4,,0.5531552,0.301
Honduras,HND,1999,4.36,,1.2132711,0.574
Honduras,HND,2000,4.54,,2.36054,1.20386
Honduras,HND,2001,4.58,,3.51627,1.41528
Honduras,HND,2002,4.65,,4.7055,2.5974
Honduras,HND,2003,4.7,,5.32871,4.8
Honduras,HND,2004,5.31,,9.68902,5.6
Honduras,HND,2005,6.6,,17.1356,6.5
Honduras,HND,2006,9.34,,29.2648,7.8
Honduras,HND,2007,10.5,,53.4134,9.4
Honduras,HND,2008,10.3,,77.5119,9.6
Honduras,HND,2009,8.75,,102.452,9.8
Honduras,HND,2010,8.05,0.0119533,113.617,11.09
Honduras,HND,2011,7.19,0.670797,94.399,15.9
Honduras,HND,2012,7.01,0.703115,84.5665,18.12
Honduras,HND,2013,6.96,0.776115,87.3776,17.8
Honduras,HND,2014,5.82,1.7417,85.2365,23
Honduras,HND,2015,5.38,2.13676,87.1292,27.1395
Honduras,HND,2016,4.71,2.34145,83.2181,29.5282
Honduras,HND,2017,5.12,2.48527,85.8717,31.7358
Honduras,HND,2018,5.45,3.63393,77.7101,36.0401
Honduras,HND,2019,4.93,3.9259,76.0268,39.3884
Honduras,HND,2020,5.25,3.92223,68.7836,45.2483
Honduras,HND,2021,4.52,4.09584,73.4772,51.9516
Honduras,HND,2022,3.96,4.4098,75.8551,56.3896
Honduras,HND,2023,4.17,4.36213,74.4148,58.2789
Hong Kong,HKG,1960,2.5410388,,0,
Hong Kong,HKG,1961,2.59828,,,
Hong Kong,HKG,1962,2.59828,,,
Hong Kong,HKG,1963,2.59828,,,
Hong Kong,HKG,1964,2.59828,,,
Hong Kong,HKG,1965,,,0,
Hong Kong,HKG,1966,2.59828,,,
Hong Kong,HKG,1967,2.59828,,,
Hong Kong,HKG,1968,2.59828,,,
Hong Kong,HKG,1969,2.59828,,,
Hong Kong,HKG,1970,11.959327,,0,
Hong Kong,HKG,1971,12.2891,,,
Hong Kong,HKG,1972,12.2891,,,
Hong Kong,HKG,1973,12.2891,,,
Hong Kong,HKG,1974,12.2891,,,
Hong Kong,HKG,1975,18.80435,,0,
Hong Kong,HKG,1976,19.954033,,0,
Hong Kong,HKG,1977,21.305523,,0,
Hong Kong,HKG,1978,22.697712,,0,
Hong Kong,HKG,1979,24.062994,,0,
Hong Kong,HKG,1980,25.68755,,0,
Hong Kong,HKG,1981,27.249651,,0,
Hong Kong,HKG,1982,28.585005,,0,
Hong Kong,HKG,1983,29.957767,,0,
Hong Kong,HKG,1984,31.205584,,0.018749164,
Hong Kong,HKG,1985,32.60241,,0.08130562,
Hong Kong,HKG,1986,34.177925,,0.18205681,
Hong Kong,HKG,1987,36.235226,,0.5029996,
Hong Kong,HKG,1988,38.67182,,0.905109,
Hong Kong,HKG,1989,40.767513,,1.5504525,
Hong Kong,HKG,1990,44.5,,2.2935739,0
Hong Kong,HKG,1991,47,,3.2019193,0.121
Hong Kong,HKG,1992,49,,3.8837588,0.85
Hong Kong,HKG,1993,50.7,,4.7758975,1.33
Hong Kong,HKG,1994,52.1,,7.859394,2.78
Hong Kong,HKG,1995,53.1,,12.786531,3.22
Hong Kong,HKG,1996,54.8,,21.502693,4.75
Hong Kong,HKG,1997,56.8,,34.61854,10.5
Hong Kong,HKG,1998,57.2,0.16804007,48.492832,14.5
Hong Kong,HKG,1999,58.5,1.3018287,64.36421,21.2
Hong Kong,HKG,2000,58.6,6.62897,81.2471,27.8278
Hong Kong,HKG,2001,57.5,10.5759,85.2695,38.6714
Hong Kong,HKG,2002,56.2,15.2314,93.7596,43.0824
Hong Kong,HKG,2003,55.5,18.4864,107.148,52.2
Hong Kong,HKG,2004,54.6,22.034,119.247,56.3999
Hong Kong,HKG,2005,54.9,24.0154,123.678,56.9
Hong Kong,HKG,2006,55.3,25.9157,136.258,60.8
Hong Kong,HKG,2007,60.4,27.2391,154.226,64.8
Hong Kong,HKG,2008,59.6,27.5683,164.943,66.7
Hong Kong,HKG,2009,60.5,29.0662,178.317,69.4
Hong Kong,HKG,2010,61.4,30.5242,194.234,72
Hong Kong,HKG,2011,60.8,32.1855,214.098,72.2
Hong Kong,HKG,2012,60.8,31.3154,227.571,72.9
Hong Kong,HKG,2013,60.8,30.7698,233.65,74.2
Hong Kong,HKG,2014,60.4,31.1671,231.702,79.8663
Hong Kong,HKG,2015,58.8,31.8722,227.037,84.9484
Hong Kong,HKG,2016,58.3,35.4485,237.378,87.4794
Hong Kong,HKG,2017,57.1,35.7032,247.079,89.4159
Hong Kong,HKG,2018,56.2,36.3353,266.34,90.5074
Hong Kong,HKG,2019,53.8,37.4681,286.619,91.7434
Hong Kong,HKG,2020,52.1,38.5246,291.916,92.4131
Hong Kong,HKG,2021,50.8,39.2189,319.852,93.0872
Hong Kong,HKG,2022,49.2,39.9518,292.808,95.6136
Hong Kong,HKG,2023,46.8,39.884,319.494,95.9778
Hungary,HUN,1960,2.43824,,0,
Hungary,HUN,1961,2.43376,,,
Hungary,HUN,1962,2.43376,,,
Hungary,HUN,1963,2.43376,,,
Hungary,HUN,1964,2.43376,,,
Hungary,HUN,1965,2.9953394,,0,
Hungary,HUN,1966,2.98681,,,
Hungary,HUN,1967,2.98681,,,
Hungary,HUN,1968,2.98681,,,
Hungary,HUN,1969,2.98681,,,
Hungary,HUN,1970,3.8686461,,0,
Hungary,HUN,1971,3.84971,,,
Hungary,HUN,1972,3.84971,,,
Hungary,HUN,1973,3.84971,,,
Hungary,HUN,1974,3.84971,,,
Hungary,HUN,1975,4.829007,,0,
Hungary,HUN,1976,4.8872676,,0,
Hungary,HUN,1977,4.9210024,,0,
Hungary,HUN,1978,4.9977207,,0,
Hungary,HUN,1979,5.2465634,,0,
Hungary,HUN,1980,5.7689366,,0,
Hungary,HUN,1981,5.960328,,0,
Hungary,HUN,1982,6.1488657,,0,
Hungary,HUN,1983,6.3685546,,0,
Hungary,HUN,1984,6.666726,,0,
Hungary,HUN,1985,7.0076566,,0,
Hungary,HUN,1986,7.330256,,0,
Hungary,HUN,1987,7.762777,,0,
Hungary,HUN,1988,8.224824,,0,
Hungary,HUN,1989,8.809126,,0,
Hungary,HUN,1990,9.59,,0.025491543,0
Hungary,HUN,1991,10.9,,0.081708014,0.00338
Hungary,HUN,1992,12.4,,0.22460815,0.0484
Hungary,HUN,1993,14.5,,0.44134542,0.193
Hungary,HUN,1994,17.2,,1.3826532,0.484
Hungary,HUN,1995,20.9,,2.5660467,0.677
Hungary,HUN,1996,25.7,,4.58952,0.969
Hungary,HUN,1997,30.1,,6.861471,1.94
Hungary,HUN,1998,33.4,,10.429369,3.89
Hungary,HUN,1999,36.5,,15.915076,5.86
Hungary,HUN,2000,37.3,0.0333641,30.1874,6.99968
Hungary,HUN,2001,36.8,0.308694,48.8599,14.5286
Hungary,HUN,2002,36.2,1.09936,67.9206,16.67
Hungary,HUN,2003,35.6,2.61462,78.5895,21.63
Hungary,HUN,2004,35.3,4.07614,86.5295,27.74
Hungary,HUN,2005,33.9,6.47435,92.5916,38.97
Hungary,HUN,2006,33.4,11.9323,99.162,47.06
Hungary,HUN,2007,32.4,14.4957,109.925,53.3
Hungary,HUN,2008,30.9,17.6763,122.038,61
Hungary,HUN,2009,30.7,19.7645,117.909,62
Hungary,HUN,2010,29.8,21.6394,120.369,65
Hungary,HUN,2011,29.5,23.2549,117.526,68.02
Hungary,HUN,2012,29.9,24.1618,116.768,70.58
Hungary,HUN,2013,30.1,26.2622,117.2,72.6439
Hungary,HUN,2014,30.5,26.1642,118.896,75.6532
Hungary,HUN,2015,31.4,27.6322,100.624,72.8347
Hungary,HUN,2016,31.8,28.6888,101.442,79.2594
Hungary,HUN,2017,32,30.2136,101.629,76.7505
Hungary,HUN,2018,31.5,31.5063,102.737,76.0744
Hungary,HUN,2019,31.2,32.6466,105.142,80.3717
Hungary,HUN,2020,30.5,33.4922,105.982,84.7712
Hungary,HUN,2021,30.4,34.8392,105.137,88.6408
Hungary,HUN,2022,29.4,36.5338,105.794,89.1428
Hungary,HUN,2023,27.8,36.7902,105.054,91.4501
Hungary,HUN,2024,,,,93.779
Iceland,ISL,1960,18.79635,,0,
Iceland,ISL,1961,18.7936,,,
Iceland,ISL,1962,18.7936,,,
Iceland,ISL,1963,18.7936,,,
Iceland,ISL,1964,18.7936,,,
Iceland,ISL,1965,23.59016,,0,
Iceland,ISL,1966,23.5897,,,
Iceland,ISL,1967,23.5897,,,
Iceland,ISL,1968,23.5897,,,
Iceland,ISL,1969,23.5897,,,
Iceland,ISL,1970,28.167244,,0,
Iceland,ISL,1971,28.173,,,
Iceland,ISL,1972,28.173,,,
Iceland,ISL,1973,28.173,,,
Iceland,ISL,1974,28.173,,,
Iceland,ISL,1975,34.62191,,0,
Iceland,ISL,1976,33.553696,,0,
Iceland,ISL,1977,33.710854,,0,
Iceland,ISL,1978,34.743183,,0,
Iceland,ISL,1979,35.731205,,0,
Iceland,ISL,1980,37.16634,,0,
Iceland,ISL,1981,38.057102,,0,
Iceland,ISL,1982,38.975193,,0,
Iceland,ISL,1983,39.613968,,0,
Iceland,ISL,1984,40.573357,,0,
Iceland,ISL,1985,42.494526,,0,
Iceland,ISL,1986,46.445347,,1.0856478,
Iceland,ISL,1987,47.70558,,2.0355077,
Iceland,ISL,1988,48.67616,,2.608466,
Iceland,ISL,1989,49.45266,,3.119245,
Iceland,ISL,1990,51.2,,3.9251978,0
Iceland,ISL,1991,52.6,,4.9959106,0.505
Iceland,ISL,1992,53.6,,5.8374352,1.54
Iceland,ISL,1993,54.4,,6.5960174,2.67
Iceland,ISL,1994,55.8,,8.205496,6.79
Iceland,ISL,1995,55.6,,11.53724,11.2
Iceland,ISL,1996,58.3,,17.390837,14.8
Iceland,ISL,1997,61,,24.089388,27.5
Iceland,ISL,1998,63.4,,38.01885,36.3
Iceland,ISL,1999,66.7,0.029175943,62.17501,41.3
Iceland,ISL,2000,69.8,0.838311,76.3993,44.4705
Iceland,ISL,2001,68.9,3.65686,87.0473,49.393
Iceland,ISL,2002,65.4,8.4386,90.5534,79.12
Iceland,ISL,2003,66.5,14.3544,96.5695,83.14
Iceland,ISL,2004,65.2,19.0863,99.2812,83.88
Iceland,ISL,2005,65.3,26.283,95.3759,87
Iceland,ISL,2006,62.1,28.8732,99.3576,89.51
Iceland,ISL,2007,59.9,32.0955,104.636,90.6
Iceland,ISL,2008,62.8,33.3897,106.112,91
Iceland,ISL,2009,59.7,33.6058,106.623,93
Iceland,ISL,2010,60.9,34.3263,107.204,93.39
Iceland,ISL,2011,59.9,34.9643,107.817,94.8197
Iceland,ISL,2012,56.1,35.3508,109.747,96.2098
Iceland,ISL,2013,51.9,36.2681,109.997,96.5468
Iceland,ISL,2014,52.4,36.5321,112.987,98.158
Iceland,ISL,2015,50.8,37.5994,116.004,98.2
Iceland,ISL,2016,49,38.1505,119.679,98.24
Iceland,ISL,2017,42.6,39.1883,116.796,98.2552
Iceland,ISL,2018,35.4,39.1065,116.581,99.011
Iceland,ISL,2019,32.2,38.603,114.623,99.5049
Iceland,ISL,2020,29.2,38.6826,114.939,99.5328
Iceland,ISL,2021,27,38.4077,117.343,99.687
Iceland,ISL,2022,24.5,37.4213,120.115,99.8082
Iceland,ISL,2023,21.3,37.4246,123.382,99.8301
India,IND,1960,0.07453652,,0,
India,IND,1961,0.0737767,,,
India,IND,1962,0.0737767,,,
India,IND,1963,0.0737767,,,
India,IND,1964,0.0737767,,,
India,IND,1965,0.12465029,,0,
India,IND,1966,0.124898,,,
India,IND,1967,0.124898,,,
India,IND,1968,0.124898,,,
India,IND,1969,0.124898,,,
India,IND,1970,0.17602757,,0,
India,IND,1971,0.17676,,,
India,IND,1972,0.17676,,,
India,IND,1973,0.17676,,,
India,IND,1974,0.17676,,,
India,IND,1975,0.23502134,,0,
India,IND,1976,0.2531399,,0,
India,IND,1977,0.2649661,,0,
India,IND,1978,0.28034195,,0,
India,IND,1979,0.295937,,0,
India,IND,1980,0.30846477,,0,
India,IND,1981,0.32201275,,0,
India,IND,1982,0.33824292,,0,
India,IND,1983,0.3577561,,0,
India,IND,1984,0.37985063,,0,
India,IND,1985,0.40567076,,0,
India,IND,1986,0.4371475,,0,
India,IND,1987,0.4659692,,0,
India,IND,1988,0.5006752,,0,
India,IND,1989,0.5385873,,0,
India,IND,1990,0.587,,0,0
India,IND,1991,0.657,,0,
India,IND,1992,0.753,,0,0.000111
India,IND,1993,0.87,,0,0.000218
India,IND,1994,1.04,,0,0.00107
India,IND,1995,1.25,,0.007952054,0.0262
India,IND,1996,1.48,,0.033354346,0.0463
India,IND,1997,1.78,,0.08797845,0.0708
India,IND,1998,2.12,,0.11703148,0.139
India,IND,1999,2.55,,0.18109667,0.273
India,IND,2000,3.07,,0.338124,0.527532
India,IND,2001,3.58,0.00463866,0.606736,0.660146
India,IND,2002,3.77,0.00750811,1.1844,1.53788
India,IND,2003,3.76,0.0125682,3.01665,1.68649
India,IND,2004,4.07,0.0206868,4.59687,1.97614
India,IND,2005,4.35,0.116743,7.80652,2.38807
India,IND,2006,3.48,0.196099,14.1575,2.8055
India,IND,2007,3.3,0.262876,19.6208,3.95
India,IND,2008,3.14,0.437111,28.7177,4.38
India,IND,2009,3.02,0.632032,42.8461,5.12
India,IND,2010,2.82,0.883809,60.4906,7.5
India,IND,2011,2.6,1.05859,70.8726,10.07
India,IND,2012,2.42,1.1717,67.6264,11.1
India,IND,2013,2.24,1.15198,68.3967,12.3
India,IND,2014,2.06,1.2002,71.9367,13.5
India,IND,2015,1.92,1.27579,75.3793,14.9
India,IND,2016,1.82,1.38795,83.9178,16.5
India,IND,2017,1.71,1.31327,85.9704,18.2
India,IND,2018,1.59,1.32178,85.5501,20.0813
India,IND,2019,1.51,1.37913,82.8981,29.5235
India,IND,2020,1.43,1.63623,82.254,43.4054
India,IND,2021,1.68,1.9488,81.604,
India,IND,2022,1.93,2.35232,80.1818,55.9
India,IND,2023,2.15,2.74535,80.5632,
India,IND,2025,,,,70
Indonesia,IDN,1960,0.09375345,,0,
Indonesia,IDN,1961,0.0944285,,,
Indonesia,IDN,1962,0.0944285,,,
Indonesia,IDN,1963,0.0944285,,,
Indonesia,IDN,1964,0.0944285,,,
Indonesia,IDN,1965,0.11961502,,0,
Indonesia,IDN,1966,0.120678,,,
Indonesia,IDN,1967,0.120678,,,
Indonesia,IDN,1968,0.120678,,,
Indonesia,IDN,1969,0.120678,,,
Indonesia,IDN,1970,0.124101356,,0,
Indonesia,IDN,1971,0.124572,,,
Indonesia,IDN,1972,0.124572,,,
Indonesia,IDN,1973,0.124572,,,
Indonesia,IDN,1974,0.124572,,,
Indonesia,IDN,1975,0.15813956,,0,
Indonesia,IDN,1976,0.16309719,,0,
Indonesia,IDN,1977,0.17481308,,0,
Indonesia,IDN,1978,0.19475973,,0,
Indonesia,IDN,1979,0.21915352,,0,
Indonesia,IDN,1980,0.25361544,,0,
Indonesia,IDN,1981,0.2816239,,0,
Indonesia,IDN,1982,0.3062959,,0,
Indonesia,IDN,1983,0.31692868,,0,
Indonesia,IDN,1984,0.33025044,,0.001078038,
Indonesia,IDN,1985,0.36332098,,0.001223825,
Indonesia,IDN,1986,0.40043628,,0.002678921,
Indonesia,IDN,1987,0.44027427,,0.003666018,
Indonesia,IDN,1988,0.47173434,,0.005127077,
Indonesia,IDN,1989,0.4827147,,0.007224398,
Indonesia,IDN,1990,0.581,,0.009934131,0
Indonesia,IDN,1991,0.693,,0.013232541,
Indonesia,IDN,1992,0.869,,0.018851452,
Indonesia,IDN,1993,0.964,,0.027870428,
Indonesia,IDN,1994,1.25,,0.040026978,0.00106
Indonesia,IDN,1995,1.65,,0.1063101,0.0261
Indonesia,IDN,1996,2.06,,0.27933973,0.0566
Indonesia,IDN,1997,2.41,,0.4477261,0.195
Indonesia,IDN,1998,2.66,,0.5127697,0.255
Indonesia,IDN,1999,2.85,,1.0526074,0.444
Indonesia,IDN,2000,3.08,0.00185119,1.69815,0.925564
Indonesia,IDN,2001,3.29,0.00684625,2.97627,2.01861
Indonesia,IDN,2002,3.49,0.0172454,5.26817,2.13414
Indonesia,IDN,2003,3.58,0.0273719,8.21836,2.38702
Indonesia,IDN,2004,4.55,0.0372488,13.3098,2.60029
Indonesia,IDN,2005,5.85,0.0468659,20.3186,3.60202
Indonesia,IDN,2006,6.33,0.08308,27.2719,4.76481
Indonesia,IDN,2007,8.24,0.328509,39.3934,5.78627
Indonesia,IDN,2008,12.6,0.408715,58.5358,7.91748
Indonesia,IDN,2009,14.3,0.766311,67.2958,6.92
Indonesia,IDN,2010,16.6,0.925809,85.7839,10.92
Indonesia,IDN,2011,15.5,1.09688,100.135,12.28
Indonesia,IDN,2012,15,1.18046,111.581,14.52
Indonesia,IDN,2013,12,1.27097,122.425,14.94
Indonesia,IDN,2014,10.1,1.31336,125.767,17.1432
Indonesia,IDN,2015,3.96,1.52139,129.469,22.0627
Indonesia,IDN,2016,4.06,1.97538,145.704,25.4474
Indonesia,IDN,2017,4.13,2.32504,162.783,32.3358
Indonesia,IDN,2018,3.08,3.2873,118.33,39.9046
Indonesia,IDN,2019,3.55,3.77423,125.244,47.6906
Indonesia,IDN,2020,3.52,3.92994,129.404,53.7265
Indonesia,IDN,2021,3.26,4.48746,132.199,62.1045
Indonesia,IDN,2022,3.02,4.82152,122.873,66.4846
Indonesia,IDN,2023,3.26,4.81664,125.238,69.2084
Indonesia,IDN,2024,,,,72.7808
Iran,IRN,1960,0.5442894,,0,
Iran,IRN,1961,0.531417,,,
Iran,IRN,1962,0.531417,,,
Iran,IRN,1963,0.531417,,,
Iran,IRN,1964,0.531417,,,
Iran,IRN,1965,0.810799,,0,
Iran,IRN,1966,0.801447,,,
Iran,IRN,1967,0.801447,,,
Iran,IRN,1968,0.801447,,,
Iran,IRN,1969,0.801447,,,
Iran,IRN,1970,1.0017679,,0,
Iran,IRN,1971,0.999514,,,
Iran,IRN,1972,0.999514,,,
Iran,IRN,1973,0.999514,,,
Iran,IRN,1974,0.999514,,,
Iran,IRN,1975,2.084793,,0,
Iran,IRN,1976,2.405362,,0,
Iran,IRN,1977,2.3798263,,0,
Iran,IRN,1978,2.3637495,,0,
Iran,IRN,1979,2.2922719,,0,
Iran,IRN,1980,2.3756652,,0,
Iran,IRN,1981,2.5324554,,0,
Iran,IRN,1982,2.4841323,,0,
Iran,IRN,1983,2.5453584,,0,
Iran,IRN,1984,2.634688,,0,
Iran,IRN,1985,2.789814,,0,
Iran,IRN,1986,3.0262463,,0,
Iran,IRN,1987,3.28686,,0,
Iran,IRN,1988,3.6070132,,0,
Iran,IRN,1989,3.7823617,,0,
Iran,IRN,1990,3.77,,0,0
Iran,IRN,1991,4.09,,0,
Iran,IRN,1992,4.9,,0,
Iran,IRN,1993,5.86,,0,
Iran,IRN,1994,7.02,,0.015336976,0.000408
Iran,IRN,1995,8.18,,0.026156837,0.00418
Iran,IRN,1996,9.26,,0.09735159,0.0158
Iran,IRN,1997,10.2,,0.38242632,0.0468
Iran,IRN,1998,11.4,,0.61450565,0.0998
Iran,IRN,1999,12.8,,0.7607289,0.379
Iran,IRN,2000,14.3,0.000264986,1.44928,0.93419
Iran,IRN,2001,16.2,0.000979956,3.09458,1.48422
Iran,IRN,2002,18.9,0.0237769,3.35112,4.62618
Iran,IRN,2003,22.3,0.0271924,5.01659,6.93372
Iran,IRN,2004,23.3,,7.22451,7.49
Iran,IRN,2005,28.3,,11.8484,8.1
Iran,IRN,2006,30.8,0.136253,20.963,8.76
Iran,IRN,2007,31.9,0.268087,39.9047,9.47
Iran,IRN,2008,32.8,0.397276,56.9429,12.02
Iran,IRN,2009,33.7,0.523164,68.7372,13.8
Iran,IRN,2010,33.3,1.27556,69.8155,15.9
Iran,IRN,2011,35.4,2.70427,71.4984,19
Iran,IRN,2012,36.2,4.79232,73.2734,22.73
Iran,IRN,2013,36.9,6.41818,81.1372,29.95
Iran,IRN,2014,36,7.53996,84.5269,39.3536
Iran,IRN,2015,36.8,7.99893,89.8322,45.335
Iran,IRN,2016,36.8,9.0781,96.0722,53.2268
Iran,IRN,2017,36.5,10.1144,102.376,64.044
Iran,IRN,2018,35.4,11.3876,103.024,70.2006
Iran,IRN,2019,33.3,9.90927,135.622,72.4509
Iran,IRN,2020,33.2,10.9027,145.486,75.5699
Iran,IRN,2021,33.1,12.0681,153.625,78.5957
Iran,IRN,2022,32.8,12.2102,162.713,79.061
Iran,IRN,2023,32,12.0206,166.28,79.6309
Iraq,IRQ,1960,,,0,
Iraq,IRQ,1965,,,0,
Iraq,IRQ,1970,0.9376897,,0,
Iraq,IRQ,1971,0.927608,,,
Iraq,IRQ,1972,0.927608,,,
Iraq,IRQ,1973,0.927608,,,
Iraq,IRQ,1974,0.927608,,,
Iraq,IRQ,1975,,,0,
Iraq,IRQ,1976,,,0,
Iraq,IRQ,1977,,,0,
Iraq,IRQ,1978,,,0,
Iraq,IRQ,1979,,,0,
Iraq,IRQ,1980,1.83105,,0,
Iraq,IRQ,1981,1.9548938,,0,
Iraq,IRQ,1982,2.0735872,,0,
Iraq,IRQ,1983,2.1836536,,0,
Iraq,IRQ,1984,2.53625,,0,
Iraq,IRQ,1985,2.9833965,,0,
Iraq,IRQ,1986,3.4678743,,0,
Iraq,IRQ,1987,4.060515,,0,
Iraq,IRQ,1988,3.9900818,,0,
Iraq,IRQ,1989,3.8698382,,0,
Iraq,IRQ,1990,4.05,,0,0
Iraq,IRQ,1991,3.77,,0,
Iraq,IRQ,1992,3.9,,0,
Iraq,IRQ,1993,3.54,,0,
Iraq,IRQ,1994,3.22,,0,
Iraq,IRQ,1995,3.07,,0,
Iraq,IRQ,1996,2.98,,0,
Iraq,IRQ,1997,2.93,,0,
Iraq,IRQ,1998,2.84,,0,
Iraq,IRQ,1999,2.86,,0,
Iraq,IRQ,2000,2.76,,0,
Iraq,IRQ,2001,2.68,,0,0.1
Iraq,IRQ,2002,4.34,,0.0769037,0.5
Iraq,IRQ,2003,4.41,,0.298478,0.6
Iraq,IRQ,2004,3.75,,2.08138,0.9
Iraq,IRQ,2005,3.93,,5.39647,0.9
Iraq,IRQ,2006,4.36,9.08566E-05,32.6573,0.952344
Iraq,IRQ,2007,4.81,0.000345172,49.3851,0.93
Iraq,IRQ,2008,3.74,0.000186393,60.5053,1
Iraq,IRQ,2009,5.49,0.000402552,66.9264,1.06
Iraq,IRQ,2010,5.54,0.0100401,74.9368,2.5
Iraq,IRQ,2011,5.58,,79.3466,5
Iraq,IRQ,2012,5.56,,79.5012,7.1
Iraq,IRQ,2013,5.39,,91.9733,9.2
Iraq,IRQ,2014,5.33,,90.2871,11.6453
Iraq,IRQ,2015,5.32,,89.3464,15.2
Iraq,IRQ,2016,5.28,,86.9439,19.9
Iraq,IRQ,2017,8.23,10.9105,84.9465,49.36
Iraq,IRQ,2018,6.72,11.1567,90.716,33.9
Iraq,IRQ,2019,6.94,11.0678,90.3685,44.3263
Iraq,IRQ,2020,6.41,14.8495,88.9799,53.6778
Iraq,IRQ,2021,5.9,14.8275,94.6093,65.0022
Iraq,IRQ,2022,5.43,14.4913,99.1324,78.7156
Iraq,IRQ,2023,4.39,17.2313,101.389,81.7291
Ireland,IRL,1960,3.9353385,,0,
Ireland,IRL,1961,3.96307,,,
Ireland,IRL,1962,3.96307,,,
Ireland,IRL,1963,3.96307,,,
Ireland,IRL,1964,3.96307,,,
Ireland,IRL,1965,5.7846003,,0,
Ireland,IRL,1966,5.8435,,,
Ireland,IRL,1967,5.8435,,,
Ireland,IRL,1968,5.8435,,,
Ireland,IRL,1969,5.8435,,,
Ireland,IRL,1970,7.9655857,,0,
Ireland,IRL,1971,8.0456,,,
Ireland,IRL,1972,8.0456,,,
Ireland,IRL,1973,8.0456,,,
Ireland,IRL,1974,8.0456,,,
Ireland,IRL,1975,10.449917,,0,
Ireland,IRL,1976,11.1362295,,0,
Ireland,IRL,1977,11.859911,,0,
Ireland,IRL,1978,12.463807,,0,
Ireland,IRL,1979,13.007556,,0,
Ireland,IRL,1980,14.241961,,0,
Ireland,IRL,1981,15.650426,,0,
Ireland,IRL,1982,16.7941,,0,
Ireland,IRL,1983,17.664156,,0,
Ireland,IRL,1984,19.17159,,0,
Ireland,IRL,1985,20.052662,,0.008557324,
Ireland,IRL,1986,21.355957,,0.042666122,
Ireland,IRL,1987,22.659988,,0.0988986,
Ireland,IRL,1988,24.090044,,0.18010136,
Ireland,IRL,1989,26.296797,,0.3898299,
Ireland,IRL,1990,28,,0.7172831,0
Ireland,IRL,1991,29.7,,0.91303223,0.0568
Ireland,IRL,1992,31.3,,1.2470359,0.17
Ireland,IRL,1993,32.7,,1.723214,0.281
Ireland,IRL,1994,34.5,,2.4723282,0.558
Ireland,IRL,1995,36.3,,4.4140463,1.11
Ireland,IRL,1996,38.2,,8.001713,2.2
Ireland,IRL,1997,42.4,,14.97191,4.09
Ireland,IRL,1998,44,,25.715837,8.1
Ireland,IRL,1999,46.3,,45.08171,10.9
Ireland,IRL,2000,48.2,,64.7191,17.8505
Ireland,IRL,2001,48.1,,76.8836,23.1388
Ireland,IRL,2002,50.3,0.269827,76.3661,25.85
Ireland,IRL,2003,49,1.04685,87.6548,34.31
Ireland,IRL,2004,49.6,3.74072,94.9321,36.99
Ireland,IRL,2005,49.4,7.7612,102.761,41.61
Ireland,IRL,2006,51,13.1583,109.871,54.82
Ireland,IRL,2007,51.4,17.2691,113.138,61.1583
Ireland,IRL,2008,49.5,19.8672,112.531,65.34
Ireland,IRL,2009,47,21.5358,103.766,67.38
Ireland,IRL,2010,45.6,22.3721,103.123,69.85
Ireland,IRL,2011,44.7,23.3814,107.135,74.89
Ireland,IRL,2012,43.6,24.175,108.99,76.92
Ireland,IRL,2013,44,25.7144,105.538,78.2477
Ireland,IRL,2014,43.4,27.0222,105.461,83.4917
Ireland,IRL,2015,41.1,27.8463,104.243,83.4948
Ireland,IRL,2016,40.3,28.6148,102.558,83.5
Ireland,IRL,2017,38.9,29.0795,101.842,84.114
Ireland,IRL,2018,37.5,29.3513,102.03,87.0001
Ireland,IRL,2019,35.8,29.6453,104.598,87.0001
Ireland,IRL,2020,33.7,30.4353,105.046,91.9999
Ireland,IRL,2021,25.7,31.3616,106.87,96.4235
Ireland,IRL,2022,23.9,31.5363,110.609,96.6206
Ireland,IRL,2023,22.6,31.8911,110.798,96.4974
Israel,ISR,1960,3.407076,,,
Israel,ISR,1961,3.14543,,,
Israel,ISR,1962,3.14543,,,
Israel,ISR,1963,3.14543,,,
Israel,ISR,1964,3.14543,,,
Israel,ISR,1965,7.284777,,,
Israel,ISR,1966,6.90675,,,
Israel,ISR,1967,6.90675,,,
Israel,ISR,1968,6.90675,,,
Israel,ISR,1969,6.90675,,,
Israel,ISR,1970,12.692158,,,
Israel,ISR,1971,13.1142,,,
Israel,ISR,1972,13.1142,,,
Israel,ISR,1973,13.1142,,,
Israel,ISR,1974,13.1142,,,
Israel,ISR,1975,17.620567,,,
Israel,ISR,1976,18.505703,,,
Israel,ISR,1977,19.371012,,,
Israel,ISR,1978,20.250875,,,
Israel,ISR,1979,21.396767,,,
Israel,ISR,1980,22.953003,,,
Israel,ISR,1981,24.167183,,,
Israel,ISR,1982,25.10764,,,
Israel,ISR,1983,26.14415,,,
Israel,ISR,1984,26.637226,,,
Israel,ISR,1985,28.21157,,,
Israel,ISR,1986,29.869127,,,
Israel,ISR,1987,31.572767,,,
Israel,ISR,1988,32.453617,,,
Israel,ISR,1989,32.861702,,,
Israel,ISR,1990,35.8,,0.3172849,0.111
Israel,ISR,1991,35.6,,0.46532217,0.215
Israel,ISR,1992,36.4,,0.71079427,0.311
Israel,ISR,1993,38.5,,1.236985,0.399
Israel,ISR,1994,41,,2.4956548,0.577
Israel,ISR,1995,43.7,,8.130637,0.93
Israel,ISR,1996,46.2,,18.665178,2.17
Israel,ISR,1997,47.4,,29.119965,4.4
Israel,ISR,1998,48.5,,36.5789,10.3
Israel,ISR,1999,48.4,,48.047344,13.4
Israel,ISR,2000,48.7,,71.9991,20.8738
Israel,ISR,2001,48.5,0.700721,87.8696,17.3786
Israel,ISR,2002,47.1,3.62669,98.6269,17.7646
Israel,ISR,2003,44.8,9.73578,101.777,19.5934
Israel,ISR,2004,43.8,14.8146,109.174,22.7705
Israel,ISR,2005,43.6,18.2757,115.291,25.194
Israel,ISR,2006,43.9,20.7626,122.79,27.8811
Israel,ISR,2007,44.2,21.9535,127.857,48.1281
Israel,ISR,2008,45.5,23.7765,126.817,59.39
Israel,ISR,2009,46,23.9103,125.2,63.12
Israel,ISR,2010,46.5,24.0161,124.183,67.5
Israel,ISR,2011,46.8,25.1509,123.142,68.8739
Israel,ISR,2012,47.2,25.4608,121.257,70.8
Israel,ISR,2013,43.9,25.8472,122.59,70.2503
Israel,ISR,2014,43.4,26.9843,120.296,75.0178
Israel,ISR,2015,42.4,26.984,131.257,77.3521
Israel,ISR,2016,40.7,27.503,128.745,79.6531
Israel,ISR,2017,38.7,28.0083,126.049,81.5812
Israel,ISR,2018,37.6,28.6132,125.733,83.7332
Israel,ISR,2019,36.3,28.6568,135.143,86.7879
Israel,ISR,2020,38.3,29.5678,139.426,90.1273
Israel,ISR,2021,39.1,29.7079,139.775,90.2969
Israel,ISR,2022,39.3,29.1677,151.138,91.8508
Israel,ISR,2023,31.4,29.4357,153.337,87.0384
Israel,ISR,2024,,,,88.1824
Italy,ITA,1960,6.174852,,0,
Italy,ITA,1961,6.15221,,,
Italy,ITA,1962,6.15221,,,
Italy,ITA,1963,6.15221,,,
Italy,ITA,1964,6.15221,,,
Italy,ITA,1965,8.823611,,0,
Italy,ITA,1966,8.7853,,,
Italy,ITA,1967,8.7853,,,
Italy,ITA,1968,8.7853,,,
Italy,ITA,1969,8.7853,,,
Italy,ITA,1970,12.1164875,,0,
Italy,ITA,1971,12.0724,,,
Italy,ITA,1972,12.0724,,,
Italy,ITA,1973,12.0724,,,
Italy,ITA,1974,12.0724,,,
Italy,ITA,1975,17.533672,,0,
Italy,ITA,1976,18.353857,,0,
Italy,ITA,1977,19.367592,,0,
Italy,ITA,1978,20.502169,,0,
Italy,ITA,1979,21.708317,,0,
Italy,ITA,1980,23.10868,,0,
Italy,ITA,1981,24.516693,,0,
Italy,ITA,1982,25.974306,,0,
Italy,ITA,1983,27.559996,,0,
Italy,ITA,1984,29.178194,,0,
Italy,ITA,1985,30.715391,,0.011326625,
Italy,ITA,1986,32.22683,,0.01596778,
Italy,ITA,1987,33.727577,,0.02918905,
Italy,ITA,1988,35.453003,,0.059305582,
Italy,ITA,1989,37.4977,,0.1165019,
Italy,ITA,1990,39.2,,0.46866828,0.0175
Italy,ITA,1991,40.4,,1.000097,0.0351
Italy,ITA,1992,41.5,,1.3777162,0.0701
Italy,ITA,1993,42.3,,2.1227124,0.122
Italy,ITA,1994,42.7,,3.937851,0.192
Italy,ITA,1995,43.3,,6.8963547,0.524
Italy,ITA,1996,44.2,,11.286672,1.02
Italy,ITA,1997,44.9,,20.619656,2.28
Italy,ITA,1998,45.4,,35.984287,4.56
Italy,ITA,1999,46.3,,53.20215,14.4
Italy,ITA,2000,47.4,0.200796,73.7635,23.1109
Italy,ITA,2001,47.7,0.68056,89.4256,27.2221
Italy,ITA,2002,47.3,1.4803,94.3912,28.04
Italy,ITA,2003,46.1,3.8968,98.3206,29.04
Italy,ITA,2004,44.6,8.12094,107.861,33.24
Italy,ITA,2005,42.8,11.658,122.181,35
Italy,ITA,2006,45.8,14.4626,136.871,37.99
Italy,ITA,2007,37.9,17.1246,151.925,40.79
Italy,ITA,2008,37,18.9321,151.676,44.53
Italy,ITA,2009,37.8,20.1732,150.295,48.83
Italy,ITA,2010,37.5,21.7705,155.684,53.68
Italy,ITA,2011,36.6,22.3939,159.093,54.39
Italy,ITA,2012,35.9,22.7375,160.559,55.83
Italy,ITA,2013,34.8,23.1032,159.698,58.4593
Italy,ITA,2014,33.9,23.7084,148.217,55.6385
Italy,ITA,2015,33.4,24.5978,144.764,58.1417
Italy,ITA,2016,33.5,25.7337,142.127,61.3243
Italy,ITA,2017,34.3,27.4653,138.882,63.0773
Italy,ITA,2018,33.8,28.4649,138.265,74.3872
Italy,ITA,2019,32.5,29.0545,132.181,67.8507
Italy,ITA,2020,32.7,30.2586,129.49,70.4834
Italy,ITA,2021,33.5,31.2853,130.781,74.8623
Italy,ITA,2022,33.3,31.1914,131.674,85.0607
Italy,ITA,2023,33.8,31.8411,131.872,87.0278
Italy,ITA,2024,,,,89.2207
Jamaica,JAM,1960,1.2136408,,0,
Jamaica,JAM,1961,1.22393,,,
Jamaica,JAM,1962,1.22393,,,
Jamaica,JAM,1963,1.22393,,,
Jamaica,JAM,1964,1.22393,,,
Jamaica,JAM,1965,1.5054578,,0,
Jamaica,JAM,1966,1.49729,,,
Jamaica,JAM,1967,1.49729,,,
Jamaica,JAM,1968,1.49729,,,
Jamaica,JAM,1969,1.49729,,,
Jamaica,JAM,1970,1.8826405,,0,
Jamaica,JAM,1971,1.86603,,,
Jamaica,JAM,1972,1.86603,,,
Jamaica,JAM,1973,1.86603,,,
Jamaica,JAM,1974,1.86603,,,
Jamaica,JAM,1975,2.4811616,,0,
Jamaica,JAM,1976,2.5080242,,0,
Jamaica,JAM,1977,2.6035001,,0,
Jamaica,JAM,1978,2.5715158,,0,
Jamaica,JAM,1979,2.5128896,,0,
Jamaica,JAM,1980,2.4624147,,0,
Jamaica,JAM,1981,2.5940423,,0,
Jamaica,JAM,1982,2.7501743,,0,
Jamaica,JAM,1983,2.8759189,,0,
Jamaica,JAM,1984,2.954866,,0,
Jamaica,JAM,1985,3.3454187,,0,
Jamaica,JAM,1986,3.5115082,,0,
Jamaica,JAM,1987,3.4976213,,0,
Jamaica,JAM,1988,3.6172407,,0,
Jamaica,JAM,1989,3.7537842,,0,
Jamaica,JAM,1990,4.42,,0,0
Jamaica,JAM,1991,5.48,,0.10145667,
Jamaica,JAM,1992,6.9,,0.3133197,
Jamaica,JAM,1993,8.51,,0.6189759,
Jamaica,JAM,1994,10.1,,1.0508891,0.0368
Jamaica,JAM,1995,11.6,,1.7987767,0.109
Jamaica,JAM,1996,14.2,,2.1572163,0.591
Jamaica,JAM,1997,16.3,,2.5830212,0.798
Jamaica,JAM,1998,18,,3.0515022,1.98
Jamaica,JAM,1999,18.8,,5.561363,2.36
Jamaica,JAM,2000,18.9,,14.0712,3.11578
Jamaica,JAM,2001,19.5,0.123266,22.7795,3.86302
Jamaica,JAM,2002,16.5,0.340835,47.148,6.1
Jamaica,JAM,2003,17.3,0.338776,59.337,7.8
Jamaica,JAM,2004,15.8,1.01039,68.7649,10
Jamaica,JAM,2005,11.9,1.67469,73.7408,12.8
Jamaica,JAM,2006,12.7,2.52661,84.2161,16.4
Jamaica,JAM,2007,13.6,3.41838,98.9141,21.1
Jamaica,JAM,2008,11.6,3.57065,99.9152,23.6
Jamaica,JAM,2009,11.1,4.09942,108.004,24.3
Jamaica,JAM,2010,9.57,4.2453,115.769,27.67
Jamaica,JAM,2011,9.78,4.28434,106.698,37.4386
Jamaica,JAM,2012,9.13,4.4382,97.9263,33.79
Jamaica,JAM,2013,8.99,5.05861,102.246,37.1
Jamaica,JAM,2014,9.11,5.42475,107.579,40.4027
Jamaica,JAM,2015,9.02,8.16725,111.942,42.2212
Jamaica,JAM,2016,11,10.1807,116.279,44.3669
Jamaica,JAM,2017,10.5,8.49219,109.783,55.0721
Jamaica,JAM,2018,12.9,10.0974,105.137,68.2145
Jamaica,JAM,2019,14.1,11.2602,107.105,70.841
Jamaica,JAM,2020,15.4,13.622,101.502,76.384
Jamaica,JAM,2021,16.7,14.5718,102.387,82.3607
Jamaica,JAM,2022,15.7,14.9602,105.762,82.4453
Jamaica,JAM,2023,16.2,15.7852,115.092,89.473
Japan,JPN,1960,3.8458097,,0,
Japan,JPN,1961,3.87829,,,
Japan,JPN,1962,3.87829,,,
Japan,JPN,1963,3.87829,,,
Japan,JPN,1964,3.87829,,,
Japan,JPN,1965,7.4385176,,0,
Japan,JPN,1966,7.51572,,,
Japan,JPN,1967,7.51572,,,
Japan,JPN,1968,7.51572,,,
Japan,JPN,1969,7.51572,,,
Japan,JPN,1970,15.560133,,0,
Japan,JPN,1971,15.6324,,,
Japan,JPN,1972,15.6324,,,
Japan,JPN,1973,15.6324,,,
Japan,JPN,1974,15.6324,,,
Japan,JPN,1975,28.802177,,0,
Japan,JPN,1976,30.313787,,0,
Japan,JPN,1977,31.227367,,0,
Japan,JPN,1978,32.1338,,0,
Japan,JPN,1979,33.067127,,0,
Japan,JPN,1980,33.950497,,0,
Japan,JPN,1981,34.020798,,0.011213345,
Japan,JPN,1982,34.84594,,0.016628303,
Japan,JPN,1983,35.794266,,0.022704022,
Japan,JPN,1984,36.488983,,0.033528477,
Japan,JPN,1985,37.401028,,0.051024187,
Japan,JPN,1986,38.428947,,0.07816183,
Japan,JPN,1987,39.60065,,0.123312645,
Japan,JPN,1988,40.99373,,0.19779426,
Japan,JPN,1989,42.551605,,0.39714077,
Japan,JPN,1990,44.2,,0.7018383,0.0203
Japan,JPN,1991,45.4,,1.1107147,0.0404
Japan,JPN,1992,46.4,,1.3761495,0.0967
Japan,JPN,1993,47.1,,1.7081057,0.401
Japan,JPN,1994,48.4,,3.4617922,0.8
Japan,JPN,1995,49.6,,9.337293,1.59
Japan,JPN,1996,50.8,,21.400875,4.37
Japan,JPN,1997,52.1,,30.35349,9.16
Japan,JPN,1998,49.3,0.025334816,37.454037,13.4
Japan,JPN,1999,48.9,0.1706767,44.917675,21.4
Japan,JPN,2000,48.8,0.672809,52.5746,29.9907
Japan,JPN,2001,48.2,3.01351,58.7923,38.5321
Japan,JPN,2002,47.7,7.37142,63.6299,46.5942
Japan,JPN,2003,47.2,11.684,67.8735,48.4353
Japan,JPN,2004,46.6,15.301,71.5671,62.3939
Japan,JPN,2005,45.4,18.2163,75.4292,66.9211
Japan,JPN,2006,43.8,20.6558,77.9907,68.6853
Japan,JPN,2007,40,22.0966,83.8012,74.3
Japan,JPN,2008,37.8,23.5008,86.1411,75.4
Japan,JPN,2009,52.1,25.6358,90.7194,78
Japan,JPN,2010,51.2,26.6035,96.1789,78.21
Japan,JPN,2011,50.5,27.8667,103.642,79.0541
Japan,JPN,2012,50.2,28.2443,110.319,79.4964
Japan,JPN,2013,50.1,28.9051,115.787,88.2194
Japan,JPN,2014,49.9,29.6415,123.822,89.1068
Japan,JPN,2015,50.1,30.542,126.151,91.058
Japan,JPN,2016,50.4,31.3036,131.215,93.1827
Japan,JPN,2017,50.3,31.8991,135.986,91.7265
Japan,JPN,2018,50,32.6965,141.729,88.7464
Japan,JPN,2019,49.5,33.5459,147.21,92.7304
Japan,JPN,2020,49.1,34.8371,154.432,90.2195
Japan,JPN,2021,48.9,35.9392,159.516,82.9141
Japan,JPN,2022,48.3,36.8414,168.603,84.9234
Japan,JPN,2023,48,38.6312,178.432,86.9815
Jordan,JOR,1960,1.3687354,,0,
Jordan,JOR,1961,1.24381,,,
Jordan,JOR,1962,1.24381,,,
Jordan,JOR,1963,1.24381,,,
Jordan,JOR,1964,1.24381,,,
Jordan,JOR,1965,,,0,
Jordan,JOR,1966,1.24381,,,
Jordan,JOR,1967,1.24381,,,
Jordan,JOR,1968,1.24381,,,
Jordan,JOR,1969,1.24381,,,
Jordan,JOR,1970,1.1557918,,0,
Jordan,JOR,1971,1.04571,,,
Jordan,JOR,1972,1.04571,,,
Jordan,JOR,1973,1.04571,,,
Jordan,JOR,1974,1.04571,,,
Jordan,JOR,1975,,,0,
Jordan,JOR,1976,,,0,
Jordan,JOR,1977,2.04506,,0,
Jordan,JOR,1978,2.151076,,0,
Jordan,JOR,1979,2.4487414,,0,
Jordan,JOR,1980,2.7305198,,0,
Jordan,JOR,1981,3.1058395,,0,
Jordan,JOR,1982,3.5769556,,0,
Jordan,JOR,1983,3.9764814,,0,
Jordan,JOR,1984,4.3219995,,0,
Jordan,JOR,1985,5.3742843,,0,
Jordan,JOR,1986,5.417878,,0,
Jordan,JOR,1987,6.735642,,0,
Jordan,JOR,1988,7.060358,,0,
Jordan,JOR,1989,7.1970797,,0,
Jordan,JOR,1990,6.79,,0.0413436,0
Jordan,JOR,1991,6.77,,0.039875858,
Jordan,JOR,1992,6.74,,0.03780819,
Jordan,JOR,1993,6.67,,0.035723407,
Jordan,JOR,1994,6.94,,0.03379953,
Jordan,JOR,1995,6.67,,0.26557833,0.0232
Jordan,JOR,1996,7.03,,0.52320886,0.0449
Jordan,JOR,1997,8.01,,0.95141923,0.599
Jordan,JOR,1998,9.89,,1.7015306,1.31
Jordan,JOR,1999,10.7,,2.3918881,2.53
Jordan,JOR,2000,11.5,,7.22021,2.62328
Jordan,JOR,2001,12,0.00743786,15.7418,4.70572
Jordan,JOR,2002,12,0.0565698,21.7162,6.02553
Jordan,JOR,2003,10.8,0.0870106,23.0817,8.46601
Jordan,JOR,2004,10.8,0.177217,27.6112,11.6587
Jordan,JOR,2005,10.4,0.390591,52.0384,12.9329
Jordan,JOR,2006,9.55,0.756483,67.572,13.8671
Jordan,JOR,2007,8.19,1.30094,69.8913,20
Jordan,JOR,2008,7.42,2.08642,76.0181,23
Jordan,JOR,2009,7.02,3.33246,84.2141,26
Jordan,JOR,2010,6.65,4.01911,90.7217,27.2
Jordan,JOR,2011,6.22,3.96518,100.029,34.9
Jordan,JOR,2012,5.73,3.95794,118.414,37
Jordan,JOR,2013,4.73,4.10898,129.057,41.4
Jordan,JOR,2014,4.27,4.0013,126.169,46.2
Jordan,JOR,2015,3.87,3.245,144.561,54.22
Jordan,JOR,2016,4.04,2.97135,98.122,56.15
Jordan,JOR,2017,3.49,3.24328,94.8121,64.5
Jordan,JOR,2018,3.53,3.81939,83.4592,65.2
Jordan,JOR,2019,3.33,4.28693,72.8903,70.0847
Jordan,JOR,2020,3.6,5.80333,64.3143,78.4178
Jordan,JOR,2021,3.69,6.45877,65.7449,86
Jordan,JOR,2022,3.99,7.07365,67.7457,90.5
Jordan,JOR,2023,3.94,7.03749,67.5457,92.5344
Kazakhstan,KAZ,1960,,,0,
Kazakhstan,KAZ,1965,,,0,
Kazakhstan,KAZ,1970,,,0,
Kazakhstan,KAZ,1975,3.5717158,,0,
Kazakhstan,KAZ,1976,3.943902,,0,
Kazakhstan,KAZ,1977,4.1348186,,0,
Kazakhstan,KAZ,1978,4.2908177,,0,
Kazakhstan,KAZ,1979,4.4419622,,0,
Kazakhstan,KAZ,1980,4.656837,,0,
Kazakhstan,KAZ,1981,4.844753,,0,
Kazakhstan,KAZ,1982,5.139742,,0,
Kazakhstan,KAZ,1983,5.448306,,0,
Kazakhstan,KAZ,1984,5.666103,,0,
Kazakhstan,KAZ,1985,5.899659,,0,
Kazakhstan,KAZ,1986,6.108367,,0,
Kazakhstan,KAZ,1987,6.3699636,,0,
Kazakhstan,KAZ,1988,6.8100963,,0,
Kazakhstan,KAZ,1989,7.3363457,,0,
Kazakhstan,KAZ,1990,7.77,,0,0
Kazakhstan,KAZ,1991,8.25,,0,
Kazakhstan,KAZ,1992,8.6,,0,
Kazakhstan,KAZ,1993,11.4,,0,
Kazakhstan,KAZ,1994,11.7,,0.002388466,0.000521
Kazakhstan,KAZ,1995,11.7,,0.0279902,0.0113
Kazakhstan,KAZ,1996,11.7,,0.060690347,0.0318
Kazakhstan,KAZ,1997,11.3,,0.07080717,0.0646
Kazakhstan,KAZ,1998,11.3,,0.19193171,0.131
Kazakhstan,KAZ,1999,11.4,,0.32445708,0.464
Kazakhstan,KAZ,2000,11.8,,1.27281,0.668594
Kazakhstan,KAZ,2001,12.5,,3.73663,1.00612
Kazakhstan,KAZ,2002,13.3,,6.5595,1.67477
Kazakhstan,KAZ,2003,14.2,0.00633756,8.45049,2.00041
Kazakhstan,KAZ,2004,16.1,0.0125992,15.4383,2.65039
Kazakhstan,KAZ,2005,17,0.0187624,33.8049,2.96171
Kazakhstan,KAZ,2006,18.2,0.189397,48.2854,3.26837
Kazakhstan,KAZ,2007,19.9,1.66308,75.7982,4.02
Kazakhstan,KAZ,2008,21.1,2.05339,90.7713,11
Kazakhstan,KAZ,2009,23.2,3.47382,102.668,18.2
Kazakhstan,KAZ,2010,24.1,5.16487,115.239,31.6
Kazakhstan,KAZ,2011,25,6.99285,147.901,50.6
Kazakhstan,KAZ,2012,25.2,9.46082,174.709,61.9066
Kazakhstan,KAZ,2013,25,11.1573,172.955,63.3042
Kazakhstan,KAZ,2014,24.4,12.0564,160.503,66
Kazakhstan,KAZ,2015,22.9,12.7238,145.482,70.8299
Kazakhstan,KAZ,2016,21.4,12.7965,139.051,74.5877
Kazakhstan,KAZ,2017,19.8,13.8114,143.113,76.4267
Kazakhstan,KAZ,2018,16.9,13.0002,137.675,78.9039
Kazakhstan,KAZ,2019,16,13.0799,133.88,81.8776
Kazakhstan,KAZ,2020,15.9,13.4503,124.698,85.9426
Kazakhstan,KAZ,2021,15.1,13.9468,123.944,90.924
Kazakhstan,KAZ,2022,14.1,14.474,125.642,92.2969
Kazakhstan,KAZ,2023,12.7,14.3457,127.115,92.8785
Kazakhstan,KAZ,2024,,,,93.3917
Kenya,KEN,1960,,,0,
Kenya,KEN,1965,0.2973281,,0,
Kenya,KEN,1966,0.293804,,,
Kenya,KEN,1967,0.293804,,,
Kenya,KEN,1968,0.293804,,,
Kenya,KEN,1969,0.293804,,,
Kenya,KEN,1970,0.33992592,,0,
Kenya,KEN,1971,0.34509,,,
Kenya,KEN,1972,0.34509,,,
Kenya,KEN,1973,0.34509,,,
Kenya,KEN,1974,0.34509,,,
Kenya,KEN,1975,0.38822412,,0,
Kenya,KEN,1976,0.4041903,,0,
Kenya,KEN,1977,0.42806146,,0,
Kenya,KEN,1978,0.4328108,,0,
Kenya,KEN,1979,0.44620526,,0,
Kenya,KEN,1980,0.4565357,,0,
Kenya,KEN,1981,0.4777802,,0,
Kenya,KEN,1982,0.5059877,,0,
Kenya,KEN,1983,0.52962285,,0,
Kenya,KEN,1984,0.5657708,,0,
Kenya,KEN,1985,0.6084722,,0,
Kenya,KEN,1986,0.6421,,0,
Kenya,KEN,1987,0.6584828,,0,
Kenya,KEN,1988,0.70268726,,0,
Kenya,KEN,1989,0.7276015,,0,
Kenya,KEN,1990,0.765,,0,0
Kenya,KEN,1991,0.846,,0,
Kenya,KEN,1992,0.851,,0.004461439,
Kenya,KEN,1993,0.855,,0.004576275,
Kenya,KEN,1994,0.884,,0.007614676,
Kenya,KEN,1995,0.964,,0.008478944,0.000727
Kenya,KEN,1996,0.976,,0.010233296,0.00884
Kenya,KEN,1997,0.967,,0.023857486,0.0344
Kenya,KEN,1998,0.998,,0.03691479,0.0503
Kenya,KEN,1999,0.975,,0.07928216,0.114
Kenya,KEN,2000,0.952,,0.41577,0.31806
Kenya,KEN,2001,0.978,,1.89758,0.619782
Kenya,KEN,2002,0.985,,3.63815,1.20777
Kenya,KEN,2003,0.976,,4.72713,2.9419
Kenya,KEN,2004,0.862,,7.33478,3.02353
Kenya,KEN,2005,0.801,0.0150825,12.8839,3.1019
Kenya,KEN,2006,0.795,0.0480246,19.8903,3.6
Kenya,KEN,2007,1.22,0.0466317,29.8383,4.4
Kenya,KEN,2008,1.65,0.00837109,41.584,5.2
Kenya,KEN,2009,1.64,0.0450396,47.9215,6.1
Kenya,KEN,2010,0.915,0.0165054,60.0234,7.2
Kenya,KEN,2011,0.663,0.126628,65.673,8.8
Kenya,KEN,2012,0.573,0.123833,70.0227,10.5
Kenya,KEN,2013,0.454,0.164813,70.7541,13
Kenya,KEN,2014,0.391,0.221085,73.0327,16.5
Kenya,KEN,2015,0.182,0.286921,80.0958,16.5879
Kenya,KEN,2016,0.151,0.27566,80.9772,16.6
Kenya,KEN,2017,0.142,0.586008,87.0265,17.8271
Kenya,KEN,2018,0.131,0.739931,98.5945,19.5
Kenya,KEN,2019,0.137,0.959289,106.548,22.6688
Kenya,KEN,2020,0.128,1.29112,117.603,
Kenya,KEN,2021,0.115,1.48254,122.298,
Kenya,KEN,2022,0.116,1.47647,121.169,
Kenya,KEN,2023,0.123,2.38883,120.612,35
Kenya,KEN,2024,,,,34.9762
Kiribati,KIR,1960,,,0,
Kiribati,KIR,1965,,,0,
Kiribati,KIR,1970,,,0,
Kiribati,KIR,1975,,,0,
Kiribati,KIR,1976,,,0,
Kiribati,KIR,1977,,,0,
Kiribati,KIR,1978,,,0,
Kiribati,KIR,1979,0.811376,,0,
Kiribati,KIR,1980,,,0,
Kiribati,KIR,1981,,,0,
Kiribati,KIR,1982,0.7431284,,0,
Kiribati,KIR,1983,0.80003744,,0,
Kiribati,KIR,1984,0.91830176,,0,
Kiribati,KIR,1985,1.0028782,,0,
Kiribati,KIR,1986,1.1718864,,0,
Kiribati,KIR,1987,1.3010036,,0,
Kiribati,KIR,1988,1.3950893,,0,
Kiribati,KIR,1989,1.497903,,0,
Kiribati,KIR,1990,1.6,,0,0
Kiribati,KIR,1991,1.67,,0,
Kiribati,KIR,1992,1.77,,0,
Kiribati,KIR,1993,2.22,,0,
Kiribati,KIR,1994,2.4,,0,
Kiribati,KIR,1995,2.49,,0,
Kiribati,KIR,1996,2.56,,0,
Kiribati,KIR,1997,2.96,,0,
Kiribati,KIR,1998,3.27,,0.02563983,0.617
Kiribati,KIR,1999,3.54,,0.22912395,1.21
Kiribati,KIR,2000,3.78,,0.338551,1.78523
Kiribati,KIR,2001,4.02,,0.437261,2.33746
Kiribati,KIR,2002,4.85,,0.536504,2.5
Kiribati,KIR,2003,4.67,,0.558535,3
Kiribati,KIR,2004,4.48,,0.640058,3.5
Kiribati,KIR,2005,4.28,0.328454,0.663029,4
Kiribati,KIR,2006,4,0.401932,0.699881,4.5
Kiribati,KIR,2007,3.92,0.493788,0.734804,6
Kiribati,KIR,2008,3.84,0.657251,0.95949,7
Kiribati,KIR,2009,7.79,0.718533,9.30523,8.97
Kiribati,KIR,2010,7.72,0.77826,9.74665,9.07
Kiribati,KIR,2011,7.65,0.768209,12.4613,10
Kiribati,KIR,2012,7.12,0.712479,16.0308,10.7468
Kiribati,KIR,2013,5.27,0.614909,17.5688,11.5
Kiribati,KIR,2014,1.73,0.433554,26.0132,12.25
Kiribati,KIR,2015,1.26,0.100158,35.0982,14.9
Kiribati,KIR,2016,0.735,0.0928442,43.89,19.4194
Kiribati,KIR,2017,0.636,0.0922885,38.348,25.3096
Kiribati,KIR,2018,0,0.0712624,43.6896,32.9864
Kiribati,KIR,2019,0,0.0847314,44.1071,39.5737
Kiribati,KIR,2020,0.0262,0.14671,43.3477,
Kiribati,KIR,2021,0,0.0864641,40.998,
Kiribati,KIR,2022,0,0.0689819,49.112,
Kiribati,KIR,2023,0.0196,0.0399909,51.2541,88
Kosovo,OWID_KOS,2005,5.85,,30.9071,
Kosovo,OWID_KOS,2006,5.86,,30.997,
Kosovo,OWID_KOS,2007,5.88,,31.0997,
Kosovo,OWID_KOS,2008,5.9,,31.2073,
Kosovo,OWID_KOS,2009,5.92,,31.3148,
Kosovo,OWID_KOS,2010,5.94,,31.4187,
Kosovo,OWID_KOS,2017,,,,83.8936
Kosovo,OWID_KOS,2018,,,,89.443
Kosovo,OWID_KOS,2022,6.53,,34.5402,
Kuwait,KWT,1960,1.0857358,,0,
Kuwait,KWT,1961,1.23258,,,
Kuwait,KWT,1962,1.23258,,,
Kuwait,KWT,1963,1.23258,,,
Kuwait,KWT,1964,1.23258,,,
Kuwait,KWT,1965,2.5299704,,0,
Kuwait,KWT,1966,2.75402,,,
Kuwait,KWT,1967,2.75402,,,
Kuwait,KWT,1968,2.75402,,,
Kuwait,KWT,1969,2.75402,,,
Kuwait,KWT,1970,4.7335157,,0,
Kuwait,KWT,1971,5.10444,,,
Kuwait,KWT,1972,5.10444,,,
Kuwait,KWT,1973,5.10444,,,
Kuwait,KWT,1974,5.10444,,,
Kuwait,KWT,1975,8.120453,,0,
Kuwait,KWT,1976,8.812525,,0,
Kuwait,KWT,1977,9.140291,,0,
Kuwait,KWT,1978,9.480285,,0,
Kuwait,KWT,1979,9.842339,,0,
Kuwait,KWT,1980,10.509616,,0,
Kuwait,KWT,1981,10.820737,,0,
Kuwait,KWT,1982,11.591903,,0,
Kuwait,KWT,1983,11.749177,,0,
Kuwait,KWT,1984,11.589174,,0,
Kuwait,KWT,1985,11.746159,,0,
Kuwait,KWT,1986,11.963205,,0.416647,
Kuwait,KWT,1987,12.439778,,0.6980796,
Kuwait,KWT,1988,13.233948,,0.8219231,
Kuwait,KWT,1989,14.0649395,,1.0180936,
Kuwait,KWT,1990,19.7,,1.2379563,0
Kuwait,KWT,1991,23.8,,3.210153,
Kuwait,KWT,1992,21.1,,3.1469185,
Kuwait,KWT,1993,21.4,,3.889045,0.0911
Kuwait,KWT,1994,22.4,,5.191316,0.147
Kuwait,KWT,1995,22.7,,7.105331,0.203
Kuwait,KWT,1996,22.6,,8.868749,0.856
Kuwait,KWT,1997,23,,11.921874,2.17
Kuwait,KWT,1998,23.2,,13.739706,3.05
Kuwait,KWT,1999,24,,15.979317,4.76
Kuwait,KWT,2000,23.9,,24.3515,6.7314
Kuwait,KWT,2001,23.5,0.248989,43.7185,8.55179
Kuwait,KWT,2002,23.4,0.509715,59.5639,10.249
Kuwait,KWT,2003,23.1,0.616148,67.3024,22.4029
Kuwait,KWT,2004,23,0.927076,82.2579,22.9271
Kuwait,KWT,2005,22.6,1.11767,61.7888,25.9261
Kuwait,KWT,2006,21.9,1.26864,49.8819,28.7912
Kuwait,KWT,2007,21.5,1.3956,56.8764,34.8
Kuwait,KWT,2008,19.6,1.50862,56.5701,42
Kuwait,KWT,2009,18.9,1.60974,93.6658,50.8
Kuwait,KWT,2010,17.6,1.56283,135.19,61.4
Kuwait,KWT,2011,16.4,1.50025,157.499,65.7691
Kuwait,KWT,2012,15.3,1.40844,152.831,70.45
Kuwait,KWT,2013,14.5,1.33989,182.738,75.46
Kuwait,KWT,2014,13.5,1.30941,207.324,78.7
Kuwait,KWT,2015,12.5,1.43436,199.891,82
Kuwait,KWT,2016,13.3,2.53224,191.294,85.6
Kuwait,KWT,2017,13,2.8334,171.826,98
Kuwait,KWT,2018,11.9,2.40138,164.22,99.5988
Kuwait,KWT,2019,13.1,1.90435,164.942,99.5427
Kuwait,KWT,2020,13.3,1.68058,153.866,99.1059
Kuwait,KWT,2021,,1.61587,158.647,99.7
Kuwait,KWT,2022,12.5,1.36328,168.35,99.7237
Kuwait,KWT,2023,11.8,1.01366,167.684,99.7473
Kyrgyzstan,KGZ,1960,,,0,
Kyrgyzstan,KGZ,1965,,,0,
Kyrgyzstan,KGZ,1970,,,0,
Kyrgyzstan,KGZ,1975,2.2973,,0,
Kyrgyzstan,KGZ,1976,2.634247,,0,
Kyrgyzstan,KGZ,1977,2.8723178,,0,
Kyrgyzstan,KGZ,1978,3.2394176,,0,
Kyrgyzstan,KGZ,1979,3.591321,,0,
Kyrgyzstan,KGZ,1980,3.9624145,,0,
Kyrgyzstan,KGZ,1981,4.2249947,,0,
Kyrgyzstan,KGZ,1982,4.456542,,0,
Kyrgyzstan,KGZ,1983,4.621789,,0,
Kyrgyzstan,KGZ,1984,4.929274,,0,
Kyrgyzstan,KGZ,1985,5.2634387,,0,
Kyrgyzstan,KGZ,1986,5.717789,,0,
Kyrgyzstan,KGZ,1987,6.1775856,,0,
Kyrgyzstan,KGZ,1988,6.33553,,0,
Kyrgyzstan,KGZ,1989,6.6403384,,0,
Kyrgyzstan,KGZ,1990,7.04,,0,0
Kyrgyzstan,KGZ,1991,7.32,,0,
Kyrgyzstan,KGZ,1992,7.36,,0,
Kyrgyzstan,KGZ,1993,7.94,,0,
Kyrgyzstan,KGZ,1994,7.29,,0,
Kyrgyzstan,KGZ,1995,7.57,,0,
Kyrgyzstan,KGZ,1996,7.15,,0,
Kyrgyzstan,KGZ,1997,7.24,,0,
Kyrgyzstan,KGZ,1998,7.51,,0.028064124,0.0728
Kyrgyzstan,KGZ,1999,7.46,,0.052757677,0.205
Kyrgyzstan,KGZ,2000,7.48,,0.179099,1.0414
Kyrgyzstan,KGZ,2001,7.65,,0.532339,3.00294
Kyrgyzstan,KGZ,2002,7.72,0.00070364,1.03756,2.99927
Kyrgyzstan,KGZ,2003,7.68,0.0026941,2.68013,3.90877
Kyrgyzstan,KGZ,2004,8,0.0366516,5.06194,5.09039
Kyrgyzstan,KGZ,2005,8.39,0.0436877,10.3244,10.5338
Kyrgyzstan,KGZ,2006,8.69,0.0522863,23.8858,12.3069
Kyrgyzstan,KGZ,2007,9.07,0.0586257,40.8089,14.03
Kyrgyzstan,KGZ,2008,9.26,0.356236,63.5284,15.7
Kyrgyzstan,KGZ,2009,9.23,0.321508,83.1255,16
Kyrgyzstan,KGZ,2010,8.91,0.419774,96.0617,16.3
Kyrgyzstan,KGZ,2011,8.97,0.697824,112.201,17.5
Kyrgyzstan,KGZ,2012,8.58,0.958726,119.333,19.8
Kyrgyzstan,KGZ,2013,7.96,2.34937,116.218,23
Kyrgyzstan,KGZ,2014,7.51,2.89415,128.231,28.3
Kyrgyzstan,KGZ,2015,6.8,3.52424,126.284,30.247
Kyrgyzstan,KGZ,2016,6.26,3.94327,124.639,40.5
Kyrgyzstan,KGZ,2017,5.82,4.14802,136.138,50.8
Kyrgyzstan,KGZ,2018,5.22,3.95179,137.742,62.8
Kyrgyzstan,KGZ,2019,4.6,4.14366,132.777,64.1
Kyrgyzstan,KGZ,2020,4.07,4.33664,109.78,72
Kyrgyzstan,KGZ,2021,3.59,4.43258,108.172,77.1177
Kyrgyzstan,KGZ,2022,3.1,5.60484,106.926,82.5991
Kyrgyzstan,KGZ,2023,2.62,6.44653,108.591,88.4701
Laos,LAO,1960,0.03467557,,0,
Laos,LAO,1961,0.0347023,,,
Laos,LAO,1962,0.0347023,,,
Laos,LAO,1963,0.0347023,,,
Laos,LAO,1964,0.0347023,,,
Laos,LAO,1965,0.04202641,,0,
Laos,LAO,1966,0.0419711,,,
Laos,LAO,1967,0.0419711,,,
Laos,LAO,1968,0.0419711,,,
Laos,LAO,1969,0.0419711,,,
Laos,LAO,1970,0.041117147,,0,
Laos,LAO,1971,0.0409161,,,
Laos,LAO,1972,0.0409161,,,
Laos,LAO,1973,0.0409161,,,
Laos,LAO,1974,0.0409161,,,
Laos,LAO,1975,0.17924002,,0,
Laos,LAO,1976,0.18554585,,0,
Laos,LAO,1977,0.1823567,,0,
Laos,LAO,1978,0.17306782,,0,
Laos,LAO,1979,0.1700838,,0,
Laos,LAO,1980,0.16679202,,0,
Laos,LAO,1981,0.16315667,,0,
Laos,LAO,1982,0.15635441,,0,
Laos,LAO,1983,0.15801974,,0,
Laos,LAO,1984,0.15934259,,0,
Laos,LAO,1985,0.1593167,,0,
Laos,LAO,1986,0.15850784,,0,
Laos,LAO,1987,0.15736052,,0,
Laos,LAO,1988,0.15872541,,0,
Laos,LAO,1989,0.14939673,,0,
Laos,LAO,1990,0.16,,0,0
Laos,LAO,1991,0.164,,0,
Laos,LAO,1992,0.187,,0.006358107,
Laos,LAO,1993,0.184,,0.007256745,
Laos,LAO,1994,0.377,,0.012999303,
Laos,LAO,1995,0.337,,0.031233309,
Laos,LAO,1996,0.386,,0.07514006,
Laos,LAO,1997,0.477,,0.095426925,
Laos,LAO,1998,0.543,,0.12298639,0.00966
Laos,LAO,1999,0.657,,0.22617741,0.0378
Laos,LAO,2000,0.753,,0.233484,0.111044
Laos,LAO,2001,0.953,,0.535092,0.181664
Laos,LAO,2002,1.1,,0.983088,0.267899
Laos,LAO,2003,1.22,0.000438755,1.97045,0.333912
Laos,LAO,2004,1.3,0.000864809,3.53172,0.361434
Laos,LAO,2005,1.55,0.00534967,11.2024,0.850357
Laos,LAO,2006,1.55,0.0124262,16.9299,1.16989
Laos,LAO,2007,1.57,0.018741,24.4114,1.64
Laos,LAO,2008,2.08,0.0470973,32.8857,3.55
Laos,LAO,2009,1.61,0.0691645,51.8236,6
Laos,LAO,2010,1.63,0.0929084,63.2029,7
Laos,LAO,2011,1.67,0.101858,85.284,9
Laos,LAO,2012,6.9,0.116245,65.9613,10.7477
Laos,LAO,2013,10.6,0.136507,69.7677,12.5
Laos,LAO,2014,13.7,0.240468,68.9015,14.26
Laos,LAO,2015,14.2,0.213919,54.7979,18.2
Laos,LAO,2016,18.3,0.353549,57.2966,21.87
Laos,LAO,2017,16,0.387809,52.8888,25.5104
Laos,LAO,2018,20.8,0.636626,51.3792,36.3
Laos,LAO,2019,20.1,1.05394,64.0669,47.0323
Laos,LAO,2020,18.6,1.67211,63.114,54
Laos,LAO,2021,17.4,2.02269,64.7101,62
Laos,LAO,2022,17.5,2.38186,63.3546,62.7001
Laos,LAO,2023,,2.72021,64.7588,63.6255
Latin America and Caribbean (WB),WB_LAC,1960,1.5267526,,0,
Latin America and Caribbean (WB),WB_LAC,1961,1.513499,,,
Latin America and Caribbean (WB),WB_LAC,1962,1.5079447,,,
Latin America and Caribbean (WB),WB_LAC,1963,1.5023962,,,
Latin America and Caribbean (WB),WB_LAC,1964,1.4968947,,,
Latin America and Caribbean (WB),WB_LAC,1965,1.6190763,,0,
Latin America and Caribbean (WB),WB_LAC,1966,1.62919,,,
Latin America and Caribbean (WB),WB_LAC,1967,1.6238095,,,
Latin America and Caribbean (WB),WB_LAC,1968,1.6185619,,,
Latin America and Caribbean (WB),WB_LAC,1969,1.6135023,,,
Latin America and Caribbean (WB),WB_LAC,1970,2.023992,,0,
Latin America and Caribbean (WB),WB_LAC,1971,2.021896,,,
Latin America and Caribbean (WB),WB_LAC,1972,2.0176964,,,
Latin America and Caribbean (WB),WB_LAC,1973,2.0136409,,,
Latin America and Caribbean (WB),WB_LAC,1974,2.009651,,,
Latin America and Caribbean (WB),WB_LAC,1975,2.8438048,,0,
Latin America and Caribbean (WB),WB_LAC,1976,2.9970362,,0,
Latin America and Caribbean (WB),WB_LAC,1977,3.2561603,,0,
Latin America and Caribbean (WB),WB_LAC,1978,3.5543928,,0,
Latin America and Caribbean (WB),WB_LAC,1979,3.790827,,0,
Latin America and Caribbean (WB),WB_LAC,1980,4.035806,,0,
Latin America and Caribbean (WB),WB_LAC,1981,4.183822,,0,
Latin America and Caribbean (WB),WB_LAC,1982,4.4317555,,0,
Latin America and Caribbean (WB),WB_LAC,1983,4.5615697,,0,
Latin America and Caribbean (WB),WB_LAC,1984,4.83424,,0,
Latin America and Caribbean (WB),WB_LAC,1985,5.092729,,0,
Latin America and Caribbean (WB),WB_LAC,1986,5.2471,,0,
Latin America and Caribbean (WB),WB_LAC,1987,5.4495997,,0.000954436,
Latin America and Caribbean (WB),WB_LAC,1988,5.6947374,,0.002868763,
Latin America and Caribbean (WB),WB_LAC,1989,5.8971124,,0.007267592,
Latin America and Caribbean (WB),WB_LAC,1990,6.2579455,,0.028426878,
Latin America and Caribbean (WB),WB_LAC,1991,6.644036,,0.066260524,
Latin America and Caribbean (WB),WB_LAC,1992,7.19872,,0.14153807,
Latin America and Caribbean (WB),WB_LAC,1993,7.7137494,,0.24391906,
Latin America and Caribbean (WB),WB_LAC,1994,8.448777,,0.47624692,
Latin America and Caribbean (WB),WB_LAC,1995,9.047272,,0.81498057,
Latin America and Caribbean (WB),WB_LAC,1996,9.861684,,1.3565818,
Latin America and Caribbean (WB),WB_LAC,1997,10.801952,,2.560768,
Latin America and Caribbean (WB),WB_LAC,1998,11.749546,,4.2000446,
Latin America and Caribbean (WB),WB_LAC,1999,13.015679,,7.8110275,
Latin America and Caribbean (WB),WB_LAC,2000,14.631476,0.035419263,12.233761,
Latin America and Caribbean (WB),WB_LAC,2001,16.13151,0.1433812,16.027807,
Latin America and Caribbean (WB),WB_LAC,2002,16.499744,0.3202757,18.957188,
Latin America and Caribbean (WB),WB_LAC,2003,16.900278,0.4963635,23.26585,
Latin America and Caribbean (WB),WB_LAC,2004,17.33088,1.2101853,31.795444,
Latin America and Caribbean (WB),WB_LAC,2005,17.75558,1.5866306,43.25042,16.6
Latin America and Caribbean (WB),WB_LAC,2006,17.682207,2.429763,54.42474,20.7
Latin America and Caribbean (WB),WB_LAC,2007,17.945026,3.6218877,67.12885,23.7
Latin America and Caribbean (WB),WB_LAC,2008,18.498667,4.9775815,79.93778,26.4
Latin America and Caribbean (WB),WB_LAC,2009,18.275772,5.9675193,88.246735,31
Latin America and Caribbean (WB),WB_LAC,2010,18.113869,6.7618628,97.29011,34.6
Latin America and Caribbean (WB),WB_LAC,2011,18.117409,8.1044855,105.94968,39.3
Latin America and Caribbean (WB),WB_LAC,2012,18.280712,8.596392,110.52267,43
Latin America and Caribbean (WB),WB_LAC,2013,17.960827,9.304196,116.16936,46.1
Latin America and Caribbean (WB),WB_LAC,2014,17.630835,10.01411,115.73316,48.7
Latin America and Caribbean (WB),WB_LAC,2015,17.8,10.8,112.2,54.4
Latin America and Caribbean (WB),WB_LAC,2016,17.5,11.5,110.6,57.5
Latin America and Caribbean (WB),WB_LAC,2017,16.7,12.2,107.3,60.2
Latin America and Caribbean (WB),WB_LAC,2018,16.2,13,105.7,63.5
Latin America and Caribbean (WB),WB_LAC,2019,14.9,13.5,103.3,67.8
Latin America and Caribbean (WB),WB_LAC,2020,14.6,15.03,102.8,73.8
Latin America and Caribbean (WB),WB_LAC,2021,14,16.59,108.7,75.8
Latin America and Caribbean (WB),WB_LAC,2022,13.5,17.57,109.9,77.1
Latin America and Caribbean (WB),WB_LAC,2023,13.3,18.32,112.6,80
Latin America and Caribbean (WB),WB_LAC,2024,12.6,19.39,114.6,81.7
Latin America and Caribbean (WB),WB_LAC,2025,12,20.54,116.8,83.7
Latvia,LVA,1960,,,0,
Latvia,LVA,1965,,,0,
Latvia,LVA,1970,,,0,
Latvia,LVA,1975,10.029978,,0,
Latvia,LVA,1976,11.160492,,0,
Latvia,LVA,1977,13.070167,,0,
Latvia,LVA,1978,14.169948,,0,
Latvia,LVA,1979,15.256891,,0,
Latvia,LVA,1980,15.940666,,0,
Latvia,LVA,1981,18.160383,,0,
Latvia,LVA,1982,18.426493,,0,
Latvia,LVA,1983,18.679817,,0,
Latvia,LVA,1984,19.313734,,0,
Latvia,LVA,1985,19.961554,,0,
Latvia,LVA,1986,20.608004,,0,
Latvia,LVA,1987,21.254097,,0,
Latvia,LVA,1988,21.706245,,0,
Latvia,LVA,1989,22.276775,,0,
Latvia,LVA,1990,23.3,,0,0
Latvia,LVA,1991,24.3,,0,
Latvia,LVA,1992,25,,0.038567208,
Latvia,LVA,1993,27.1,,0.14400005,
Latvia,LVA,1994,26.5,,0.32089573,
Latvia,LVA,1995,28.3,,0.58374,
Latvia,LVA,1996,30.1,,1.1245762,0.813
Latvia,LVA,1997,30.4,,3.0853834,2.05
Latvia,LVA,1998,30.8,,6.800856,3.32
Latvia,LVA,1999,30.6,,11.30686,4.39
Latvia,LVA,2000,31,0.0119917,16.9434,6.31906
Latvia,LVA,2001,30.9,0.138348,28.0903,7.21935
Latvia,LVA,2002,30.3,0.432647,39.6822,21.94
Latvia,LVA,2003,28.6,0.853348,53.2791,26.98
Latvia,LVA,2004,28.7,2.17064,67.8708,38.58
Latvia,LVA,2005,32.6,2.71321,83.5617,46
Latvia,LVA,2006,29.6,4.94243,98.4076,53.63
Latvia,LVA,2007,29.3,15.3836,100.738,59.17
Latvia,LVA,2008,27.2,18.9239,105.552,63.41
Latvia,LVA,2009,26.2,21.2281,107.542,66.84
Latvia,LVA,2010,25.4,20.7298,109.928,68.42
Latvia,LVA,2011,25.1,22.2056,112.091,69.75
Latvia,LVA,2012,23.4,23.4018,129.305,73.1199
Latvia,LVA,2013,21,24.6397,127.073,75.2344
Latvia,LVA,2014,20.1,25.3241,119.55,75.8261
Latvia,LVA,2015,18,25.4569,130.949,79.2006
Latvia,LVA,2016,18.5,26.4893,135.227,79.8421
Latvia,LVA,2017,17.6,27.0886,126.847,80.1141
Latvia,LVA,2018,13.8,27.2877,107.397,83.5772
Latvia,LVA,2019,12.3,26.5859,108.222,86.1355
Latvia,LVA,2020,11.1,25.8042,107.902,88.898
Latvia,LVA,2021,10.1,25.9762,114.645,91.1796
Latvia,LVA,2022,9.27,25.9892,115.203,91.0301
Latvia,LVA,2023,7.52,25.9948,119.91,92.1879
Latvia,LVA,2024,,,,92.7076
Lebanon,LBN,1960,,,0,
Lebanon,LBN,1965,,,0,
Lebanon,LBN,1970,,,0,
Lebanon,LBN,1975,,,0,
Lebanon,LBN,1976,,,0,
Lebanon,LBN,1977,,,0,
Lebanon,LBN,1978,,,0,
Lebanon,LBN,1979,,,0,
Lebanon,LBN,1980,,,0,
Lebanon,LBN,1981,,,0,
Lebanon,LBN,1982,10.423001,,0,
Lebanon,LBN,1983,10.5697155,,0,
Lebanon,LBN,1984,10.655724,,0,
Lebanon,LBN,1985,10.722863,,0,
Lebanon,LBN,1986,10.73455,,0,
Lebanon,LBN,1987,10.749454,,0,
Lebanon,LBN,1988,10.821058,,0,
Lebanon,LBN,1989,10.892066,,0,
Lebanon,LBN,1990,11,,0,0
Lebanon,LBN,1991,11,,0,
Lebanon,LBN,1992,11.1,,0,
Lebanon,LBN,1993,11.2,,0,
Lebanon,LBN,1994,11.2,,0,
Lebanon,LBN,1995,11.3,,3.0305786,0.0716
Lebanon,LBN,1996,11.4,,4.907984,0.14
Lebanon,LBN,1997,13.7,,9.10275,1.24
Lebanon,LBN,1998,13.5,,12.092034,2.72
Lebanon,LBN,1999,13.4,,14.7528715,5.38
Lebanon,LBN,2000,13.3,,17.162,7.95274
Lebanon,LBN,2001,14.2,,17.4186,6.78322
Lebanon,LBN,2002,15.2,0,17.3654,7
Lebanon,LBN,2003,15.5,0,17.5773,8
Lebanon,LBN,2004,13.7,0,19.2301,9
Lebanon,LBN,2005,13.6,0,21.2703,10.14
Lebanon,LBN,2006,14.3,0,23.2877,15
Lebanon,LBN,2007,14.4,1.03218,26.0109,18.74
Lebanon,LBN,2008,15.2,2.03031,28.9725,22.53
Lebanon,LBN,2009,16.1,3.94609,47.8802,30.14
Lebanon,LBN,2010,16.6,6.56755,56.8042,43.68
Lebanon,LBN,2011,16.8,7.89497,67.8304,52
Lebanon,LBN,2012,16.6,9.09489,71.7218,61.2498
Lebanon,LBN,2013,15.1,8.35737,67.6382,70.5
Lebanon,LBN,2014,15.2,17.8374,69.1237,73
Lebanon,LBN,2015,15.6,,71.961,74
Lebanon,LBN,2016,28.7,,67.642,76.11
Lebanon,LBN,2017,14.7,,71.4122,78.1808
Lebanon,LBN,2018,14.9,,73.9321,80.9
Lebanon,LBN,2019,15.2,7.24814,73.1365,81.4812
Lebanon,LBN,2020,15.4,7.57699,75.2003,82.0665
Lebanon,LBN,2021,15.3,7.55615,74.9935,82.656
Lebanon,LBN,2022,16.1,7.29167,74.0148,82.798
Lebanon,LBN,2023,,,,83.4933
Lesotho,LSO,1960,0.054212444,,0,
Lesotho,LSO,1961,0.0477743,,,
Lesotho,LSO,1962,0.0477743,,,
Lesotho,LSO,1963,0.0477743,,,
Lesotho,LSO,1964,0.0477743,,,
Lesotho,LSO,1965,0.1394992,,0,
Lesotho,LSO,1966,0.130109,,,
Lesotho,LSO,1967,0.130109,,,
Lesotho,LSO,1968,0.130109,,,
Lesotho,LSO,1969,0.130109,,,
Lesotho,LSO,1970,0.12701738,,0,
Lesotho,LSO,1971,0.126345,,,
Lesotho,LSO,1972,0.126345,,,
Lesotho,LSO,1973,0.126345,,,
Lesotho,LSO,1974,0.126345,,,
Lesotho,LSO,1975,0.15762469,,0,
Lesotho,LSO,1976,0.15519571,,0,
Lesotho,LSO,1977,0.15597539,,0,
Lesotho,LSO,1978,0.1945594,,0,
Lesotho,LSO,1979,0.22536063,,0,
Lesotho,LSO,1980,0.24480134,,0,
Lesotho,LSO,1981,0.3088081,,0,
Lesotho,LSO,1982,0.32719722,,0,
Lesotho,LSO,1983,0.33979577,,0,
Lesotho,LSO,1984,0.34367976,,0,
Lesotho,LSO,1985,0.45512548,,0,
Lesotho,LSO,1986,0.53807914,,0,
Lesotho,LSO,1987,0.60596645,,0,
Lesotho,LSO,1988,0.6607707,,0,
Lesotho,LSO,1989,0.69198436,,0,
Lesotho,LSO,1990,0.683,,0,0
Lesotho,LSO,1991,0.666,,0,
Lesotho,LSO,1992,0.607,,0,
Lesotho,LSO,1993,0.769,,0,
Lesotho,LSO,1994,0.815,,0,
Lesotho,LSO,1995,0.912,,0,
Lesotho,LSO,1996,0.81,,0.06454919,0.00285
Lesotho,LSO,1997,1.03,,0.17743269,0.00558
Lesotho,LSO,1998,1.05,,0.4951051,0.011
Lesotho,LSO,1999,1.08,,0.6017321,0.0538
Lesotho,LSO,2000,1.11,,1.07789,0.211806
Lesotho,LSO,2001,1.07,,2.84878,0.26115
Lesotho,LSO,2002,1.43,,6.91605,1.08394
Lesotho,LSO,2003,1.77,,6.3449,1.5325
Lesotho,LSO,2004,1.89,0.00111611,9.95435,2.17552
Lesotho,LSO,2005,2.46,0.00230406,12.7894,2.58025
Lesotho,LSO,2006,2.73,,18.4011,2.97971
Lesotho,LSO,2007,2.44,0.00563159,24.6999,3.44543
Lesotho,LSO,2008,2.09,0.0071191,30.1655,3.58
Lesotho,LSO,2009,2.02,0.020193,33.369,3.72
Lesotho,LSO,2010,1.93,0.0200376,49.4651,3.86
Lesotho,LSO,2011,1.92,0.0664843,61.1891,7
Lesotho,LSO,2012,2.5,0.0804186,75.9364,10
Lesotho,LSO,2013,2.45,0.110625,87.0553,15
Lesotho,LSO,2014,2.39,0.0722084,102.822,22
Lesotho,LSO,2015,1.93,0.0979754,101.688,25
Lesotho,LSO,2016,1.93,0.104674,107.158,32.4539
Lesotho,LSO,2017,0.493,0.223493,110.37,39
Lesotho,LSO,2018,0.381,0.263922,72.4555,40.8
Lesotho,LSO,2019,0.586,0.209016,76.1125,42.3017
Lesotho,LSO,2020,0.518,0.226325,69.8944,43.6575
Lesotho,LSO,2021,0.423,0.353653,80.5368,45.0567
Lesotho,LSO,2022,0.295,0.397531,68.1001,46.5007
Lesotho,LSO,2023,0.318,0.383738,69.3513,47.991
Liberia,LBR,1960,,,0,
Liberia,LBR,1965,,,0,
Liberia,LBR,1970,,,0,
Liberia,LBR,1975,,,0,
Liberia,LBR,1976,,,0,
Liberia,LBR,1977,,,0,
Liberia,LBR,1978,,,0,
Liberia,LBR,1979,,,0,
Liberia,LBR,1980,,,0,
Liberia,LBR,1981,0.35181358,,0,
Liberia,LBR,1982,0.3418633,,0,
Liberia,LBR,1983,0.3318871,,0,
Liberia,LBR,1984,0.33529666,,0,
Liberia,LBR,1985,0.3679025,,0,
Liberia,LBR,1986,0.34854674,,0,
Liberia,LBR,1987,0.33876386,,0,
Liberia,LBR,1988,0.3523882,,0,
Liberia,LBR,1989,0.34885946,,0,
Liberia,LBR,1990,0.422,,0,0
Liberia,LBR,1991,0.169,,0,
Liberia,LBR,1992,0.217,,0,
Liberia,LBR,1993,0.209,,0,
Liberia,LBR,1994,0.209,,0,
Liberia,LBR,1995,0.207,,0,
Liberia,LBR,1996,0.202,,0,
Liberia,LBR,1997,0.264,,0,0.00449
Liberia,LBR,1998,0.243,,0,0.0041
Liberia,LBR,1999,0.234,,0,0.0113
Liberia,LBR,2000,0.229,,0.0512275,0.0177027
Liberia,LBR,2001,0.226,,0.0663276,0.0338122
Liberia,LBR,2002,0.223,,0.161562,0.0327133
Liberia,LBR,2003,,,1.51465,0.0318689
Liberia,LBR,2004,,,2.98933,0.0310112
Liberia,LBR,2005,,,4.84699,
Liberia,LBR,2006,,,8.02111,
Liberia,LBR,2007,0.0558,,15.3446,0.551377
Liberia,LBR,2008,0.0523,0.00287883,22.3666,0.53
Liberia,LBR,2009,0.0602,0.00380418,27.5185,2
Liberia,LBR,2010,0.143,0.00458253,38.7128,2.3
Liberia,LBR,2011,0.22,0.00149247,47.869,2.5
Liberia,LBR,2012,0.314,0.0119825,54.4221,2.6
Liberia,LBR,2013,0.246,0.11364,57.0613,3.2
Liberia,LBR,2014,0.22,0.131455,70.6628,5.41
Liberia,LBR,2015,0.193,0.150233,78.3787,10
Liberia,LBR,2016,0.168,0.168222,65.5437,15.7
Liberia,LBR,2017,,0.185608,54.8575,16.3
Liberia,LBR,2018,,,,17.2777
Liberia,LBR,2019,0.119,0.218093,38.4042,18.3141
Liberia,LBR,2020,0.117,0.252454,32.1004,19.4126
Liberia,LBR,2021,0.114,0.24718,31.4299,20.5771
Liberia,LBR,2022,0.116,0.274673,32.0639,21.8966
Liberia,LBR,2023,,,,23.4979
Libya,LBY,1960,0.5905454,,0,
Libya,LBY,1961,0.581808,,,
Libya,LBY,1962,0.581808,,,
Libya,LBY,1963,0.581808,,,
Libya,LBY,1964,0.581808,,,
Libya,LBY,1965,,,0,
Libya,LBY,1966,0.581808,,,
Libya,LBY,1967,0.581808,,,
Libya,LBY,1968,0.581808,,,
Libya,LBY,1969,0.581808,,,
Libya,LBY,1970,,,0,
Libya,LBY,1971,0.581808,,,
Libya,LBY,1972,0.581808,,,
Libya,LBY,1973,0.581808,,,
Libya,LBY,1974,0.581808,,,
Libya,LBY,1975,,,0,
Libya,LBY,1976,,,0,
Libya,LBY,1977,,,0,
Libya,LBY,1978,,,0,
Libya,LBY,1979,,,0,
Libya,LBY,1980,,,0,
Libya,LBY,1981,2.8695226,,0,
Libya,LBY,1982,3.0547025,,0,
Libya,LBY,1983,3.2538924,,0,
Libya,LBY,1984,3.4885218,,0,
Libya,LBY,1985,3.770039,,0,
Libya,LBY,1986,4.0788293,,0,
Libya,LBY,1987,4.4249144,,0,
Libya,LBY,1988,4.955782,,0,
Libya,LBY,1989,5.2263393,,0,
Libya,LBY,1990,4.95,,0,0
Libya,LBY,1991,5.13,,0,
Libya,LBY,1992,5.08,,0,
Libya,LBY,1993,5.07,,0,
Libya,LBY,1994,5.47,,0,
Libya,LBY,1995,6.48,,0,
Libya,LBY,1996,7.62,,0,
Libya,LBY,1997,7.9,,0.20398398,
Libya,LBY,1998,9.73,,0.40152887,
Libya,LBY,1999,10.5,,0.59312004,0.134
Libya,LBY,2000,11.4,,0.754003,0.187043
Libya,LBY,2001,12.2,,0.925302,0.366533
Libya,LBY,2002,13.1,,1.27078,2.24442
Libya,LBY,2003,13.3,,2.26003,2.81452
Libya,LBY,2004,13.9,,8.71582,3.53284
Libya,LBY,2005,14.5,,34.1367,3.91779
Libya,LBY,2006,15.2,,65.676,4.30105
Libya,LBY,2007,15.9,,73.7176,4.722
Libya,LBY,2008,14.8,0.741601,118.342,9
Libya,LBY,2009,16.7,0.989526,149.75,10.8
Libya,LBY,2010,18.9,1.12037,167.748,14
Libya,LBY,2011,15.8,1.10354,157.649,14
Libya,LBY,2012,13.2,1.08912,155.146,15.2
Libya,LBY,2013,12.5,1.02623,162.346,16.5
Libya,LBY,2014,14.2,0.977089,132.204,17.76
Libya,LBY,2015,16.3,0.93389,149.225,
Libya,LBY,2016,20.7,2.547,115.499,
Libya,LBY,2017,23.4,4.71896,89.3338,
Libya,LBY,2019,22.7,4.57486,164.004,
Libya,LBY,2020,22.4,4.7123,164.987,87.5754
Libya,LBY,2021,22.1,4.653,195.118,88.5598
Libya,LBY,2022,16.9,4.51841,192.973,88.6412
Libya,LBY,2023,,,,88.4989
Liechtenstein,LIE,1970,25.22168,,,
Liechtenstein,LIE,1971,25.0118,,,
Liechtenstein,LIE,1972,25.0118,,,
Liechtenstein,LIE,1973,25.0118,,,
Liechtenstein,LIE,1974,25.0118,,,
Liechtenstein,LIE,1975,33.59965,,,
Liechtenstein,LIE,1976,35.215237,,,
Liechtenstein,LIE,1977,36.653503,,,
Liechtenstein,LIE,1978,37.83516,,,
Liechtenstein,LIE,1979,38.747158,,,
Liechtenstein,LIE,1980,40.147182,,,
Liechtenstein,LIE,1981,41.821194,,,
Liechtenstein,LIE,1982,42.765385,,,
Liechtenstein,LIE,1983,44.060642,,,
Liechtenstein,LIE,1984,45.26495,,,
Liechtenstein,LIE,1985,46.802315,,,
Liechtenstein,LIE,1986,48.440662,,,
Liechtenstein,LIE,1987,50.148865,,,
Liechtenstein,LIE,1988,52.290295,,,
Liechtenstein,LIE,1989,54.72563,,,
Liechtenstein,LIE,1990,57.3,,0,0
Liechtenstein,LIE,1991,59.8,,,
Liechtenstein,LIE,1992,62.1,,,
Liechtenstein,LIE,1993,62.7,,,
Liechtenstein,LIE,1994,60.6,,,
Liechtenstein,LIE,1995,63.3,,,
Liechtenstein,LIE,1996,63.3,,,
Liechtenstein,LIE,1997,62,,,
Liechtenstein,LIE,1998,61.2,,23.299162,
Liechtenstein,LIE,1999,60.4,,27.594666,
Liechtenstein,LIE,2000,60.6,,30.1996,36.5152
Liechtenstein,LIE,2001,60.1,,32.8908,45.1169
Liechtenstein,LIE,2002,59,4.25879,33.7917,59.4707
Liechtenstein,LIE,2003,58.4,4.40399,73.3999,58.8097
Liechtenstein,LIE,2004,58.1,13.7864,74.1516,64.0074
Liechtenstein,LIE,2005,57.7,24.8393,79.2799,63.3714
Liechtenstein,LIE,2006,56.5,28.5919,82.2159,64.2142
Liechtenstein,LIE,2007,55.6,40.3111,90.8789,65.0802
Liechtenstein,LIE,2008,55.3,43.872,95.926,70
Liechtenstein,LIE,2009,54.9,44.749,97.9926,75
Liechtenstein,LIE,2010,54.4,42.3623,98.6139,80
Liechtenstein,LIE,2011,54,37.4828,101.93,85
Liechtenstein,LIE,2012,50.5,39.3923,98.59,89.4077
Liechtenstein,LIE,2013,49.6,40.6827,104.11,93.8
Liechtenstein,LIE,2014,48.6,42.0041,109.388,95.21
Liechtenstein,LIE,2015,46.4,41.9679,109.492,96.6412
Liechtenstein,LIE,2016,43.6,42.3634,117.767,98.0939
Liechtenstein,LIE,2017,40.5,42.9406,122.594,99.5466
Liechtenstein,LIE,2018,40,43.8302,123.979,
Liechtenstein,LIE,2019,35.7,44.6748,124.214,93.1461
Liechtenstein,LIE,2020,32.5,46.5602,126.105,94.3499
Liechtenstein,LIE,2021,29.5,47.5207,126.071,95.5694
Liechtenstein,LIE,2022,27.5,48.9305,126.307,96.4528
Liechtenstein,LIE,2023,25.9,49.4065,127.059,97.3444
Lithuania,LTU,1960,1.4044659,,0,
Lithuania,LTU,1961,1.45812,,,
Lithuania,LTU,1962,1.45812,,,
Lithuania,LTU,1963,1.45812,,,
Lithuania,LTU,1964,1.45812,,,
Lithuania,LTU,1965,2.3530788,,0,
Lithuania,LTU,1966,2.42195,,,
Lithuania,LTU,1967,2.42195,,,
Lithuania,LTU,1968,2.42195,,,
Lithuania,LTU,1969,2.42195,,,
Lithuania,LTU,1970,4.4616337,,0,
Lithuania,LTU,1971,4.56627,,,
Lithuania,LTU,1972,4.56627,,,
Lithuania,LTU,1973,4.56627,,,
Lithuania,LTU,1974,4.56627,,,
Lithuania,LTU,1975,7.608734,,0,
Lithuania,LTU,1976,8.349816,,0,
Lithuania,LTU,1977,9.07264,,0,
Lithuania,LTU,1978,9.754051,,0,
Lithuania,LTU,1979,10.446945,,0,
Lithuania,LTU,1980,11.188894,,0,
Lithuania,LTU,1981,11.83809,,0,
Lithuania,LTU,1982,12.497399,,0,
Lithuania,LTU,1983,13.192402,,0,
Lithuania,LTU,1984,13.982733,,0,
Lithuania,LTU,1985,14.813557,,0,
Lithuania,LTU,1986,16.01827,,0,
Lithuania,LTU,1987,16.945131,,0,
Lithuania,LTU,1988,18.129,,0,
Lithuania,LTU,1989,19.458494,,0,
Lithuania,LTU,1990,21.1,,0,0
Lithuania,LTU,1991,22,,0,
Lithuania,LTU,1992,22.5,,0.007034198,
Lithuania,LTU,1993,23.3,,0.03278318,
Lithuania,LTU,1994,24.6,,0.119667225,
Lithuania,LTU,1995,25.9,,0.394821,
Lithuania,LTU,1996,27.6,,1.3694975,0.277
Lithuania,LTU,1997,29.5,,4.4747405,0.978
Lithuania,LTU,1998,31.4,,7.300894,1.97
Lithuania,LTU,1999,32.7,,9.136079,2.92
Lithuania,LTU,2000,33.9,,14.9697,6.42707
Lithuania,LTU,2001,33.2,0.0698819,29.3118,7.17936
Lithuania,LTU,2002,27.2,0.580712,47.78,17.69
Lithuania,LTU,2003,24.1,1.95562,61.553,25.91
Lithuania,LTU,2004,24.3,3.82181,90.3593,31.23
Lithuania,LTU,2005,24.1,7.04583,131.039,36.22
Lithuania,LTU,2006,24.2,11.2764,144.296,43.9
Lithuania,LTU,2007,24.7,17.3003,152.012,49.9
Lithuania,LTU,2008,24.5,18.4495,157.032,55.22
Lithuania,LTU,2009,23.6,20.0357,156.848,59.76
Lithuania,LTU,2010,24.3,21.9297,157.89,62.12
Lithuania,LTU,2011,23.5,24.0272,163.043,63.64
Lithuania,LTU,2012,22.6,25.7288,167.226,67.23
Lithuania,LTU,2013,21.2,28.2657,154.341,68.4529
Lithuania,LTU,2014,20,27.3378,145.494,72.1335
Lithuania,LTU,2015,19.3,28.6774,143.991,71.3781
Lithuania,LTU,2016,18.5,29.8964,146.55,74.3766
Lithuania,LTU,2017,17.2,28.2319,154.148,77.6153
Lithuania,LTU,2018,15.2,28.1445,134.334,79.7226
Lithuania,LTU,2019,13.2,28.2792,132.529,81.5819
Lithuania,LTU,2020,11.5,28.4989,131.341,83.0555
Lithuania,LTU,2021,10.4,28.7127,133.357,86.9305
Lithuania,LTU,2022,8.86,28.44,135.834,87.7242
Lithuania,LTU,2023,7.83,27.9638,137.204,88.5029
Low-income countries,OWID_LIC,1960,,,0,
Low-income countries,OWID_LIC,1965,,,0,
Low-income countries,OWID_LIC,1966,0.1538623,,,
Low-income countries,OWID_LIC,1967,0.15432957,,,
Low-income countries,OWID_LIC,1968,0.15478809,,,
Low-income countries,OWID_LIC,1969,0.15525287,,,
Low-income countries,OWID_LIC,1970,0.18717904,,0,
Low-income countries,OWID_LIC,1971,0.17839253,,,
Low-income countries,OWID_LIC,1972,0.17896825,,,
Low-income countries,OWID_LIC,1973,0.17954059,,,
Low-income countries,OWID_LIC,1974,0.18007237,,,
Low-income countries,OWID_LIC,1975,0.23382498,,0,
Low-income countries,OWID_LIC,1976,0.23602538,,0,
Low-income countries,OWID_LIC,1977,0.24785705,,0,
Low-income countries,OWID_LIC,1978,0.26576054,,0,
Low-income countries,OWID_LIC,1979,0.28079602,,0,
Low-income countries,OWID_LIC,1980,0.3056828,,0,
Low-income countries,OWID_LIC,1981,0.3186179,,0,
Low-income countries,OWID_LIC,1982,0.34004787,,0,
Low-income countries,OWID_LIC,1983,0.54458,,0,
Low-income countries,OWID_LIC,1984,0.56302214,,0,
Low-income countries,OWID_LIC,1985,0.57000005,,0,
Low-income countries,OWID_LIC,1986,0.5753333,,0,
Low-income countries,OWID_LIC,1987,0.57218325,,0,
Low-income countries,OWID_LIC,1988,0.5683627,,0,
Low-income countries,OWID_LIC,1989,0.5689386,,0,
Low-income countries,OWID_LIC,1990,0.58052814,,0,
Low-income countries,OWID_LIC,1991,0.5802561,,0,
Low-income countries,OWID_LIC,1992,0.5753618,,0.000670212,
Low-income countries,OWID_LIC,1993,0.5829075,,0.002214204,
Low-income countries,OWID_LIC,1994,0.61804944,,0.003492511,
Low-income countries,OWID_LIC,1995,0.7010337,,0.006779636,
Low-income countries,OWID_LIC,1996,0.776421,,0.010263741,
Low-income countries,OWID_LIC,1997,0.8006636,,0.016622012,
Low-income countries,OWID_LIC,1998,0.86266905,,0.034507345,
Low-income countries,OWID_LIC,1999,0.9263249,,0.06603062,
Low-income countries,OWID_LIC,2000,1.0004445,,,
Low-income countries,OWID_LIC,2001,1.1662388,,,
Low-income countries,OWID_LIC,2002,1.3334513,,,
Low-income countries,OWID_LIC,2003,1.5363449,,,
Low-income countries,OWID_LIC,2004,1.722871,,,
Low-income countries,OWID_LIC,2005,1.6951205,,,1
Low-income countries,OWID_LIC,2006,1.8023757,,,1.3
Low-income countries,OWID_LIC,2007,1.8777564,,,2.5
Low-income countries,OWID_LIC,2008,1.8858244,,,3
Low-income countries,OWID_LIC,2009,1.815864,,,3.7
Low-income countries,OWID_LIC,2010,1.8146579,,,4.3
Low-income countries,OWID_LIC,2011,1.8100077,,,4.9
Low-income countries,OWID_LIC,2012,1.7435942,,,5.4
Low-income countries,OWID_LIC,2013,1.6786532,,,6
Low-income countries,OWID_LIC,2014,1.5202272,,,6.9
Low-income countries,OWID_LIC,2015,1.4,0.3,52.7,7.9
Low-income countries,OWID_LIC,2016,1.4,0.4,50.8,10
Low-income countries,OWID_LIC,2017,1.2,0.4,50.7,11.4
Low-income countries,OWID_LIC,2018,1.2,0.4,50.6,13.8
Low-income countries,OWID_LIC,2019,1.2,0.4,52.3,16.4
Low-income countries,OWID_LIC,2020,1.2,0.48,58,17.6
Low-income countries,OWID_LIC,2021,1,0.46,60.2,19
Low-income countries,OWID_LIC,2022,1,0.48,62.5,21.2
Low-income countries,OWID_LIC,2023,1,0.5,65.2,22
Low-income countries,OWID_LIC,2024,1,0.53,67,22.5
Low-income countries,OWID_LIC,2025,1,0.57,69.3,23.4
Lower-middle-income countries,OWID_LMC,1960,0.13112189,,0,
Lower-middle-income countries,OWID_LMC,1961,0.13128725,,,
Lower-middle-income countries,OWID_LMC,1962,0.13163064,,,
Lower-middle-income countries,OWID_LMC,1963,0.13195828,,,
Lower-middle-income countries,OWID_LMC,1964,0.13228491,,,
Lower-middle-income countries,OWID_LMC,1965,0.1637018,,0,
Lower-middle-income countries,OWID_LMC,1966,0.1760685,,,
Lower-middle-income countries,OWID_LMC,1967,0.176403,,,
Lower-middle-income countries,OWID_LMC,1968,0.17672238,,,
Lower-middle-income countries,OWID_LMC,1969,0.17700279,,,
Lower-middle-income countries,OWID_LMC,1970,0.23522149,,0,
Lower-middle-income countries,OWID_LMC,1971,0.21645978,,,
Lower-middle-income countries,OWID_LMC,1972,0.21668522,,,
Lower-middle-income countries,OWID_LMC,1973,0.21690638,,,
Lower-middle-income countries,OWID_LMC,1974,0.21711501,,,
Lower-middle-income countries,OWID_LMC,1975,0.33240888,,0,
Lower-middle-income countries,OWID_LMC,1976,0.35239947,,0,
Lower-middle-income countries,OWID_LMC,1977,0.3779205,,0,
Lower-middle-income countries,OWID_LMC,1978,0.39758244,,0,
Lower-middle-income countries,OWID_LMC,1979,0.4184149,,0,
Lower-middle-income countries,OWID_LMC,1980,0.43715435,,0,
Lower-middle-income countries,OWID_LMC,1981,0.46201617,,0,
Lower-middle-income countries,OWID_LMC,1982,0.4825918,,0,
Lower-middle-income countries,OWID_LMC,1983,0.5108721,,0,
Lower-middle-income countries,OWID_LMC,1984,0.5382538,,0,
Lower-middle-income countries,OWID_LMC,1985,0.58059245,,0,
Lower-middle-income countries,OWID_LMC,1986,0.622099,,0,
Lower-middle-income countries,OWID_LMC,1987,0.65084845,,0.000182886,
Lower-middle-income countries,OWID_LMC,1988,0.6866175,,0.000216356,
Lower-middle-income countries,OWID_LMC,1989,0.74061924,,0.000296863,
Lower-middle-income countries,OWID_LMC,1990,0.79055834,,0.000602154,
Lower-middle-income countries,OWID_LMC,1991,0.86833733,,0.003082778,
Lower-middle-income countries,OWID_LMC,1992,0.95206916,,0.004925046,
Lower-middle-income countries,OWID_LMC,1993,1.0679764,,0.009693639,
Lower-middle-income countries,OWID_LMC,1994,1.2159382,,0.01645096,
Lower-middle-income countries,OWID_LMC,1995,1.3907335,,0.048655666,
Lower-middle-income countries,OWID_LMC,1996,1.5902305,,0.09929865,
Lower-middle-income countries,OWID_LMC,1997,1.8145815,,0.18020226,
Lower-middle-income countries,OWID_LMC,1998,2.085384,,0.25453845,
Lower-middle-income countries,OWID_LMC,1999,2.405719,,0.43210828,
Lower-middle-income countries,OWID_LMC,2000,2.7494128,,,
Lower-middle-income countries,OWID_LMC,2001,3.0984368,,,
Lower-middle-income countries,OWID_LMC,2002,3.3094172,,,
Lower-middle-income countries,OWID_LMC,2003,3.3817978,,,
Lower-middle-income countries,OWID_LMC,2004,3.8440301,,,
Lower-middle-income countries,OWID_LMC,2005,3.7699785,,,3.6
Lower-middle-income countries,OWID_LMC,2006,3.6390781,,,4.4
Lower-middle-income countries,OWID_LMC,2007,3.7309327,,,5.6
Lower-middle-income countries,OWID_LMC,2008,3.8437314,,,6.4
Lower-middle-income countries,OWID_LMC,2009,3.9100478,,,7.5
Lower-middle-income countries,OWID_LMC,2010,3.5991766,,,10.1
Lower-middle-income countries,OWID_LMC,2011,3.2220278,,,12.2
Lower-middle-income countries,OWID_LMC,2012,3.0539036,,,13.6
Lower-middle-income countries,OWID_LMC,2013,2.729557,,,15.2
Lower-middle-income countries,OWID_LMC,2014,2.5451446,,,17.2
Lower-middle-income countries,OWID_LMC,2015,2.4,1.7,81.8,19.5
Lower-middle-income countries,OWID_LMC,2016,2.3,2,86.6,21.9
Lower-middle-income countries,OWID_LMC,2017,2.2,2.2,88.1,24.4
Lower-middle-income countries,OWID_LMC,2018,2.2,2.4,90.7,27.2
Lower-middle-income countries,OWID_LMC,2019,2.1,2.6,92.4,33.4
Lower-middle-income countries,OWID_LMC,2020,2.1,2.97,92.9,42.5
Lower-middle-income countries,OWID_LMC,2021,2.2,3.47,92.8,47.4
Lower-middle-income countries,OWID_LMC,2022,2.3,3.87,93.6,52.3
Lower-middle-income countries,OWID_LMC,2023,2.4,4.23,92.8,55.4
Lower-middle-income countries,OWID_LMC,2024,2.7,4.61,90.9,58.9
Lower-middle-income countries,OWID_LMC,2025,3,5.05,89.9,62.9
Luxembourg,LUX,1960,11.613532,,0,
Luxembourg,LUX,1961,11.598,,,
Luxembourg,LUX,1962,11.598,,,
Luxembourg,LUX,1963,11.598,,,
Luxembourg,LUX,1964,11.598,,,
Luxembourg,LUX,1965,17.889956,,0,
Luxembourg,LUX,1966,17.8701,,,
Luxembourg,LUX,1967,17.8701,,,
Luxembourg,LUX,1968,17.8701,,,
Luxembourg,LUX,1969,17.8701,,,
Luxembourg,LUX,1970,24.164412,,0,
Luxembourg,LUX,1971,24.1412,,,
Luxembourg,LUX,1972,24.1412,,,
Luxembourg,LUX,1973,24.1412,,,
Luxembourg,LUX,1974,24.1412,,,
Luxembourg,LUX,1975,30.254534,,0,
Luxembourg,LUX,1976,31.1895,,0,
Luxembourg,LUX,1977,32.6573,,0,
Luxembourg,LUX,1978,33.788555,,0,
Luxembourg,LUX,1979,34.992783,,0,
Luxembourg,LUX,1980,36.196083,,0,
Luxembourg,LUX,1981,37.03978,,0,
Luxembourg,LUX,1982,38.027504,,0,
Luxembourg,LUX,1983,38.893936,,0,
Luxembourg,LUX,1984,40.20832,,0,
Luxembourg,LUX,1985,41.34763,,0.010915064,
Luxembourg,LUX,1986,42.673763,,0.079311185,
Luxembourg,LUX,1987,43.635803,,0.10120747,
Luxembourg,LUX,1988,44.7629,,0.14514022,
Luxembourg,LUX,1989,46.786964,,0.17641644,
Luxembourg,LUX,1990,48.1,,0.21612208,0
Luxembourg,LUX,1991,49.6,,0.2947738,
Luxembourg,LUX,1992,52.6,,0.2860675,0.153
Luxembourg,LUX,1993,54.1,,1.2810752,0.302
Luxembourg,LUX,1994,55.4,,3.2073605,0.496
Luxembourg,LUX,1995,56.2,,6.5838313,1.59
Luxembourg,LUX,1996,60,,10.890557,5.55
Luxembourg,LUX,1997,61,,16.062637,7.14
Luxembourg,LUX,1998,60.1,,30.809256,11.7
Luxembourg,LUX,1999,58.5,,48.722713,17.4
Luxembourg,LUX,2000,57.1,,69.5372,22.8873
Luxembourg,LUX,2001,58.1,0.275041,92.6004,36.1634
Luxembourg,LUX,2002,55.7,1.30536,105.961,39.84
Luxembourg,LUX,2003,54.2,3.39746,119.291,54.55
Luxembourg,LUX,2004,53.5,7.96429,102.554,65.88
Luxembourg,LUX,2005,52.5,15.0635,109.592,70
Luxembourg,LUX,2006,52.5,20.9214,150.783,72.51
Luxembourg,LUX,2007,51.7,26.7933,142.524,78.92
Luxembourg,LUX,2008,53.3,29.2849,144.584,82.23
Luxembourg,LUX,2009,52.9,31.3376,144.524,87.31
Luxembourg,LUX,2010,53.7,33.1818,143.277,90.62
Luxembourg,LUX,2011,53.8,32.7339,147.512,90.0299
Luxembourg,LUX,2012,50.2,31.9618,143.388,91.9499
Luxembourg,LUX,2013,49.2,32.4834,145.093,93.7765
Luxembourg,LUX,2014,48.7,33.5803,144.244,94.6702
Luxembourg,LUX,2015,48.6,34.2911,141.659,96.3767
Luxembourg,LUX,2016,47.4,34.8068,130.933,98.1367
Luxembourg,LUX,2017,46.2,35.9768,133.111,97.363
Luxembourg,LUX,2018,45,36.8853,131.327,97.0613
Luxembourg,LUX,2019,43.1,37.3611,131.87,97.1206
Luxembourg,LUX,2020,42.5,37.2961,132.909,98.4596
Luxembourg,LUX,2021,41.6,38.04,136.871,98.6609
Luxembourg,LUX,2022,39.8,38.327,139.651,98.242
Luxembourg,LUX,2023,,,144.475,99.3479
Luxembourg,LUX,2024,,,,98.7606
Macao,MAC,1960,1.301592,,0,
Macao,MAC,1961,1.37314,,,
Macao,MAC,1962,1.37314,,,
Macao,MAC,1963,1.37314,,,
Macao,MAC,1964,1.37314,,,
Macao,MAC,1965,,,0,
Macao,MAC,1966,1.37314,,,
Macao,MAC,1967,1.37314,,,
Macao,MAC,1968,1.37314,,,
Macao,MAC,1969,1.37314,,,
Macao,MAC,1970,,,0,
Macao,MAC,1971,1.37314,,,
Macao,MAC,1972,1.37314,,,
Macao,MAC,1973,1.37314,,,
Macao,MAC,1974,1.37314,,,
Macao,MAC,1975,,,0,
Macao,MAC,1976,,,0,
Macao,MAC,1977,,,0,
Macao,MAC,1978,,,0,
Macao,MAC,1979,,,0,
Macao,MAC,1980,,,0,
Macao,MAC,1981,,,0,
Macao,MAC,1982,6.21562,,0,
Macao,MAC,1983,6.6523194,,0,
Macao,MAC,1984,10.020572,,0,
Macao,MAC,1985,13.21724,,0,
Macao,MAC,1986,15.890628,,0,
Macao,MAC,1987,17.845276,,0,
Macao,MAC,1988,20.149593,,0,
Macao,MAC,1989,23.368393,,0.4019731,
Macao,MAC,1990,26.5,,0.63730097,0
Macao,MAC,1991,29.4,,1.3375093,
Macao,MAC,1992,32.4,,2.8232672,
Macao,MAC,1993,35.3,,3.975446,
Macao,MAC,1994,37.2,,5.515973,0.037
Macao,MAC,1995,38.4,,9.046216,0.28
Macao,MAC,1996,39.7,,11.077994,0.727
Macao,MAC,1997,40.9,,12.835803,2.36
Macao,MAC,1998,41.1,,19.608095,7
Macao,MAC,1999,41.5,,27.754642,9.21
Macao,MAC,2000,40.4,0.853172,32.2545,13.6086
Macao,MAC,2001,39.6,2.19893,43.69,22.5212
Macao,MAC,2002,38.6,3.71787,60.5547,25.1719
Macao,MAC,2003,37.2,5.92129,77.6098,25.7421
Macao,MAC,2004,36.1,9.37744,89.6827,31.4841
Macao,MAC,2005,35.2,13.732,107.539,34.8629
Macao,MAC,2006,34.7,18.1263,125.081,46.4
Macao,MAC,2007,34.1,21.1571,152.089,47.327
Macao,MAC,2008,32.8,22.6837,174.015,49.24
Macao,MAC,2009,31,22.9565,188.792,54
Macao,MAC,2010,29.9,23.4683,199.405,55.198
Macao,MAC,2011,28.9,23.9147,235.079,60.2037
Macao,MAC,2012,27.7,24.6143,274.656,61.31
Macao,MAC,2013,26.5,25.3524,287.643,65.8
Macao,MAC,2014,25.2,26.4619,304.185,69.7809
Macao,MAC,2015,23.5,27.3135,304.751,77.6001
Macao,MAC,2016,22.4,28.0554,310.568,81.643
Macao,MAC,2017,21.3,28.7679,316.602,83.1741
Macao,MAC,2018,18.7,29.3056,331.1,83.7941
Macao,MAC,2019,16.4,29.8074,416.261,86.4679
Macao,MAC,2020,16.1,30.4509,237.344,87.4623
Macao,MAC,2021,14.3,29.6158,183.575,88.4681
Macao,MAC,2022,13.1,29.6066,172.245,87.9696
Macao,MAC,2023,12.2,29.6759,192.478,89.1806
Madagascar,MDG,1960,,,0,
Madagascar,MDG,1965,0.16434698,,0,
Madagascar,MDG,1966,0.164667,,,
Madagascar,MDG,1967,0.164667,,,
Madagascar,MDG,1968,0.164667,,,
Madagascar,MDG,1969,0.164667,,,
Madagascar,MDG,1970,0.18826008,,0,
Madagascar,MDG,1971,0.190076,,,
Madagascar,MDG,1972,0.190076,,,
Madagascar,MDG,1973,0.190076,,,
Madagascar,MDG,1974,0.190076,,,
Madagascar,MDG,1975,,,0,
Madagascar,MDG,1976,0.18981302,,0,
Madagascar,MDG,1977,0.1842555,,0,
Madagascar,MDG,1978,,,0,
Madagascar,MDG,1979,0.21283235,,0,
Madagascar,MDG,1980,0.21345165,,0,
Madagascar,MDG,1981,0.20961605,,0,
Madagascar,MDG,1982,0.20526893,,0,
Madagascar,MDG,1983,0.20169222,,0,
Madagascar,MDG,1984,0.21105306,,0,
Madagascar,MDG,1985,0.21583363,,0,
Madagascar,MDG,1986,0.2215343,,0,
Madagascar,MDG,1987,0.22955757,,0,
Madagascar,MDG,1988,0.22754067,,0,
Madagascar,MDG,1989,0.24053602,,0,
Madagascar,MDG,1990,0.262,,0,0
Madagascar,MDG,1991,0.292,,0,
Madagascar,MDG,1992,0.286,,0,
Madagascar,MDG,1993,0.264,,0,
Madagascar,MDG,1994,0.247,,0.002232787,
Madagascar,MDG,1995,0.264,,0.009373329,
Madagascar,MDG,1996,0.272,,0.016064309,0.0037
Madagascar,MDG,1997,0.288,,0.02774225,0.0143
Madagascar,MDG,1998,0.305,,0.083824374,0.0626
Madagascar,MDG,1999,0.314,,0.22727267,0.169
Madagascar,MDG,2000,0.333,,0.38201,0.196395
Madagascar,MDG,2001,0.343,,0.865969,0.222512
Madagascar,MDG,2002,0.339,,0.928837,0.33972
Madagascar,MDG,2003,0.33,,1.56966,0.423252
Madagascar,MDG,2004,0.315,,1.79446,0.525354
Madagascar,MDG,2005,0.482,,2.66324,0.567722
Madagascar,MDG,2006,0.658,0.00689781,5.30076,0.607552
Madagascar,MDG,2007,0.659,0.0115855,10.9142,0.65
Madagascar,MDG,2008,0.788,0.01667,23.1088,1.65
Madagascar,MDG,2009,0.864,0.021237,29.1628,1.63
Madagascar,MDG,2010,0.64,0.024302,34.7636,1.7
Madagascar,MDG,2011,0.606,0.0300233,38.0364,1.9
Madagascar,MDG,2012,0.61,0.132454,37.4155,2.3
Madagascar,MDG,2013,0.605,0.157566,35.0949,3
Madagascar,MDG,2014,0.6,0.100285,39.2253,3.7
Madagascar,MDG,2015,0.585,0.0931855,42.0572,4.17397
Madagascar,MDG,2016,0.569,0.101092,30.6447,4.71366
Madagascar,MDG,2017,0.257,0.0935555,32.5906,6.4
Madagascar,MDG,2018,0.251,0.0989674,38.7516,7.7478
Madagascar,MDG,2019,0.261,0.106309,46.078,9.37944
Madagascar,MDG,2020,0.171,0.110522,54.8085,11.3547
Madagascar,MDG,2021,0.121,0.104183,53.9177,13.7459
Madagascar,MDG,2022,0.129,0.10749,64.7495,18.5532
Madagascar,MDG,2023,0.0109,0.124487,75.4563,20.3671
Malawi,MWI,1960,0.09665622,,0,
Malawi,MWI,1961,0.0956288,,,
Malawi,MWI,1962,0.0956288,,,
Malawi,MWI,1963,0.0956288,,,
Malawi,MWI,1964,0.0956288,,,
Malawi,MWI,1965,0.095375605,,0,
Malawi,MWI,1966,0.0943291,,,
Malawi,MWI,1967,0.0943291,,,
Malawi,MWI,1968,0.0943291,,,
Malawi,MWI,1969,0.0943291,,,
Malawi,MWI,1970,0.12972577,,0,
Malawi,MWI,1971,0.127557,,,
Malawi,MWI,1972,0.127557,,,
Malawi,MWI,1973,0.127557,,,
Malawi,MWI,1974,0.127557,,,
Malawi,MWI,1975,0.16474265,,0,
Malawi,MWI,1976,0.17542486,,0,
Malawi,MWI,1977,0.19115378,,0,
Malawi,MWI,1978,0.20300199,,0,
Malawi,MWI,1979,0.21833959,,0,
Malawi,MWI,1980,0.23223461,,0,
Malawi,MWI,1981,0.2367831,,0,
Malawi,MWI,1982,0.24239618,,0,
Malawi,MWI,1983,0.24226739,,0,
Malawi,MWI,1984,0.24843977,,0,
Malawi,MWI,1985,0.2604039,,0,
Malawi,MWI,1986,0.2683753,,0,
Malawi,MWI,1987,0.27080545,,0,
Malawi,MWI,1988,0.26956698,,0,
Malawi,MWI,1989,0.28294605,,0,
Malawi,MWI,1990,0.279,,0,0
Malawi,MWI,1991,0.29,,0,
Malawi,MWI,1992,0.304,,0,
Malawi,MWI,1993,0.319,,0,
Malawi,MWI,1994,0.325,,0,
Malawi,MWI,1995,0.338,,0.003777385,
Malawi,MWI,1996,0.343,,0.03588565,
Malawi,MWI,1997,0.348,,0.06658627,0.00467
Malawi,MWI,1998,0.346,,0.09783408,0.0181
Malawi,MWI,1999,0.376,,0.20503089,0.0873
Malawi,MWI,2000,0.41,,0.433017,0.126781
Malawi,MWI,2001,0.471,,0.480719,0.164021
Malawi,MWI,2002,0.615,,0.724275,0.215095
Malawi,MWI,2003,0.698,0.000566429,1.10917,0.278815
Malawi,MWI,2004,0.744,0.00110393,1.77698,0.347505
Malawi,MWI,2005,0.8,0.00314641,3.28008,0.384489
Malawi,MWI,2006,0.985,,4.69867,0.425137
Malawi,MWI,2007,1.29,0.00687961,7.74032,0.965865
Malawi,MWI,2008,0.797,0.00705474,10.7873,0.7
Malawi,MWI,2009,0.773,0.00718266,17.2665,1.07
Malawi,MWI,2010,1.03,0.007318,21.0257,2.26
Malawi,MWI,2011,1.14,0.0113331,25.8864,3.33
Malawi,MWI,2012,1.45,0.00788054,29.58,4.3506
Malawi,MWI,2013,0.208,0.054307,32.7317,5.05
Malawi,MWI,2014,0.114,0.0515055,33.8868,5.83
Malawi,MWI,2015,0.0846,0.0342686,38.4342,6
Malawi,MWI,2016,0.064,0.0495052,40.8844,6.3
Malawi,MWI,2017,0.0961,0.0599566,43.0855,7
Malawi,MWI,2018,0.0809,0.0613015,38.1956,8.79829
Malawi,MWI,2019,0.0689,0.059698,46.7841,11.0586
Malawi,MWI,2020,0.0638,0.0627371,51.217,13.8995
Malawi,MWI,2021,0.0619,0.0670815,59.5599,17.4703
Malawi,MWI,2022,0.046,0.072406,59.6496,17.0457
Malawi,MWI,2023,0.0228,0.0795566,61.0866,17.9881
Malaysia,MYS,1960,0.6129989,,0,
Malaysia,MYS,1961,0.588756,,,
Malaysia,MYS,1962,0.588756,,,
Malaysia,MYS,1963,0.588756,,,
Malaysia,MYS,1964,0.588756,,,
Malaysia,MYS,1965,0.86898977,,0,
Malaysia,MYS,1966,0.829261,,,
Malaysia,MYS,1967,0.829261,,,
Malaysia,MYS,1968,0.829261,,,
Malaysia,MYS,1969,0.829261,,,
Malaysia,MYS,1970,1.0090711,,0,
Malaysia,MYS,1971,0.962595,,,
Malaysia,MYS,1972,0.962595,,,
Malaysia,MYS,1973,0.962595,,,
Malaysia,MYS,1974,0.962595,,,
Malaysia,MYS,1975,1.454646,,0,
Malaysia,MYS,1976,1.631047,,0,
Malaysia,MYS,1977,1.8623898,,0,
Malaysia,MYS,1978,2.1604936,,0,
Malaysia,MYS,1979,2.525466,,0,
Malaysia,MYS,1980,2.9937108,,0,
Malaysia,MYS,1981,3.6025405,,0,
Malaysia,MYS,1982,4.205077,,0,
Malaysia,MYS,1983,4.898228,,0,
Malaysia,MYS,1984,5.7817154,,0,
Malaysia,MYS,1985,6.344913,,,
Malaysia,MYS,1986,6.7025156,,0.069523625,
Malaysia,MYS,1987,7.05864,,0.108594075,
Malaysia,MYS,1988,7.550475,,0.16522017,
Malaysia,MYS,1989,8.156118,,0.23160204,
Malaysia,MYS,1990,8.89,,0.49448955,0
Malaysia,MYS,1991,9.91,,0.7215222,
Malaysia,MYS,1992,11.1,,1.0826154,0.00105
Malaysia,MYS,1993,12.5,,1.7848852,0.0255
Malaysia,MYS,1994,14.4,,2.918621,0.0996
Malaysia,MYS,1995,16.4,,4.9911685,0.146
Malaysia,MYS,1996,18.1,,7.348428,0.852
Malaysia,MYS,1997,19.8,,9.412128,2.31
Malaysia,MYS,1998,20,,10.086865,6.75
Malaysia,MYS,1999,19.7,,13.366919,12.3
Malaysia,MYS,2000,20.1,,22.2997,21.3847
Malaysia,MYS,2001,20,0.0170021,31.3901,26.696
Malaysia,MYS,2002,19.4,0.0800831,37.5605,32.3382
Malaysia,MYS,2003,18.5,0.447341,45.0737,34.9712
Malaysia,MYS,2004,17.6,0.999732,57.8498,42.2523
Malaysia,MYS,2005,16.9,1.86987,75.65,48.6292
Malaysia,MYS,2006,16.4,2.84277,73.6762,51.638
Malaysia,MYS,2007,16.1,3.8343,86.4755,55.7
Malaysia,MYS,2008,16.4,4.82153,100.518,55.8
Malaysia,MYS,2009,16.1,5.52395,107.18,55.9
Malaysia,MYS,2010,16.1,7.32069,118.157,56.3
Malaysia,MYS,2011,15.5,8.59576,125.716,61
Malaysia,MYS,2012,15.5,9.847,139.315,65.8
Malaysia,MYS,2013,15,9.73943,142.522,57.0575
Malaysia,MYS,2014,14.4,9.97194,146.366,63.6654
Malaysia,MYS,2015,14.4,9.80956,141.211,71.0641
Malaysia,MYS,2016,15.2,8.55246,136.725,78.7883
Malaysia,MYS,2017,20.3,8.30705,130.854,80.1405
Malaysia,MYS,2018,22.6,8.1918,128.873,81.201
Malaysia,MYS,2019,22.1,8.86497,133.373,84.1871
Malaysia,MYS,2020,22,9.91102,129.018,89.555
Malaysia,MYS,2021,24.1,10.8922,137.685,96.7514
Malaysia,MYS,2022,24.4,12.1754,138.208,97.3986
Malaysia,MYS,2023,23.9,13.0287,142.732,97.6927
Malaysia,MYS,2024,,,,98.0206
Maldives,MDV,1960,,,0,
Maldives,MDV,1965,,,0,
Maldives,MDV,1970,0.21096534,,0,
Maldives,MDV,1971,0.224737,,,
Maldives,MDV,1972,0.224737,,,
Maldives,MDV,1973,0.224737,,,
Maldives,MDV,1974,0.224737,,,
Maldives,MDV,1975,,,0,
Maldives,MDV,1976,0.31871322,,0,
Maldives,MDV,1977,0.35574996,,0,
Maldives,MDV,1978,0.5447845,,0,
Maldives,MDV,1979,0.49898332,,0,
Maldives,MDV,1980,,,0,
Maldives,MDV,1981,0.9076817,,0,
Maldives,MDV,1982,0.97408366,,0,
Maldives,MDV,1983,1.0594461,,0,
Maldives,MDV,1984,1.1389028,,0,
Maldives,MDV,1985,1.1933776,,0,
Maldives,MDV,1986,1.4196984,,0,
Maldives,MDV,1987,1.6645778,,0,
Maldives,MDV,1988,1.9890131,,0,
Maldives,MDV,1989,2.3401258,,0,
Maldives,MDV,1990,2.78,,0,0
Maldives,MDV,1991,3.29,,0,0
Maldives,MDV,1992,3.57,,0,0
Maldives,MDV,1993,4.07,,0,0
Maldives,MDV,1994,4.73,,0,0
Maldives,MDV,1995,5.4,,0,0
Maldives,MDV,1996,5.82,,0.007580294,0.227
Maldives,MDV,1997,6.71,,0.4794826,0.309
Maldives,MDV,1998,7.33,,0.5865681,0.57
Maldives,MDV,1999,7.99,,1.0520979,1.12
Maldives,MDV,2000,8.66,,2.70833,2.20387
Maldives,MDV,2001,9.5,,6.58862,3.61729
Maldives,MDV,2002,9.82,0.0651542,14.3679,5.34777
Maldives,MDV,2003,10.1,0.169651,22.4175,5.97659
Maldives,MDV,2004,10.5,0.23788,37.5717,6.58825
Maldives,MDV,2005,10.5,1.06387,66.4493,6.86961
Maldives,MDV,2006,10.3,1.99904,86.3636,11.0364
Maldives,MDV,2007,10.2,3.20668,96.6284,16.3
Maldives,MDV,2008,14,4.56882,129.585,23.2
Maldives,MDV,2009,8.75,4.41605,131.439,24.8
Maldives,MDV,2010,7.86,4.31079,137.018,26.53
Maldives,MDV,2011,6.45,4.72016,141.955,34
Maldives,MDV,2012,5.98,4.6686,144.912,38.9301
Maldives,MDV,2013,5.64,5.08686,156.263,44.1
Maldives,MDV,2014,5.45,4.79719,160.975,49.28
Maldives,MDV,2015,5.12,5.41277,172.786,54.462
Maldives,MDV,2016,4.77,6.61143,183.197,59.5
Maldives,MDV,2017,4.45,7.97186,196.41,65
Maldives,MDV,2018,3.96,10.018,181.343,70.9
Maldives,MDV,2019,3.42,10.9013,169.774,77.4697
Maldives,MDV,2020,2.89,12.6833,142.936,79.0978
Maldives,MDV,2021,2.71,14.8246,136.789,81.9576
Maldives,MDV,2022,2.55,17.3997,136.459,83.9119
Maldives,MDV,2023,2.44,18.7278,141.601,84.6851
Mali,MLI,1960,0.03082222,,0,
Mali,MLI,1961,0.0313086,,,
Mali,MLI,1962,0.0313086,,,
Mali,MLI,1963,0.0313086,,,
Mali,MLI,1964,0.0313086,,,
Mali,MLI,1965,0.045403887,,0,
Mali,MLI,1966,0.0466913,,,
Mali,MLI,1967,0.0466913,,,
Mali,MLI,1968,0.0466913,,,
Mali,MLI,1969,0.0466913,,,
Mali,MLI,1970,0.046379462,,0,
Mali,MLI,1971,0.0479741,,,
Mali,MLI,1972,0.0479741,,,
Mali,MLI,1973,0.0479741,,,
Mali,MLI,1974,0.0479741,,,
Mali,MLI,1975,0.05333997,,0,
Mali,MLI,1976,0.05539358,,0,
Mali,MLI,1977,0.057228662,,0,
Mali,MLI,1978,0.056440476,,0,
Mali,MLI,1979,0.05802098,,0,
Mali,MLI,1980,0.06673376,,0,
Mali,MLI,1981,0.07147348,,0,
Mali,MLI,1982,0.0757502,,0,
Mali,MLI,1983,0.08250313,,0,
Mali,MLI,1984,0.0880562,,0,
Mali,MLI,1985,0.088462494,,0,
Mali,MLI,1986,0.08813873,,0,
Mali,MLI,1987,0.100562535,,0,
Mali,MLI,1988,0.10179317,,0,
Mali,MLI,1989,0.110176265,,0,
Mali,MLI,1990,0.122,,0,0
Mali,MLI,1991,0.133,,0,
Mali,MLI,1992,0.134,,0,
Mali,MLI,1993,0.142,,0,
Mali,MLI,1994,0.153,,0,
Mali,MLI,1995,0.169,,0,
Mali,MLI,1996,0.205,,0.011715466,0.00206
Mali,MLI,1997,0.227,,0.02743428,0.0101
Mali,MLI,1998,0.248,,0.042116765,0.0198
Mali,MLI,1999,0.301,,0.05850512,0.0609
Mali,MLI,2000,0.339,,0.0899536,0.142546
Mali,MLI,2001,0.429,,0.20145,0.185897
Mali,MLI,2002,0.461,,0.374136,0.227046
Mali,MLI,2003,0.48,,1.94895,0.310364
Mali,MLI,2004,0.502,,3.10524,0.43282
Mali,MLI,2005,0.561,,5.62823,0.507063
Mali,MLI,2006,0.59,0.0220512,10.8144,0.729627
Mali,MLI,2007,0.553,0.0221334,17.5054,0.81
Mali,MLI,2008,0.543,0.035286,23.0146,1.57
Mali,MLI,2009,0.549,0.0534092,28.8979,1.8
Mali,MLI,2010,0.718,0.050291,46.6622,2
Mali,MLI,2011,0.636,0.0515027,65.7107,2.2
Mali,MLI,2012,0.66,0.0254762,86.1757,2.8
Mali,MLI,2013,0.724,0.0166613,113.115,3.5
Mali,MLI,2014,0.857,,130.44,7
Mali,MLI,2015,0.909,0.0188189,122.083,10.33
Mali,MLI,2016,1.05,0.111738,105.348,14
Mali,MLI,2017,1.08,0.0777267,111.21,18.9
Mali,MLI,2018,1.12,0.591595,107.404,21.4
Mali,MLI,2019,1.15,0.676473,108.815,24.9603
Mali,MLI,2020,1.3,1.12281,116.587,29.113
Mali,MLI,2021,1.34,0.648338,108.693,33.9565
Mali,MLI,2022,1.33,0.77422,112.12,34.3797
Mali,MLI,2023,,,,35.0921
Malta,MLT,1960,2.745033,,0,
Malta,MLT,1961,2.96128,,,
Malta,MLT,1962,2.96128,,,
Malta,MLT,1963,2.96128,,,
Malta,MLT,1964,2.96128,,,
Malta,MLT,1965,4.4114447,,0,
Malta,MLT,1966,4.46838,,,
Malta,MLT,1967,4.46838,,,
Malta,MLT,1968,4.46838,,,
Malta,MLT,1969,4.46838,,,
Malta,MLT,1970,7.0748286,,0,
Malta,MLT,1971,6.96158,,,
Malta,MLT,1972,6.96158,,,
Malta,MLT,1973,6.96158,,,
Malta,MLT,1974,6.96158,,,
Malta,MLT,1975,8.931885,,0,
Malta,MLT,1976,10.505574,,0,
Malta,MLT,1977,11.923067,,0,
Malta,MLT,1978,13.012649,,0,
Malta,MLT,1979,14.069573,,0,
Malta,MLT,1980,15.330934,,0,
Malta,MLT,1981,17.129557,,0,
Malta,MLT,1982,19.312977,,0,
Malta,MLT,1983,22.45411,,0,
Malta,MLT,1984,23.095705,,0,
Malta,MLT,1985,24.251112,,0,
Malta,MLT,1986,27.698158,,0,
Malta,MLT,1987,31.079853,,0,
Malta,MLT,1988,32.55003,,0,
Malta,MLT,1989,33.72341,,0,
Malta,MLT,1990,34.9,,0,0
Malta,MLT,1991,37.4,,0.61843926,
Malta,MLT,1992,40.1,,0.94116384,
Malta,MLT,1993,41.6,,1.4124256,
Malta,MLT,1994,42.7,,1.9811761,
Malta,MLT,1995,44.4,,2.8259935,0.225
Malta,MLT,1996,46.6,,3.2444863,1.05
Malta,MLT,1997,47.9,,4.54971,3.92
Malta,MLT,1998,48.6,,5.7406454,6.5
Malta,MLT,1999,49.8,,9.480481,7.76
Malta,MLT,2000,51.1,0.414109,28.6185,13.1137
Malta,MLT,2001,51.6,2.27343,59.4403,17.8778
Malta,MLT,2002,51.1,4.3591,68.265,28.92
Malta,MLT,2003,51,5.56946,71.0371,31.64
Malta,MLT,2004,50.3,9.16314,74.5055,34.62
Malta,MLT,2005,48.9,12.4381,78.3848,41.24
Malta,MLT,2006,50.2,12.7446,83.468,40.41
Malta,MLT,2007,55.2,20.1301,88.3348,46.9
Malta,MLT,2008,57.5,23.4406,92.044,50.08
Malta,MLT,2009,58.7,27.0098,100.306,58.86
Malta,MLT,2010,58.6,29.7856,107.791,63
Malta,MLT,2011,54.7,30.3037,122.872,68.0198
Malta,MLT,2012,53.9,31.8224,124.757,68.1999
Malta,MLT,2013,54,33.3783,129.922,68.9138
Malta,MLT,2014,53,34.882,125.719,73.1141
Malta,MLT,2015,51.7,36.6768,117.794,75.96
Malta,MLT,2016,51.5,37.618,128.599,78.0751
Malta,MLT,2017,51.4,38.7513,129.249,81.0119
Malta,MLT,2018,52.7,39.5893,127.094,81.658
Malta,MLT,2019,50.7,40.18,125.866,85.7786
Malta,MLT,2020,49.8,41.1094,122.176,86.8588
Malta,MLT,2021,49.2,42.1831,123.941,87.4698
Malta,MLT,2022,49.1,43.445,132.861,91.5406
Malta,MLT,2023,48.6,44.2825,140.594,92.0727
Marshall Islands,MHL,1960,,,0,
Marshall Islands,MHL,1965,,,0,
Marshall Islands,MHL,1970,,,0,
Marshall Islands,MHL,1975,,,0,
Marshall Islands,MHL,1976,,,0,
Marshall Islands,MHL,1977,,,0,
Marshall Islands,MHL,1978,,,0,
Marshall Islands,MHL,1979,,,0,
Marshall Islands,MHL,1980,,,0,
Marshall Islands,MHL,1981,,,0,
Marshall Islands,MHL,1982,,,0,
Marshall Islands,MHL,1983,0.9728978,,0,
Marshall Islands,MHL,1984,,,0,
Marshall Islands,MHL,1985,,,0,
Marshall Islands,MHL,1986,,,0,
Marshall Islands,MHL,1987,,,0,
Marshall Islands,MHL,1988,,,0,
Marshall Islands,MHL,1989,,,0,
Marshall Islands,MHL,1990,1.12,,0,0
Marshall Islands,MHL,1991,1.54,,0,0
Marshall Islands,MHL,1992,1.83,,0,0
Marshall Islands,MHL,1993,4.88,,0,0
Marshall Islands,MHL,1994,6.24,,0.56179774,0
Marshall Islands,MHL,1995,6.6,,0.52068955,0
Marshall Islands,MHL,1996,6.92,,0.7082153,0.0371
Marshall Islands,MHL,1997,6.92,,0.89002633,
Marshall Islands,MHL,1998,7.53,,0.6489354,
Marshall Islands,MHL,1999,7.73,,0.8229,0.966
Marshall Islands,MHL,2000,7.89,,0.881552,1.53427
Marshall Islands,MHL,2001,8.19,,0.956517,1.70661
Marshall Islands,MHL,2002,8.52,,1.07341,2.33544
Marshall Islands,MHL,2003,8.64,,1.15804,2.56975
Marshall Islands,MHL,2004,10.6,,1.24346,3.59978
Marshall Islands,MHL,2005,,,1.27153,3.8787
Marshall Islands,MHL,2006,,,,3.79559
Marshall Islands,MHL,2007,,,,3.95
Marshall Islands,MHL,2008,,,,4.6
Marshall Islands,MHL,2009,,,,5.6
Marshall Islands,MHL,2010,,,,7
Marshall Islands,MHL,2011,,,,10
Marshall Islands,MHL,2012,,,,12.5
Marshall Islands,MHL,2013,,2.53349,,14
Marshall Islands,MHL,2014,4.74,2.75524,31.127,16.8
Marshall Islands,MHL,2015,,2.04918,31.7623,19.2824
Marshall Islands,MHL,2016,,2.09604,,29.7878
Marshall Islands,MHL,2017,,2.1492,34.3872,38.7012
Marshall Islands,MHL,2018,,2.20824,,43.8825
Marshall Islands,MHL,2019,,2.27237,36.3579,49.7575
Marshall Islands,MHL,2020,,2.34159,37.4655,56.4191
Marshall Islands,MHL,2021,,2.27718,38.6782,63.9726
Marshall Islands,MHL,2022,4.86,2.35048,39.7061,64.8023
Marshall Islands,MHL,2023,,,,65.7177
Mauritania,MRT,1960,,,0,
Mauritania,MRT,1965,,,0,
Mauritania,MRT,1970,0.053466503,,0,
Mauritania,MRT,1971,0.0523204,,,
Mauritania,MRT,1972,0.0523204,,,
Mauritania,MRT,1973,0.0523204,,,
Mauritania,MRT,1974,0.0523204,,,
Mauritania,MRT,1975,0.10203956,,0,
Mauritania,MRT,1976,0.114340745,,0,
Mauritania,MRT,1977,0.16028042,,0,
Mauritania,MRT,1978,0.18054757,,0,
Mauritania,MRT,1979,0.20423447,,0,
Mauritania,MRT,1980,0.21610227,,0,
Mauritania,MRT,1981,0.21589406,,0,
Mauritania,MRT,1982,0.2196665,,0,
Mauritania,MRT,1983,0.2255909,,0,
Mauritania,MRT,1984,0.22268417,,0,
Mauritania,MRT,1985,0.22636884,,0,
Mauritania,MRT,1986,0.22858618,,0,
Mauritania,MRT,1987,0.23283553,,0,
Mauritania,MRT,1988,0.23700748,,0,
Mauritania,MRT,1989,0.23216917,,0,
Mauritania,MRT,1990,0.301,,0,0
Mauritania,MRT,1991,0.318,,0,
Mauritania,MRT,1992,0.323,,0,
Mauritania,MRT,1993,0.345,,0,
Mauritania,MRT,1994,0.375,,0,
Mauritania,MRT,1995,0.4,,0,
Mauritania,MRT,1996,0.433,,0,
Mauritania,MRT,1997,0.541,,0,0.00417
Mauritania,MRT,1998,0.607,,0,0.0406
Mauritania,MRT,1999,0.65,,0,0.118
Mauritania,MRT,2000,0.726,,0.585435,0.192031
Mauritania,MRT,2001,0.928,,4.12366,0.261449
Mauritania,MRT,2002,1.15,,9.02772,0.363229
Mauritania,MRT,2003,1.36,,12.5249,0.424005
Mauritania,MRT,2004,1.36,,18.2106,0.48147
Mauritania,MRT,2005,1.4,0.00558002,25.3692,0.669966
Mauritania,MRT,2006,1.16,0.0322863,35.1772,0.979661
Mauritania,MRT,2007,1.3,0.129322,45.7142,1.43361
Mauritania,MRT,2008,2.4,0.18459,65.7184,1.87
Mauritania,MRT,2009,2.27,0.206275,66.4419,2.28
Mauritania,MRT,2010,2.11,0.171308,81.8661,4
Mauritania,MRT,2011,2.06,0.174717,94.6316,4.5
Mauritania,MRT,2012,1.8,0.185049,111.231,5
Mauritania,MRT,2013,1.45,0.201697,106.798,6.2
Mauritania,MRT,2014,1.34,0.207872,97.5267,11.8
Mauritania,MRT,2015,1.29,0.243018,91.8941,17.6
Mauritania,MRT,2016,1.3,0.272619,88.4383,19.2328
Mauritania,MRT,2017,1.36,0.300123,96.7595,21.0172
Mauritania,MRT,2018,1.38,0.304863,105.275,22.967
Mauritania,MRT,2019,1.38,0.24207,105.441,25.0978
Mauritania,MRT,2020,1.35,0.401228,126.277,27.4262
Mauritania,MRT,2021,1.23,0.405903,137.54,29.9707
Mauritania,MRT,2022,0.974,0.415228,109.884,34.3001
Mauritania,MRT,2023,,0.59041,90.7725,37.3809
Mauritius,MUS,1960,0.89362377,,0,
Mauritius,MUS,1961,0.91618,,,
Mauritius,MUS,1962,0.91618,,,
Mauritius,MUS,1963,0.91618,,,
Mauritius,MUS,1964,0.91618,,,
Mauritius,MUS,1965,1.2127156,,0,
Mauritius,MUS,1966,1.22132,,,
Mauritius,MUS,1967,1.22132,,,
Mauritius,MUS,1968,1.22132,,,
Mauritius,MUS,1969,1.22132,,,
Mauritius,MUS,1970,1.3505342,,0,
Mauritius,MUS,1971,1.35654,,,
Mauritius,MUS,1972,1.35654,,,
Mauritius,MUS,1973,1.35654,,,
Mauritius,MUS,1974,1.35654,,,
Mauritius,MUS,1975,1.7374917,,0,
Mauritius,MUS,1976,1.7219046,,0,
Mauritius,MUS,1977,1.8424807,,0,
Mauritius,MUS,1978,2.1540556,,0,
Mauritius,MUS,1979,2.3888497,,0,
Mauritius,MUS,1980,2.4743812,,0,
Mauritius,MUS,1981,2.5664928,,0,
Mauritius,MUS,1982,2.9702005,,0,
Mauritius,MUS,1983,3.1638277,,0,
Mauritius,MUS,1984,3.4928913,,0,
Mauritius,MUS,1985,3.859446,,0,
Mauritius,MUS,1986,4.0256853,,0,
Mauritius,MUS,1987,4.502243,,0,
Mauritius,MUS,1988,4.686798,,0,
Mauritius,MUS,1989,4.8836493,,0,
Mauritius,MUS,1990,5.1,,0.20178118,0
Mauritius,MUS,1991,5.8,,0.22639616,
Mauritius,MUS,1992,7.11,,0.26029888,
Mauritius,MUS,1993,9.44,,0.35623145,
Mauritius,MUS,1994,11.3,,0.49740183,
Mauritius,MUS,1995,12.8,,1.0114574,
Mauritius,MUS,1996,15.7,,1.7775909,0.184
Mauritius,MUS,1997,18.8,,3.5900147,0.476
Mauritius,MUS,1998,20.5,,5.058918,2.57
Mauritius,MUS,1999,21.3,,8.471703,4.65
Mauritius,MUS,2000,23.1,,14.795,7.28154
Mauritius,MUS,2001,25,,22.2235,8.7809
Mauritius,MUS,2002,25.8,0.023094,28.1611,10.2526
Mauritius,MUS,2003,28,0.0953225,37.2277,12.1871
Mauritius,MUS,2004,28.3,0.205153,43.8266,13.6891
Mauritius,MUS,2005,28.4,0.429362,52.2447,15.1722
Mauritius,MUS,2006,28.3,2.20727,61.1178,16.7
Mauritius,MUS,2007,28.4,2.76735,73.1476,20.22
Mauritius,MUS,2008,28.5,4.11969,81.0663,21.81
Mauritius,MUS,2009,29.3,5.69794,84.9704,22.51
Mauritius,MUS,2010,30.2,7.32216,92.8426,28.33
Mauritius,MUS,2011,29.1,9.1921,100.609,34.95
Mauritius,MUS,2012,27.1,10.9218,115.252,35.42
Mauritius,MUS,2013,28.1,12.5796,118.793,40.1168
Mauritius,MUS,2014,28.8,14.0866,127.863,44.8033
Mauritius,MUS,2015,29.4,15.2754,136.372,50.1393
Mauritius,MUS,2016,30.2,16.4576,140.424,52.1913
Mauritius,MUS,2017,32,19.0601,142.525,55.4032
Mauritius,MUS,2018,33.7,21.3139,148.817,58.5962
Mauritius,MUS,2019,35.7,23.883,145.117,61.73
Mauritius,MUS,2020,37.3,25.1866,149.07,67.7329
Mauritius,MUS,2021,36.7,25.7029,154.053,71.6
Mauritius,MUS,2022,36.2,26.1964,164.309,75.5
Mauritius,MUS,2023,36.4,26.9082,165.258,79.5
Mexico,MEX,1960,0.9331904,,0,
Mexico,MEX,1961,0.896037,,,
Mexico,MEX,1962,0.896037,,,
Mexico,MEX,1963,0.896037,,,
Mexico,MEX,1964,0.896037,,,
Mexico,MEX,1965,1.1580937,,0,
Mexico,MEX,1966,1.12172,,,
Mexico,MEX,1967,1.12172,,,
Mexico,MEX,1968,1.12172,,,
Mexico,MEX,1969,1.12172,,,
Mexico,MEX,1970,1.707711,,0,
Mexico,MEX,1971,1.66777,,,
Mexico,MEX,1972,1.66777,,,
Mexico,MEX,1973,1.66777,,,
Mexico,MEX,1974,1.66777,,,
Mexico,MEX,1975,2.801919,,0,
Mexico,MEX,1976,3.0592146,,0,
Mexico,MEX,1977,3.339864,,0,
Mexico,MEX,1978,3.609558,,0,
Mexico,MEX,1979,3.8757088,,0,
Mexico,MEX,1980,3.9874818,,0,
Mexico,MEX,1981,4.25209,,0,
Mexico,MEX,1982,4.410389,,0,
Mexico,MEX,1983,4.598217,,0,
Mexico,MEX,1984,4.7625165,,0,
Mexico,MEX,1985,4.947686,,0,
Mexico,MEX,1986,5.1153827,,0,
Mexico,MEX,1987,5.3159184,,0,
Mexico,MEX,1988,5.5613184,,0.001901333,
Mexico,MEX,1989,6.0413055,,0.010594046,
Mexico,MEX,1990,6.47,,0.07822524,0
Mexico,MEX,1991,7.14,,0.1930353,0.00588
Mexico,MEX,1992,7.85,,0.3678496,0.0173
Mexico,MEX,1993,8.69,,0.4456306,0.0283
Mexico,MEX,1994,9.51,,0.6445731,0.0433
Mexico,MEX,1995,9.69,,0.76527315,0.103
Mexico,MEX,1996,9.55,,1.1157751,0.2
Mexico,MEX,1997,9.84,,1.868165,0.627
Mexico,MEX,1998,10.4,,3.5344212,1.27
Mexico,MEX,1999,11.3,,8.025796,1.86
Mexico,MEX,2000,12.5,0.015209,14.2741,5.08138
Mexico,MEX,2001,13.8,0.0499505,21.736,7.03802
Mexico,MEX,2002,14.7,0.227956,25.5329,11.9
Mexico,MEX,2003,15.9,0.415981,29.2272,12.9
Mexico,MEX,2004,17.3,1.01278,36.8327,14.1
Mexico,MEX,2005,18.4,1.81677,44.5403,17.21
Mexico,MEX,2006,18.5,2.81575,51.649,19.52
Mexico,MEX,2007,18.4,4.14107,61.1904,20.81
Mexico,MEX,2008,18.6,6.82463,68.2256,21.71
Mexico,MEX,2009,17.4,8.60821,74.2802,26.34
Mexico,MEX,2010,17.5,9.31394,80.4263,31.05
Mexico,MEX,2011,17.4,10.0362,82.0725,37.1763
Mexico,MEX,2012,17.6,11.1946,86.2256,39.75
Mexico,MEX,2013,15.7,10.7719,90.2012,43.46
Mexico,MEX,2014,15.5,10.88,87.6145,44.3857
Mexico,MEX,2015,16.7,12.1892,88.9454,57.431
Mexico,MEX,2016,17,13.0256,91.3942,59.5404
Mexico,MEX,2017,16.8,13.7767,92.6494,53.0318
Mexico,MEX,2018,17.4,14.7374,96.4612,56.6596
Mexico,MEX,2019,18,15.3885,97.0359,69.6321
Mexico,MEX,2020,19.3,17.7521,96.9237,71.4902
Mexico,MEX,2021,19.6,19.2797,99.0948,75.6265
Mexico,MEX,2022,20.6,20.2861,105.713,78.6322
Mexico,MEX,2023,19.8,20.0882,111.562,81.1832
Micronesia (country),FSM,1960,,,0,
Micronesia (country),FSM,1965,,,0,
Micronesia (country),FSM,1970,,,0,
Micronesia (country),FSM,1975,,,0,
Micronesia (country),FSM,1976,,,0,
Micronesia (country),FSM,1977,,,0,
Micronesia (country),FSM,1978,,,0,
Micronesia (country),FSM,1979,,,0,
Micronesia (country),FSM,1980,,,0,
Micronesia (country),FSM,1981,,,0,
Micronesia (country),FSM,1982,,,0,
Micronesia (country),FSM,1983,1.2026024,,0,
Micronesia (country),FSM,1984,1.285903,,0,
Micronesia (country),FSM,1985,1.4437397,,0,
Micronesia (country),FSM,1986,1.4768353,,0,
Micronesia (country),FSM,1987,1.5714363,,0,
Micronesia (country),FSM,1988,1.867624,,0,
Micronesia (country),FSM,1989,2.1622794,,0,
Micronesia (country),FSM,1990,2.42,,0,0
Micronesia (country),FSM,1991,2.61,,0,
Micronesia (country),FSM,1992,2.86,,0,
Micronesia (country),FSM,1993,5.74,,0,
Micronesia (country),FSM,1994,6.61,,0,
Micronesia (country),FSM,1995,7.15,,0,
Micronesia (country),FSM,1996,7.44,,0,0.278
Micronesia (country),FSM,1997,7.57,,0,0.571
Micronesia (country),FSM,1998,8.18,,0,1.86
Micronesia (country),FSM,1999,8.83,,0,2.8
Micronesia (country),FSM,2000,8.61,,0,3.73486
Micronesia (country),FSM,2001,8.97,,0,4.66053
Micronesia (country),FSM,2002,8.99,,0.08893,5.5701
Micronesia (country),FSM,2003,9.92,0.00534355,5.22688,9.2325
Micronesia (country),FSM,2004,10.7,0.0232298,11.4201,11.0179
Micronesia (country),FSM,2005,11.2,0.0412882,12.6503,11.8814
Micronesia (country),FSM,2006,8.05,0.085795,16.8122,12.7503
Micronesia (country),FSM,2007,7.92,0.10557,24.9691,13.6211
Micronesia (country),FSM,2008,7.99,,25.2442,14.49
Micronesia (country),FSM,2009,8.06,,25.4731,15.35
Micronesia (country),FSM,2010,7.86,0.928027,25.5886,20
Micronesia (country),FSM,2011,7.8,,25.6272,22.8
Micronesia (country),FSM,2012,7.79,,28.9304,25.9744
Micronesia (country),FSM,2013,9.29,1.90805,29.0351,27.8
Micronesia (country),FSM,2014,6.48,2.8525,,29.65
Micronesia (country),FSM,2015,6.26,3.01428,20.7007,31.5011
Micronesia (country),FSM,2016,6.31,2.90534,21.4641,33.3522
Micronesia (country),FSM,2017,6.35,3.449,21.1123,35.3041
Micronesia (country),FSM,2018,,,,36.6
Micronesia (country),FSM,2019,6.35,4.53383,20.8556,38
Micronesia (country),FSM,2020,6.31,5.4095,19.8348,39.3833
Micronesia (country),FSM,2021,6.27,5.37519,19.709,
Micronesia (country),FSM,2022,5.78,5.81819,19.9886,
"Middle East, North Africa, Afghanistan and Pakistan (WB)",WB_MENAP,1960,0.7777249,,0,
"Middle East, North Africa, Afghanistan and Pakistan (WB)",WB_MENAP,1961,0.7769858,,,
"Middle East, North Africa, Afghanistan and Pakistan (WB)",WB_MENAP,1962,0.77806246,,,
"Middle East, North Africa, Afghanistan and Pakistan (WB)",WB_MENAP,1963,0.77911896,,,
"Middle East, North Africa, Afghanistan and Pakistan (WB)",WB_MENAP,1964,0.7800283,,,
"Middle East, North Africa, Afghanistan and Pakistan (WB)",WB_MENAP,1965,,,0,
"Middle East, North Africa, Afghanistan and Pakistan (WB)",WB_MENAP,1966,0.9389379,,,
"Middle East, North Africa, Afghanistan and Pakistan (WB)",WB_MENAP,1967,0.93923384,,,
"Middle East, North Africa, Afghanistan and Pakistan (WB)",WB_MENAP,1968,0.9393325,,,
"Middle East, North Africa, Afghanistan and Pakistan (WB)",WB_MENAP,1969,0.9396619,,,
"Middle East, North Africa, Afghanistan and Pakistan (WB)",WB_MENAP,1970,1.2093096,,0,
"Middle East, North Africa, Afghanistan and Pakistan (WB)",WB_MENAP,1971,1.1996814,,,
"Middle East, North Africa, Afghanistan and Pakistan (WB)",WB_MENAP,1972,1.2030017,,,
"Middle East, North Africa, Afghanistan and Pakistan (WB)",WB_MENAP,1973,1.206599,,,
"Middle East, North Africa, Afghanistan and Pakistan (WB)",WB_MENAP,1974,1.2097993,,,
"Middle East, North Africa, Afghanistan and Pakistan (WB)",WB_MENAP,1975,1.7801683,,0,
"Middle East, North Africa, Afghanistan and Pakistan (WB)",WB_MENAP,1976,1.9157628,,0,
"Middle East, North Africa, Afghanistan and Pakistan (WB)",WB_MENAP,1977,1.9907587,,0,
"Middle East, North Africa, Afghanistan and Pakistan (WB)",WB_MENAP,1978,2.0959446,,0,
"Middle East, North Africa, Afghanistan and Pakistan (WB)",WB_MENAP,1979,2.237915,,0,
"Middle East, North Africa, Afghanistan and Pakistan (WB)",WB_MENAP,1980,2.6868684,,0,
"Middle East, North Africa, Afghanistan and Pakistan (WB)",WB_MENAP,1981,2.5244079,,0,
"Middle East, North Africa, Afghanistan and Pakistan (WB)",WB_MENAP,1982,2.8384857,,0.0012644,
"Middle East, North Africa, Afghanistan and Pakistan (WB)",WB_MENAP,1983,3.0151649,,0.001874584,
"Middle East, North Africa, Afghanistan and Pakistan (WB)",WB_MENAP,1984,3.1661098,,0.002515481,
"Middle East, North Africa, Afghanistan and Pakistan (WB)",WB_MENAP,1985,3.4450026,,0.004092787,
"Middle East, North Africa, Afghanistan and Pakistan (WB)",WB_MENAP,1986,3.683992,,0.01032975,
"Middle East, North Africa, Afghanistan and Pakistan (WB)",WB_MENAP,1987,3.889157,,0.015723458,
"Middle East, North Africa, Afghanistan and Pakistan (WB)",WB_MENAP,1988,4.0871162,,0.017840521,
"Middle East, North Africa, Afghanistan and Pakistan (WB)",WB_MENAP,1989,4.27641,,0.02584076,
"Middle East, North Africa, Afghanistan and Pakistan (WB)",WB_MENAP,1990,4.526292,,0.040454812,
"Middle East, North Africa, Afghanistan and Pakistan (WB)",WB_MENAP,1991,4.807559,,0.05931056,
"Middle East, North Africa, Afghanistan and Pakistan (WB)",WB_MENAP,1992,5.2039084,,0.07079432,
"Middle East, North Africa, Afghanistan and Pakistan (WB)",WB_MENAP,1993,5.6322103,,0.09704435,
"Middle East, North Africa, Afghanistan and Pakistan (WB)",WB_MENAP,1994,6.12794,,0.14592218,
"Middle East, North Africa, Afghanistan and Pakistan (WB)",WB_MENAP,1995,6.665849,,0.3392148,
"Middle East, North Africa, Afghanistan and Pakistan (WB)",WB_MENAP,1996,7.220564,,0.6956576,
"Middle East, North Africa, Afghanistan and Pakistan (WB)",WB_MENAP,1997,7.765256,,1.1835728,
"Middle East, North Africa, Afghanistan and Pakistan (WB)",WB_MENAP,1998,8.465797,,1.6612394,
"Middle East, North Africa, Afghanistan and Pakistan (WB)",WB_MENAP,1999,9.277443,,2.406159,
"Middle East, North Africa, Afghanistan and Pakistan (WB)",WB_MENAP,2000,9.981425,,4.47937,
"Middle East, North Africa, Afghanistan and Pakistan (WB)",WB_MENAP,2001,10.799674,,7.3819995,
"Middle East, North Africa, Afghanistan and Pakistan (WB)",WB_MENAP,2002,11.906782,0.16860549,10.053949,
"Middle East, North Africa, Afghanistan and Pakistan (WB)",WB_MENAP,2003,12.928878,0.32272628,13.0443125,
"Middle East, North Africa, Afghanistan and Pakistan (WB)",WB_MENAP,2004,13.466915,,18.04816,
"Middle East, North Africa, Afghanistan and Pakistan (WB)",WB_MENAP,2005,14.8580265,0.85720795,27.742905,8.3
"Middle East, North Africa, Afghanistan and Pakistan (WB)",WB_MENAP,2006,15.576289,0.8736956,39.64104,9.6
"Middle East, North Africa, Afghanistan and Pakistan (WB)",WB_MENAP,2007,16.20775,1.2533523,54.729073,11.7
"Middle East, North Africa, Afghanistan and Pakistan (WB)",WB_MENAP,2008,16.47413,1.664676,66.160385,14.1
"Middle East, North Africa, Afghanistan and Pakistan (WB)",WB_MENAP,2009,16.289318,2.0951247,79.352264,16.1
"Middle East, North Africa, Afghanistan and Pakistan (WB)",WB_MENAP,2010,16.020483,2.5331593,88.98763,18.3
"Middle East, North Africa, Afghanistan and Pakistan (WB)",WB_MENAP,2011,16.205116,3.392851,95.417915,20.1
"Middle East, North Africa, Afghanistan and Pakistan (WB)",WB_MENAP,2012,16.148664,4.2433786,100.33006,22.4
"Middle East, North Africa, Afghanistan and Pakistan (WB)",WB_MENAP,2013,15.556958,4.525288,105.50054,25.2
"Middle East, North Africa, Afghanistan and Pakistan (WB)",WB_MENAP,2014,14.76803,5.2746,105.7914,28.7
"Middle East, North Africa, Afghanistan and Pakistan (WB)",WB_MENAP,2015,14.4,6.1,105.2,31.8
"Middle East, North Africa, Afghanistan and Pakistan (WB)",WB_MENAP,2016,14.6,6.6,104,35
"Middle East, North Africa, Afghanistan and Pakistan (WB)",WB_MENAP,2017,14.7,8.5,103.1,39.7
"Middle East, North Africa, Afghanistan and Pakistan (WB)",WB_MENAP,2018,14.8,9.2,102.2,42.3
"Middle East, North Africa, Afghanistan and Pakistan (WB)",WB_MENAP,2019,14.6,9.3,107.8,46
"Middle East, North Africa, Afghanistan and Pakistan (WB)",WB_MENAP,2020,9.9,7.09,95.4,50.6
"Middle East, North Africa, Afghanistan and Pakistan (WB)",WB_MENAP,2021,9.8,7.92,98.3,54.2
"Middle East, North Africa, Afghanistan and Pakistan (WB)",WB_MENAP,2022,9.9,8.53,101.5,57.8
"Middle East, North Africa, Afghanistan and Pakistan (WB)",WB_MENAP,2023,10,8.94,102.4,59.5
"Middle East, North Africa, Afghanistan and Pakistan (WB)",WB_MENAP,2024,10.1,9.29,104.6,61.5
"Middle East, North Africa, Afghanistan and Pakistan (WB)",WB_MENAP,2025,10.2,9.69,107.1,63.7
Moldova,MDA,1960,0.65426916,,0,
Moldova,MDA,1961,0.682321,,,
Moldova,MDA,1962,0.682321,,,
Moldova,MDA,1963,0.682321,,,
Moldova,MDA,1964,0.682321,,,
Moldova,MDA,1965,0.80533916,,0,
Moldova,MDA,1966,0.83918,,,
Moldova,MDA,1967,0.83918,,,
Moldova,MDA,1968,0.83918,,,
Moldova,MDA,1969,0.83918,,,
Moldova,MDA,1970,1.3957705,,0,
Moldova,MDA,1971,1.44064,,,
Moldova,MDA,1972,1.44064,,,
Moldova,MDA,1973,1.44064,,,
Moldova,MDA,1974,1.44064,,,
Moldova,MDA,1975,3.4829948,,0,
Moldova,MDA,1976,3.9706233,,0,
Moldova,MDA,1977,4.416022,,0,
Moldova,MDA,1978,4.766291,,0,
Moldova,MDA,1979,5.1259875,,0,
Moldova,MDA,1980,5.5100117,,0,
Moldova,MDA,1981,5.797541,,0,
Moldova,MDA,1982,6.124861,,0,
Moldova,MDA,1983,6.3886466,,0,
Moldova,MDA,1984,6.7202635,,0,
Moldova,MDA,1985,7.2004642,,0,
Moldova,MDA,1986,7.6472106,,0,
Moldova,MDA,1987,8.237017,,0,
Moldova,MDA,1988,8.919078,,0,
Moldova,MDA,1989,9.570828,,0,
Moldova,MDA,1990,10.4,,0,0
Moldova,MDA,1991,11.1,,0,
Moldova,MDA,1992,11.5,,0,
Moldova,MDA,1993,11.8,,0,
Moldova,MDA,1994,12.3,,0,0.000825
Moldova,MDA,1995,12.8,,0.000313815,0.00346
Moldova,MDA,1996,13.5,,0.02076658,0.00464
Moldova,MDA,1997,14.4,,0.05007067,0.0281
Moldova,MDA,1998,15.2,,0.16078891,0.261
Moldova,MDA,1999,13,,0.41822165,0.601
Moldova,MDA,2000,13.8,,3.2822,1.28285
Moldova,MDA,2001,15.3,0.00570437,5.37022,1.48781
Moldova,MDA,2002,17.4,0.0100895,8.16391,3.78724
Moldova,MDA,2003,19.3,0.0145773,11.6213,7.40754
Moldova,MDA,2004,21.3,0.0600247,19.4481,10.6294
Moldova,MDA,2005,23.3,0.260613,27.3224,14.6303
Moldova,MDA,2006,26,0.555732,34.6351,19.6206
Moldova,MDA,2007,28,1.37109,48.8869,20.45
Moldova,MDA,2008,29.5,3.04873,64.1199,23.39
Moldova,MDA,2009,30.7,5.06353,57.644,27.5
Moldova,MDA,2010,32,7.45475,70.2257,29.68
Moldova,MDA,2011,33.2,10.0168,90.442,32.07
Moldova,MDA,2012,34.6,12.0173,102.919,34.65
Moldova,MDA,2013,35.8,13.7695,108.452,37.44
Moldova,MDA,2014,36.4,15.233,111.829,67
Moldova,MDA,2015,36.6,16.257,112.959,69
Moldova,MDA,2016,36.2,17.2155,117.008,71
Moldova,MDA,2017,35.8,18.2975,117.321,49.9
Moldova,MDA,2018,35.1,19.7584,115.32,50.3
Moldova,MDA,2019,34.4,21.5427,116.105,57.7605
Moldova,MDA,2020,33.5,23.4269,111.445,58.2153
Moldova,MDA,2021,33.1,25.2113,128.984,74.495
Moldova,MDA,2022,31.3,26.3178,137.183,76.7412
Moldova,MDA,2023,27.6,27.4209,130.772,80.2126
Monaco,MCO,1960,16.790531,,0,
Monaco,MCO,1961,16.3014,,,
Monaco,MCO,1962,16.3014,,,
Monaco,MCO,1963,16.3014,,,
Monaco,MCO,1964,16.3014,,,
Monaco,MCO,1965,26.062027,,0,
Monaco,MCO,1966,25.771,,,
Monaco,MCO,1967,25.771,,,
Monaco,MCO,1968,25.771,,,
Monaco,MCO,1969,25.771,,,
Monaco,MCO,1970,30.90235,,0,
Monaco,MCO,1971,31.9366,,,
Monaco,MCO,1972,31.9366,,,
Monaco,MCO,1973,31.9366,,,
Monaco,MCO,1974,31.9366,,,
Monaco,MCO,1975,39.178814,,0,
Monaco,MCO,1976,46.335625,,0,
Monaco,MCO,1977,48.77677,,0,
Monaco,MCO,1978,50.463207,,0,
Monaco,MCO,1979,51.799953,,0,
Monaco,MCO,1980,53.922295,,0,
Monaco,MCO,1981,56.07682,,0,
Monaco,MCO,1982,59.115803,,0,
Monaco,MCO,1983,63.24817,,0,
Monaco,MCO,1984,66.5329,,0,
Monaco,MCO,1985,72.20467,,0,
Monaco,MCO,1986,71.9893,,0,
Monaco,MCO,1987,72.881355,,0,
Monaco,MCO,1988,74.1561,,0,
Monaco,MCO,1989,76.46785,,0,
Monaco,MCO,1990,80.4,,0,0
Monaco,MCO,1991,85,,0,
Monaco,MCO,1992,94.3,,0,
Monaco,MCO,1993,95.8,,3.7068076,
Monaco,MCO,1994,97,,8.188014,
Monaco,MCO,1995,98.2,,9.545136,
Monaco,MCO,1996,99.5,,17.024496,
Monaco,MCO,1997,97.3,,22.522522,
Monaco,MCO,1998,93.6,,35.623585,
Monaco,MCO,1999,91.9,,40.37785,
Monaco,MCO,2000,92.3,2.46495,42.9117,42.1849
Monaco,MCO,2001,91.4,8.19182,44.078,46.6461
Monaco,MCO,2002,104,15.1255,45.8763,48.0471
Monaco,MCO,2003,103,20.186,46.5837,49.4912
Monaco,MCO,2004,105,23.5429,48.751,52.4902
Monaco,MCO,2005,106,29.4939,53.3716,55.4648
Monaco,MCO,2006,107,34.3139,57.1077,61.476
Monaco,MCO,2007,109,38.6343,64.0764,64.3777
Monaco,MCO,2008,110,40.8343,69.1042,67.25
Monaco,MCO,2009,133,41.404,71.0666,70.1
Monaco,MCO,2010,129,41.6126,70.6028,75
Monaco,MCO,2011,131,46.898,93.6458,80.3
Monaco,MCO,2012,132,46.8382,95.6325,87
Monaco,MCO,2013,132,47.6655,100.048,90.7
Monaco,MCO,2014,140,49.2693,93.2103,92.4
Monaco,MCO,2015,134,49.9333,92.5538,93.3633
Monaco,MCO,2016,125,49.9356,89.3256,95.2082
Monaco,MCO,2017,125,51.1121,87.5259,97.053
Monaco,MCO,2018,114,51.5909,85.6765,
Monaco,MCO,2019,116,53.7301,88.6484,83.3397
Monaco,MCO,2020,115,54.8673,93.2589,98.5709
Monaco,MCO,2021,118,54.9173,97.1423,99.0776
Monaco,MCO,2022,110,55.2285,100.062,99.1497
Monaco,MCO,2023,111,55.8836,104.061,99.1497
Mongolia,MNG,1960,,,0,
Mongolia,MNG,1965,,,0,
Mongolia,MNG,1970,,,0,
Mongolia,MNG,1975,,,0,
Mongolia,MNG,1976,,,0,
Mongolia,MNG,1977,,,0,
Mongolia,MNG,1978,,,0,
Mongolia,MNG,1979,,,0,
Mongolia,MNG,1980,,,0,
Mongolia,MNG,1981,,,0,
Mongolia,MNG,1982,2.407794,,0,
Mongolia,MNG,1983,2.4647095,,0,
Mongolia,MNG,1984,2.5111506,,0,
Mongolia,MNG,1985,2.5524237,,0,
Mongolia,MNG,1986,2.5889482,,0,
Mongolia,MNG,1987,2.6218128,,0,
Mongolia,MNG,1988,2.6521733,,0,
Mongolia,MNG,1989,2.6876333,,0,
Mongolia,MNG,1990,3.07,,0,0
Mongolia,MNG,1991,3.11,,0,
Mongolia,MNG,1992,3.09,,0,
Mongolia,MNG,1993,2.92,,0,
Mongolia,MNG,1994,3,,0,
Mongolia,MNG,1995,3.33,,0,0.00881
Mongolia,MNG,1996,3.54,,0.0381836,0.0182
Mongolia,MNG,1997,3.65,,0.08397113,0.113
Mongolia,MNG,1998,4.28,,0.37552783,0.146
Mongolia,MNG,1999,4.25,,1.4231901,0.508
Mongolia,MNG,2000,4.79,,6.29689,1.25565
Mongolia,MNG,2001,5.02,0.00197764,7.8702,1.65324
Mongolia,MNG,2002,5.12,0.00359989,8.63974,2.03957
Mongolia,MNG,2003,5.48,0.0198271,12.6497,
Mongolia,MNG,2004,5.74,0.0353942,16.8592,
Mongolia,MNG,2005,6.09,0.0702176,21.7365,
Mongolia,MNG,2006,7.55,0.135409,29.9796,
Mongolia,MNG,2007,7.03,0.283554,45.8052,9
Mongolia,MNG,2008,7.61,1.23382,66.9284,9.8
Mongolia,MNG,2009,7.09,1.50364,84.3808,10
Mongolia,MNG,2010,7.15,2.84092,92.9208,10.2
Mongolia,MNG,2011,6.83,3.42608,107.181,12.5
Mongolia,MNG,2012,6.32,3.94086,120.739,16.4
Mongolia,MNG,2013,6.16,4.89954,100.901,17.7
Mongolia,MNG,2014,7.84,6.77118,103.92,19.9424
Mongolia,MNG,2015,8.59,6.98959,103.078,22.5
Mongolia,MNG,2016,7.41,7.43706,110.746,22.2658
Mongolia,MNG,2017,9.43,9.18362,125.184,23.7143
Mongolia,MNG,2018,11.7,9.66655,133.284,47.13
Mongolia,MNG,2019,10.9,9.83638,136.719,51.08
Mongolia,MNG,2020,10,9.34756,132.61,62.5
Mongolia,MNG,2021,12,11.393,140.352,81.6068
Mongolia,MNG,2022,14,12.9008,142.809,82.1725
Mongolia,MNG,2023,15.3,14.5529,141.085,83.0162
Montenegro,MNE,2004,,,76.3334,25.3501
Montenegro,MNE,2005,27,1.2089,85.6746,27.1
Montenegro,MNE,2006,26.5,,101.548,28.9
Montenegro,MNE,2007,27.8,2.81853,142.095,30.8
Montenegro,MNE,2008,27.5,6.281,182.988,32.9
Montenegro,MNE,2009,27.2,9.381,204.631,35.1
Montenegro,MNE,2010,27,10.2304,185.101,37.5
Montenegro,MNE,2011,27,10.2281,183.204,35.6115
Montenegro,MNE,2012,26.8,13.8536,156.402,56.8388
Montenegro,MNE,2013,26.7,15.117,156.964,60.31
Montenegro,MNE,2014,26.1,16.4503,160.49,63.8869
Montenegro,MNE,2015,24.6,17.893,160.455,68.1198
Montenegro,MNE,2016,23.7,18.3978,166.72,69.8816
Montenegro,MNE,2017,24.5,22.1614,168.465,71.2723
Montenegro,MNE,2018,28.1,25.825,184.219,71.5171
Montenegro,MNE,2019,30.8,29.2285,188.174,73.4767
Montenegro,MNE,2020,31.5,30.2953,177.665,77.6088
Montenegro,MNE,2021,31.4,31.1809,185.488,82.2197
Montenegro,MNE,2022,31,31.8922,207.278,88.2219
Montenegro,MNE,2023,30,32.0155,207.238,89.8052
Montenegro,MNE,2024,,,,88.8826
Morocco,MAR,1960,0.6382755,,0,
Morocco,MAR,1961,0.638276,,,
Morocco,MAR,1962,0.638276,,,
Morocco,MAR,1963,0.638276,,,
Morocco,MAR,1964,0.638276,,,
Morocco,MAR,1965,0.59029543,,0,
Morocco,MAR,1966,0.590295,,,
Morocco,MAR,1967,0.590295,,,
Morocco,MAR,1968,0.590295,,,
Morocco,MAR,1969,0.590295,,,
Morocco,MAR,1970,0.5685819,,0,
Morocco,MAR,1971,0.568582,,,
Morocco,MAR,1972,0.568582,,,
Morocco,MAR,1973,0.568582,,,
Morocco,MAR,1974,0.568582,,,
Morocco,MAR,1975,0.6181107,,0,
Morocco,MAR,1976,0.6758671,,0,
Morocco,MAR,1977,0.73039377,,0,
Morocco,MAR,1978,0.7817513,,0,
Morocco,MAR,1979,0.789058,,0,
Morocco,MAR,1980,0.8354172,,0,
Morocco,MAR,1981,0.866223,,0,
Morocco,MAR,1982,0.91231376,,0,
Morocco,MAR,1983,0.93720025,,0,
Morocco,MAR,1984,0.97906876,,0,
Morocco,MAR,1985,1.0686778,,0,
Morocco,MAR,1986,1.0952277,,0,
Morocco,MAR,1987,1.1352588,,0.000255894,
Morocco,MAR,1988,1.1985353,,0.000439265,
Morocco,MAR,1989,1.3737816,,0.00287408,
Morocco,MAR,1990,1.65,,0.003644065,0
Morocco,MAR,1991,2,,0.005938147,
Morocco,MAR,1992,2.59,,0.012511957,
Morocco,MAR,1993,3.23,,0.025711901,
Morocco,MAR,1994,3.87,,0.051887423,
Morocco,MAR,1995,4.27,,0.109323286,0.00371
Morocco,MAR,1996,4.51,,0.15681721,0.00568
Morocco,MAR,1997,4.78,,0.26832336,0.0216
Morocco,MAR,1998,5.04,,0.41495255,0.142
Morocco,MAR,1999,5.25,,1.2973727,0.176
Morocco,MAR,2000,5.01,,8.23968,0.693791
Morocco,MAR,2001,4.13,,16.5601,1.37144
Morocco,MAR,2002,3.86,0.00684975,21.2297,2.37325
Morocco,MAR,2003,4.12,0.00917102,24.8885,3.35337
Morocco,MAR,2004,4.37,0.215871,31.1717,11.6079
Morocco,MAR,2005,4.42,0.820663,40.822,15.0844
Morocco,MAR,2006,4.11,1.27345,52.0121,19.7712
Morocco,MAR,2007,7.68,1.53066,64.2243,21.5
Morocco,MAR,2008,9.46,1.56051,72.1861,33.1
Morocco,MAR,2009,11,1.49701,79.0201,41.3
Morocco,MAR,2010,11.5,1.55388,98.507,52
Morocco,MAR,2011,10.8,1.80845,111.064,46.1075
Morocco,MAR,2012,9.83,2.06726,116.972,55.4161
Morocco,MAR,2013,8.66,2.49778,125.56,56
Morocco,MAR,2014,7.27,2.90442,128.972,56.7746
Morocco,MAR,2015,6.42,3.31584,124.48,57.08
Morocco,MAR,2016,5.91,3.58453,118.532,58.2712
Morocco,MAR,2017,5.77,3.89001,123.894,61.7622
Morocco,MAR,2018,6.14,4.33206,124.828,64.8039
Morocco,MAR,2019,5.67,4.8365,128.875,84.1204
Morocco,MAR,2020,6.44,5.74683,135.088,84.1204
Morocco,MAR,2021,6.8,6.14618,138.911,88.1303
Morocco,MAR,2022,7.09,6.4715,141.87,89.9
Morocco,MAR,2023,7.62,7.02184,148.155,91
Mozambique,MOZ,1960,0.13851622,,0,
Mozambique,MOZ,1961,0.130872,,,
Mozambique,MOZ,1962,0.130872,,,
Mozambique,MOZ,1963,0.130872,,,
Mozambique,MOZ,1964,0.130872,,,
Mozambique,MOZ,1965,0.22593902,,0,
Mozambique,MOZ,1966,0.211463,,,
Mozambique,MOZ,1967,0.211463,,,
Mozambique,MOZ,1968,0.211463,,,
Mozambique,MOZ,1969,0.211463,,,
Mozambique,MOZ,1970,0.2853177,,0,
Mozambique,MOZ,1971,0.265995,,,
Mozambique,MOZ,1972,0.265995,,,
Mozambique,MOZ,1973,0.265995,,,
Mozambique,MOZ,1974,0.265995,,,
Mozambique,MOZ,1975,0.32049525,,0,
Mozambique,MOZ,1976,0.29643056,,0,
Mozambique,MOZ,1977,0.2721069,,0,
Mozambique,MOZ,1978,0.27278328,,0,
Mozambique,MOZ,1979,0.27498588,,0,
Mozambique,MOZ,1980,0.28912905,,0,
Mozambique,MOZ,1981,0.30412328,,0,
Mozambique,MOZ,1982,0.30645716,,0,
Mozambique,MOZ,1983,0.30303383,,0,
Mozambique,MOZ,1984,0.3022479,,0,
Mozambique,MOZ,1985,0.30230132,,0,
Mozambique,MOZ,1986,0.30860284,,0,
Mozambique,MOZ,1987,0.30986995,,0,
Mozambique,MOZ,1988,0.31478518,,0,
Mozambique,MOZ,1989,0.31539768,,0,
Mozambique,MOZ,1990,0.362,,0,0
Mozambique,MOZ,1991,0.396,,0,
Mozambique,MOZ,1992,0.412,,0,
Mozambique,MOZ,1993,0.395,,0,
Mozambique,MOZ,1994,0.382,,0,
Mozambique,MOZ,1995,0.375,,0,
Mozambique,MOZ,1996,0.371,,0,0.00304
Mozambique,MOZ,1997,0.387,,0.015131593,0.0118
Mozambique,MOZ,1998,0.435,,0.03973836,0.0202
Mozambique,MOZ,1999,0.44,,0.070614114,0.0563
Mozambique,MOZ,2000,0.473,,0.281666,0.109593
Mozambique,MOZ,2001,0.471,,0.823467,0.160032
Mozambique,MOZ,2002,0.461,,1.34378,0.259613
Mozambique,MOZ,2003,0.4,,2.24704,0.419539
Mozambique,MOZ,2004,0.379,,3.56849,0.679448
Mozambique,MOZ,2005,0.325,,7.40692,0.854357
Mozambique,MOZ,2006,0.338,0.0105883,11.2537,0.842954
Mozambique,MOZ,2007,0.366,0.0299094,14.4675,0.91
Mozambique,MOZ,2008,0.359,0.0510334,20.1888,1.56
Mozambique,MOZ,2009,0.368,0.0613976,26.6651,2.68
Mozambique,MOZ,2010,0.383,0.0753199,31.4105,4.17
Mozambique,MOZ,2011,0.373,0.11998,33.2163,4.6
Mozambique,MOZ,2012,0.362,0.120956,36.1782,5
Mozambique,MOZ,2013,0.31,0.11517,49.503,5.5
Mozambique,MOZ,2014,0.337,0.143417,71.6701,6
Mozambique,MOZ,2015,0.336,0.160354,75.8447,6.5
Mozambique,MOZ,2016,0.301,0.170461,54.9641,7
Mozambique,MOZ,2017,0.286,0.218846,42.162,7.79633
Mozambique,MOZ,2018,0.217,0.241714,48.5007,10.9
Mozambique,MOZ,2019,0.27,0.234152,49.4351,12.4793
Mozambique,MOZ,2020,0.289,0.227393,50.2319,14.2874
Mozambique,MOZ,2021,0.188,0.206558,43.1636,16.3576
Mozambique,MOZ,2022,0.089,0.197785,45.8178,18.7913
Mozambique,MOZ,2023,,,,19.8434
Myanmar,MMR,1960,0.0528344,,0,
Myanmar,MMR,1961,0.0527949,,,
Myanmar,MMR,1962,0.0527949,,,
Myanmar,MMR,1963,0.0527949,,,
Myanmar,MMR,1964,0.0527949,,,
Myanmar,MMR,1965,0.07246712,,0,
Myanmar,MMR,1966,0.0725493,,,
Myanmar,MMR,1967,0.0725493,,,
Myanmar,MMR,1968,0.0725493,,,
Myanmar,MMR,1969,0.0725493,,,
Myanmar,MMR,1970,0.07586833,,0,
Myanmar,MMR,1971,0.0759102,,,
Myanmar,MMR,1972,0.0759102,,,
Myanmar,MMR,1973,0.0759102,,,
Myanmar,MMR,1974,0.0759102,,,
Myanmar,MMR,1975,0.083706066,,0,
Myanmar,MMR,1976,0.083706684,,0,
Myanmar,MMR,1977,0.083981425,,0,
Myanmar,MMR,1978,0.08450984,,0,
Myanmar,MMR,1979,0.08591856,,0,
Myanmar,MMR,1980,,,0,
Myanmar,MMR,1981,,,0,
Myanmar,MMR,1982,0.112254165,,0,
Myanmar,MMR,1983,0.11933629,,0,
Myanmar,MMR,1984,0.11891646,,0,
Myanmar,MMR,1985,0.12882507,,0,
Myanmar,MMR,1986,0.15794332,,0,
Myanmar,MMR,1987,0.17152645,,0,
Myanmar,MMR,1988,0.17162327,,0,
Myanmar,MMR,1989,0.16970623,,0,
Myanmar,MMR,1990,0.176,,0,0
Myanmar,MMR,1991,0.213,,0,
Myanmar,MMR,1992,0.242,,0,
Myanmar,MMR,1993,0.283,,0.001538708,
Myanmar,MMR,1994,0.327,,0.004535028,
Myanmar,MMR,1995,0.37,,0.006450532,
Myanmar,MMR,1996,0.414,,0.016719108,
Myanmar,MMR,1997,0.488,,0.019312268,
Myanmar,MMR,1998,0.518,,0.019130122,
Myanmar,MMR,1999,0.556,,0.025285494,0.000152
Myanmar,MMR,2000,0.599,,0.0295799,
Myanmar,MMR,2001,0.645,,0.0495312,0.000289277
Myanmar,MMR,2002,0.74,,0.103784,0.000426494
Myanmar,MMR,2003,0.778,,0.142535,0.0240641
Myanmar,MMR,2004,0.903,,0.196419,0.0243374
Myanmar,MMR,2005,1.06,0.000512244,0.271299,0.0652389
Myanmar,MMR,2006,1.2,0.00828919,0.448286,0.182048
Myanmar,MMR,2007,0.964,0.0134358,0.514578,0.217128
Myanmar,MMR,2008,1.04,0.0206548,0.759211,0.22
Myanmar,MMR,2009,0.913,0.0477595,1.03165,0.22
Myanmar,MMR,2010,1.01,0.0468134,1.21164,0.25
Myanmar,MMR,2011,1.06,0.0443102,2.51644,0.98
Myanmar,MMR,2012,1.05,,7.48356,1.4
Myanmar,MMR,2013,1.06,,13.5934,1.8
Myanmar,MMR,2014,1.04,,57.2778,7.4
Myanmar,MMR,2015,1.01,0.0644385,80.2397,10.9
Myanmar,MMR,2016,0.999,0.174162,98.2343,16
Myanmar,MMR,2017,1.07,0.214986,92.3918,23.6211
Myanmar,MMR,2018,0.996,0.246881,116.972,29.379
Myanmar,MMR,2019,0.993,0.922961,155.669,36.5405
Myanmar,MMR,2020,0.988,1.29925,148.158,45.4477
Myanmar,MMR,2021,0.978,1.67276,127.241,56.5261
Myanmar,MMR,2022,0.996,2.09695,107.535,58.0112
Myanmar,MMR,2023,1.09,2.7983,121.028,58.5357
Namibia,NAM,1960,1.863835,,0,
Namibia,NAM,1961,1.73463,,,
Namibia,NAM,1962,1.73463,,,
Namibia,NAM,1963,1.73463,,,
Namibia,NAM,1964,1.73463,,,
Namibia,NAM,1965,2.280027,,0,
Namibia,NAM,1966,2.09326,,,
Namibia,NAM,1967,2.09326,,,
Namibia,NAM,1968,2.09326,,,
Namibia,NAM,1969,2.09326,,,
Namibia,NAM,1970,2.5183308,,0,
Namibia,NAM,1971,2.32425,,,
Namibia,NAM,1972,2.32425,,,
Namibia,NAM,1973,2.32425,,,
Namibia,NAM,1974,2.32425,,,
Namibia,NAM,1975,2.7379382,,0,
Namibia,NAM,1976,2.7721105,,0,
Namibia,NAM,1977,2.8074448,,0,
Namibia,NAM,1978,2.866172,,0,
Namibia,NAM,1979,2.924789,,0,
Namibia,NAM,1980,2.9713297,,0,
Namibia,NAM,1981,3.342131,,0,
Namibia,NAM,1982,3.779139,,0,
Namibia,NAM,1983,4.1622906,,0,
Namibia,NAM,1984,4.1431456,,0,
Namibia,NAM,1985,4.1159377,,0,
Namibia,NAM,1986,4.078054,,0,
Namibia,NAM,1987,4.0328465,,0,
Namibia,NAM,1988,4.037339,,0,
Namibia,NAM,1989,3.9336371,,0,
Namibia,NAM,1990,3.87,,0,0
Namibia,NAM,1991,4.02,,0,
Namibia,NAM,1992,4.17,,0,
Namibia,NAM,1993,4.42,,0,
Namibia,NAM,1994,4.48,,0,
Namibia,NAM,1995,4.9,,0.21801828,0.00617
Namibia,NAM,1996,5.2,,0.40265056,0.00903
Namibia,NAM,1997,5.91,,0.7382288,0.0588
Namibia,NAM,1998,6.11,,1.1233023,0.287
Namibia,NAM,1999,6.09,,1.6870263,0.336
Namibia,NAM,2000,6.06,,4.50885,1.64474
Namibia,NAM,2001,6.32,,5.74029,2.41698
Namibia,NAM,2002,6.42,,7.93663,2.6337
Namibia,NAM,2003,6.64,,11.6649,3.35984
Namibia,NAM,2004,6.59,,14.7314,3.80472
Namibia,NAM,2005,7.07,0.00681385,22.8242,4.01005
Namibia,NAM,2006,6.84,0.00994032,30.5663,4.39887
Namibia,NAM,2007,6.84,0.0126821,39.6448,4.83561
Namibia,NAM,2008,7.1,0.0156322,51.3909,5.329
Namibia,NAM,2009,7.16,0.0229615,78.5396,6.5
Namibia,NAM,2010,7.44,0.447196,92.4288,11.6
Namibia,NAM,2011,7.41,0.820472,102.244,12
Namibia,NAM,2012,7.8,1.09598,97.821,12.9414
Namibia,NAM,2013,8.15,1.58668,121.106,13.9
Namibia,NAM,2014,7.9,1.78242,115.52,14.84
Namibia,NAM,2015,7.69,2.96542,107.392,25.6879
Namibia,NAM,2016,7.7,2.63786,109.05,31.0333
Namibia,NAM,2017,7.7,2.62397,106.915,36.8374
Namibia,NAM,2018,5.5,2.43865,107.06,42.8
Namibia,NAM,2019,5.28,2.60178,106.533,49.8
Namibia,NAM,2020,5.14,2.88695,106.207,57.8608
Namibia,NAM,2021,3.27,3.17813,103.727,60.26
Namibia,NAM,2022,2.97,3.29191,100.558,61.1485
Namibia,NAM,2023,2.74,3.52007,87.6761,64.4061
Nauru,NRU,1960,,,0,
Nauru,NRU,1965,,,0,
Nauru,NRU,1970,,,0,
Nauru,NRU,1975,16.671297,,0,
Nauru,NRU,1976,20.53107,,0,
Nauru,NRU,1977,20.161291,,0,
Nauru,NRU,1978,21.217344,,0,
Nauru,NRU,1979,21.091484,,0,
Nauru,NRU,1980,,,0,
Nauru,NRU,1981,15.602653,,0,
Nauru,NRU,1982,15.641293,,0,
Nauru,NRU,1983,15.321757,,0,
Nauru,NRU,1984,14.769231,,0,
Nauru,NRU,1985,14.435222,,0,
Nauru,NRU,1986,14.072945,,0,
Nauru,NRU,1987,13.700194,,0,
Nauru,NRU,1988,13.07914,,0,
Nauru,NRU,1989,12.894906,,0,
Nauru,NRU,1990,12.5,,0,0
Nauru,NRU,1991,12.2,,0,
Nauru,NRU,1992,12,,0,
Nauru,NRU,1993,13.9,,1.4668492,
Nauru,NRU,1994,14.8,,4.379988,
Nauru,NRU,1995,15.2,,4.84684,
Nauru,NRU,1996,15.7,,5.7999034,
Nauru,NRU,1997,16.2,,7.2372866,
Nauru,NRU,1998,16.7,,8.191981,
Nauru,NRU,1999,17.2,,9.631127,
Nauru,NRU,2000,17.7,,11.8017,
Nauru,NRU,2001,18.3,,14.8075,2.98716
Nauru,NRU,2002,17.9,,,
Nauru,NRU,2003,17.9,,,
Nauru,NRU,2004,17.9,,,
Nauru,NRU,2005,17.9,,,
Nauru,NRU,2006,17.9,,,
Nauru,NRU,2007,18,,,
Nauru,NRU,2008,18,,,
Nauru,NRU,2009,19,,,
Nauru,NRU,2010,0,9.45932,61.7345,
Nauru,NRU,2011,0,,66.3498,54
Nauru,NRU,2012,0,,66.2316,
Nauru,NRU,2013,0,,,
Nauru,NRU,2014,0,,,
Nauru,NRU,2015,,,85.8134,
Nauru,NRU,2016,,,88.7892,
Nauru,NRU,2017,,,88.308,62.3851
Nauru,NRU,2019,,,86.3036,74.7379
Nauru,NRU,2020,,,85.8885,81.6554
Nauru,NRU,2021,,,85.4044,
Nauru,NRU,2022,0,9.95678,87.1706,
Nepal,NPL,1960,,,0,
Nepal,NPL,1965,,,0,
Nepal,NPL,1970,,,0,
Nepal,NPL,1975,0.05098545,,0,
Nepal,NPL,1976,0.05410823,,0,
Nepal,NPL,1977,0.05910478,,0,
Nepal,NPL,1978,0.06111989,,0,
Nepal,NPL,1979,0.06693544,,0,
Nepal,NPL,1980,0.073074855,,0,
Nepal,NPL,1981,0.08015133,,0,
Nepal,NPL,1982,0.087415986,,0,
Nepal,NPL,1983,0.0985385,,0,
Nepal,NPL,1984,0.10846122,,0,
Nepal,NPL,1985,0.11796081,,0,
Nepal,NPL,1986,0.14495237,,0,
Nepal,NPL,1987,0.16590452,,0,
Nepal,NPL,1988,0.20298338,,0,
Nepal,NPL,1989,0.2374344,,0,
Nepal,NPL,1990,0.294,,0,0
Nepal,NPL,1991,0.324,,0,0
Nepal,NPL,1992,0.334,,0,0
Nepal,NPL,1993,0.343,,0,0
Nepal,NPL,1994,0.348,,0,0
Nepal,NPL,1995,0.376,,0,0.000925
Nepal,NPL,1996,0.495,,0,0.00451
Nepal,NPL,1997,0.603,,0,0.022
Nepal,NPL,1998,0.88,,0,0.0644
Nepal,NPL,1999,1.05,,0.022780782,0.147
Nepal,NPL,2000,1.09,,0.0416597,0.204652
Nepal,NPL,2001,1.19,,0.0692916,0.240015
Nepal,NPL,2002,1.29,,0.0863872,0.312956
Nepal,NPL,2003,1.45,,0.318688,0.382811
Nepal,NPL,2004,1.61,,0.448859,0.449844
Nepal,NPL,2005,1.84,,0.864009,0.826551
Nepal,NPL,2006,2.3,0.00362501,4.35567,1.14139
Nepal,NPL,2007,2.62,0.0409019,12.2026,1.41
Nepal,NPL,2008,2.98,0.0444609,15.5613,1.73
Nepal,NPL,2009,2.99,0.0628491,20.6009,1.97
Nepal,NPL,2010,3.08,0.22009,33.6317,7.93
Nepal,NPL,2011,3.08,0.344649,48.6245,9
Nepal,NPL,2012,3.02,0.837548,60.3184,11.1493
Nepal,NPL,2013,3.01,1.12888,77.4277,13.3
Nepal,NPL,2014,3.03,0.905604,83.1925,15.44
Nepal,NPL,2015,3.04,1.08794,98.8946,17.5816
Nepal,NPL,2016,3.07,0.801933,114.898,20.7
Nepal,NPL,2017,3.07,1.79644,128.864,24.3
Nepal,NPL,2018,2.85,2.82041,139.526,28.6
Nepal,NPL,2019,2.68,3.62848,136.186,33.3366
Nepal,NPL,2020,2.51,4.38436,131.921,38.8576
Nepal,NPL,2021,2.46,4.30873,129.645,45.293
Nepal,NPL,2022,2.5,4.83217,133.273,53.8878
Nepal,NPL,2023,,,,55.7716
Netherlands,NLD,1960,9.080706,,0,
Netherlands,NLD,1961,9.11584,,,
Netherlands,NLD,1962,9.11584,,,
Netherlands,NLD,1963,9.11584,,,
Netherlands,NLD,1964,9.11584,,,
Netherlands,NLD,1965,12.251756,,0,
Netherlands,NLD,1966,12.2792,,,
Netherlands,NLD,1967,12.2792,,,
Netherlands,NLD,1968,12.2792,,,
Netherlands,NLD,1969,12.2792,,,
Netherlands,NLD,1970,16.8895,,0,
Netherlands,NLD,1971,16.9359,,,
Netherlands,NLD,1972,16.9359,,,
Netherlands,NLD,1973,16.9359,,,
Netherlands,NLD,1974,16.9359,,,
Netherlands,NLD,1975,24.410915,,0,
Netherlands,NLD,1976,26.250513,,0,
Netherlands,NLD,1977,28.38426,,0,
Netherlands,NLD,1978,30.68159,,0,
Netherlands,NLD,1979,32.797054,,0,
Netherlands,NLD,1980,34.62113,,0,
Netherlands,NLD,1981,35.894955,,0,
Netherlands,NLD,1982,37.00897,,0,
Netherlands,NLD,1983,38.010677,,0,
Netherlands,NLD,1984,39.07373,,,
Netherlands,NLD,1985,40.115173,,0.033067636,
Netherlands,NLD,1986,41.31566,,0.10484816,
Netherlands,NLD,1987,42.479538,,0.16490293,
Netherlands,NLD,1988,43.80071,,0.22354212,
Netherlands,NLD,1989,45.049824,,0.37709865,
Netherlands,NLD,1990,46.2,,0.5286209,0.334
Netherlands,NLD,1991,47.3,,0.7642931,0.531
Netherlands,NLD,1992,48.4,,1.0956601,1.32
Netherlands,NLD,1993,49.6,,1.4162925,1.97
Netherlands,NLD,1994,50.8,,2.0912764,3.26
Netherlands,NLD,1995,52.2,,3.4894257,6.47
Netherlands,NLD,1996,53.9,,6.538549,9.65
Netherlands,NLD,1997,56.3,,10.985352,14.1
Netherlands,NLD,1998,59,0.48020065,21.313276,22.2
Netherlands,NLD,1999,60.3,,42.65907,39.2
Netherlands,NLD,2000,61.6,1.61905,66.9728,43.9844
Netherlands,NLD,2001,50.4,2.88085,75.3891,49.3731
Netherlands,NLD,2002,49.3,7.18911,74.2876,61.29
Netherlands,NLD,2003,47.9,12.1465,80.6505,64.35
Netherlands,NLD,2004,47.9,19.5184,90.1034,68.52
Netherlands,NLD,2005,46.2,24.9002,96.1635,81
Netherlands,NLD,2006,45.2,31.4796,104.863,83.7
Netherlands,NLD,2007,44.8,33.3124,116.657,85.82
Netherlands,NLD,2008,44.1,34.9757,124.28,87.42
Netherlands,NLD,2009,43.5,36.7355,120.767,89.63
Netherlands,NLD,2010,43.1,37.7372,114.357,90.72
Netherlands,NLD,2011,42.3,38.5614,117.674,91.42
Netherlands,NLD,2012,42.5,39.3374,116.564,92.86
Netherlands,NLD,2013,42,40.0305,114.734,93.9564
Netherlands,NLD,2014,40.8,40.2288,114.867,91.6667
Netherlands,NLD,2015,40.6,41.088,121.638,91.7241
Netherlands,NLD,2016,39.4,41.9814,121.42,90.411
Netherlands,NLD,2017,37.8,42.0989,118.577,93.1973
Netherlands,NLD,2018,33.9,42.5152,121.162,91.8919
Netherlands,NLD,2019,31.7,42.5293,124.088,93.2886
Netherlands,NLD,2020,28,42.6667,121.423,91.3333
Netherlands,NLD,2021,28.3,42.9461,123.448,92.053
Netherlands,NLD,2022,25.5,43.5643,115.821,92.5197
Netherlands,NLD,2023,23.6,43.2644,117.352,97.0068
New Caledonia,NCL,1960,2.9469693,,0,
New Caledonia,NCL,1961,3.06703,,,
New Caledonia,NCL,1962,3.06703,,,
New Caledonia,NCL,1963,3.06703,,,
New Caledonia,NCL,1964,3.06703,,,
New Caledonia,NCL,1965,3.2699041,,0,
New Caledonia,NCL,1966,3.39912,,,
New Caledonia,NCL,1967,3.39912,,,
New Caledonia,NCL,1968,3.39912,,,
New Caledonia,NCL,1969,3.39912,,,
New Caledonia,NCL,1970,4.234921,,0,
New Caledonia,NCL,1971,4.46242,,,
New Caledonia,NCL,1972,4.46242,,,
New Caledonia,NCL,1973,4.46242,,,
New Caledonia,NCL,1974,4.46242,,,
New Caledonia,NCL,1975,6.5153255,,0,
New Caledonia,NCL,1976,6.611077,,0,
New Caledonia,NCL,1977,7.4632072,,0,
New Caledonia,NCL,1978,7.8478885,,0,
New Caledonia,NCL,1979,8.275092,,0,
New Caledonia,NCL,1980,8.909885,,0,
New Caledonia,NCL,1981,9.458956,,0,
New Caledonia,NCL,1982,10.219324,,0,
New Caledonia,NCL,1983,10.850027,,0,
New Caledonia,NCL,1984,11.489266,,0,
New Caledonia,NCL,1985,11.703047,,0,
New Caledonia,NCL,1986,12.476889,,0,
New Caledonia,NCL,1987,13.197434,,0,
New Caledonia,NCL,1988,14.136682,,0,
New Caledonia,NCL,1989,15.3867035,,0,
New Caledonia,NCL,1990,16.1,,0,0
New Caledonia,NCL,1991,17.4,,0,
New Caledonia,NCL,1992,18.9,,0,
New Caledonia,NCL,1993,20.3,,0,
New Caledonia,NCL,1994,21.3,,0,
New Caledonia,NCL,1995,21.8,,0.41311762,0.00518
New Caledonia,NCL,1996,22.2,,1.0093784,0.253
New Caledonia,NCL,1997,22.7,,2.4939904,0.989
New Caledonia,NCL,1998,23,,6.129087,1.94
New Caledonia,NCL,1999,23.2,,11.721737,5.69
New Caledonia,NCL,2000,22.9,,22.3884,13.9395
New Caledonia,NCL,2001,22.3,0.0579692,29.8265,18.2371
New Caledonia,NCL,2002,22.4,0.301418,34.4477,22.3898
New Caledonia,NCL,2003,21.9,0.704755,41.0317,26.4083
New Caledonia,NCL,2004,22.1,2.13658,48.3463,30.298
New Caledonia,NCL,2005,22.6,3.92829,54.9409,32.359
New Caledonia,NCL,2006,23.3,6.30224,62.6144,33.5157
New Caledonia,NCL,2007,24,8.1025,70.336,35.05
New Caledonia,NCL,2008,24.8,10.0286,77.4053,34.51
New Caledonia,NCL,2009,26.2,12.875,81.4752,33.99
New Caledonia,NCL,2010,27.6,14.6019,84.4137,42
New Caledonia,NCL,2011,28.6,16.0451,85.2808,50
New Caledonia,NCL,2012,29.5,17.6341,85.0412,58
New Caledonia,NCL,2013,30.7,19.3626,86.8789,66
New Caledonia,NCL,2014,31.5,20.7308,86.4435,70
New Caledonia,NCL,2015,27.4,19.5541,91.9161,74.0018
New Caledonia,NCL,2017,,,,82.0058
New Caledonia,NCL,2019,16.2,19.3931,91.6765,
New Caledonia,NCL,2020,16.2,19.3542,91.4926,
New Caledonia,NCL,2021,16.1,19.2838,91.1596,
New Caledonia,NCL,2022,16.2,19.3729,91.6764,
New Zealand,NZL,1960,22.553228,,0,
New Zealand,NZL,1961,22.6349,,,
New Zealand,NZL,1962,22.6349,,,
New Zealand,NZL,1963,22.6349,,,
New Zealand,NZL,1964,22.6349,,,
New Zealand,NZL,1965,27.10062,,0,
New Zealand,NZL,1966,27.221,,,
New Zealand,NZL,1967,27.221,,,
New Zealand,NZL,1968,27.221,,,
New Zealand,NZL,1969,27.221,,,
New Zealand,NZL,1970,29.779821,,0,
New Zealand,NZL,1971,29.8398,,,
New Zealand,NZL,1972,29.8398,,,
New Zealand,NZL,1973,29.8398,,,
New Zealand,NZL,1974,29.8398,,,
New Zealand,NZL,1975,31.885736,,0,
New Zealand,NZL,1976,33.729523,,0,
New Zealand,NZL,1977,34.086044,,0,
New Zealand,NZL,1978,34.745266,,0,
New Zealand,NZL,1979,35.090733,,0,
New Zealand,NZL,1980,36.110336,,0,
New Zealand,NZL,1981,37.12168,,0,
New Zealand,NZL,1982,37.596703,,0,
New Zealand,NZL,1983,38.063194,,0,
New Zealand,NZL,1984,38.757824,,0,
New Zealand,NZL,1985,39.62304,,0,
New Zealand,NZL,1986,40.46006,,0,
New Zealand,NZL,1987,41.52207,,0.07273939,
New Zealand,NZL,1988,42.400455,,0.30156797,
New Zealand,NZL,1989,43.31452,,0.8668903,
New Zealand,NZL,1990,43.2,,1.5923998,0
New Zealand,NZL,1991,42.9,,2.076632,
New Zealand,NZL,1992,43.4,,2.8364682,0.286
New Zealand,NZL,1993,44.6,,4.0237937,0.631
New Zealand,NZL,1994,45.8,,6.6061106,3.17
New Zealand,NZL,1995,46.8,,9.934965,4.88
New Zealand,NZL,1996,46.3,,13.21726,8.04
New Zealand,NZL,1997,47,,14.995291,14.6
New Zealand,NZL,1998,47.5,,20.734669,31.6
New Zealand,NZL,1999,47.8,,36.38978,41.5
New Zealand,NZL,2000,47.5,0.120749,39.9733,47.3796
New Zealand,NZL,2001,46.8,0.443681,58.7909,53.241
New Zealand,NZL,2002,44.7,1.10095,61.9824,59.0808
New Zealand,NZL,2003,44.7,2.06335,64.6102,60.9625
New Zealand,NZL,2004,44.1,4.69391,74.1201,61.8476
New Zealand,NZL,2005,41.8,7.76299,85.3687,62.7202
New Zealand,NZL,2006,42.1,11.2436,90.9217,69
New Zealand,NZL,2007,41.4,20.1981,100.662,69.76
New Zealand,NZL,2008,41.1,21.4688,108.404,72.03
New Zealand,NZL,2009,43.4,23.7515,109.193,79.7
New Zealand,NZL,2010,43.2,25.1163,108.331,80.46
New Zealand,NZL,2011,42.9,26.8784,109.978,81.23
New Zealand,NZL,2012,42.6,28.8326,111.568,81.6445
New Zealand,NZL,2013,41.5,29.5475,107.009,82.78
New Zealand,NZL,2014,40.9,31.1741,112.757,84
New Zealand,NZL,2015,40.1,31.4454,121.369,85.2
New Zealand,NZL,2016,37.3,32.4618,129.381,86.5
New Zealand,NZL,2017,37.2,32.8918,132.98,87.7
New Zealand,NZL,2018,21.9,33.6194,128.937,89
New Zealand,NZL,2019,19.4,34.0228,120.475,89.8637
New Zealand,NZL,2020,16.6,34.813,123.001,95.2342
New Zealand,NZL,2021,17.8,35.2628,114.455,96.1151
New Zealand,NZL,2022,14.8,36.3045,115.984,96.1942
New Zealand,NZL,2023,12.8,37.8531,126.855,96.1638
Nicaragua,NIC,1960,,,0,
Nicaragua,NIC,1965,,,0,
Nicaragua,NIC,1970,0.6953628,,0,
Nicaragua,NIC,1971,0.706416,,,
Nicaragua,NIC,1972,0.706416,,,
Nicaragua,NIC,1973,0.706416,,,
Nicaragua,NIC,1974,0.706416,,,
Nicaragua,NIC,1975,0.7680595,,0,
Nicaragua,NIC,1976,0.8615232,,0,
Nicaragua,NIC,1977,0.93530744,,0,
Nicaragua,NIC,1978,0.97006786,,0,
Nicaragua,NIC,1979,0.91207725,,0,
Nicaragua,NIC,1980,0.93321574,,0,
Nicaragua,NIC,1981,0.9711984,,0,
Nicaragua,NIC,1982,1.0294092,,0,
Nicaragua,NIC,1983,1.1032721,,0,
Nicaragua,NIC,1984,1.1390121,,0,
Nicaragua,NIC,1985,1.152368,,0,
Nicaragua,NIC,1986,1.1453221,,0,
Nicaragua,NIC,1987,1.1650753,,0,
Nicaragua,NIC,1988,1.1276895,,0,
Nicaragua,NIC,1989,1.1180434,,0,
Nicaragua,NIC,1990,1.11,,0,0
Nicaragua,NIC,1991,1.13,,0,
Nicaragua,NIC,1992,1.25,,0,
Nicaragua,NIC,1993,1.5,,0.007157551,
Nicaragua,NIC,1994,1.87,,0.047197346,0.0132
Nicaragua,NIC,1995,2.08,,0.09318226,0.03
Nicaragua,NIC,1996,2.36,,0.1059764,0.0841
Nicaragua,NIC,1997,2.55,,0.15441297,0.206
Nicaragua,NIC,1998,2.89,,0.36807334,0.304
Nicaragua,NIC,1999,3.03,,0.8758429,0.498
Nicaragua,NIC,2000,3.27,0.0139369,1.79774,0.980216
Nicaragua,NIC,2001,3.1,0.0315262,3.23339,1.4488
Nicaragua,NIC,2002,3.33,0.0450299,4.60684,1.71473
Nicaragua,NIC,2003,3.93,0.0844949,8.95623,1.88041
Nicaragua,NIC,2004,4.07,0.0948432,14.0079,2.32066
Nicaragua,NIC,2005,4.13,0.197188,20.9539,2.56635
Nicaragua,NIC,2006,4.57,0.351403,33.775,2.80557
Nicaragua,NIC,2007,4.53,0.50116,45.5188,3.9
Nicaragua,NIC,2008,4.56,0.774882,55.733,5.3
Nicaragua,NIC,2009,4.5,1.39091,59.1267,7.3
Nicaragua,NIC,2010,4.5,1.27721,69.0594,10
Nicaragua,NIC,2011,4.94,1.4623,82.8921,10.6
Nicaragua,NIC,2012,5.07,1.71678,99.1601,13.5
Nicaragua,NIC,2013,5.43,2.20071,113.789,15.5
Nicaragua,NIC,2014,5.6,1.83646,116.507,17.6
Nicaragua,NIC,2015,5.76,1.89137,118.127,19.7043
Nicaragua,NIC,2016,5.88,2.84026,124.273,24.5718
Nicaragua,NIC,2017,5.95,3.32673,129.506,30.4
Nicaragua,NIC,2018,5.09,3.00642,116.272,33.913
Nicaragua,NIC,2019,3.53,3.35641,89.2773,37.8319
Nicaragua,NIC,2020,3.41,4.42253,90.8141,42.2037
Nicaragua,NIC,2021,3.12,4.5138,93.8165,47.0806
Nicaragua,NIC,2022,3.21,5.00782,104.278,49.1307
Nicaragua,NIC,2023,3.43,5.43031,105.843,58.2314
Niger,NER,1960,0.021673052,,0,
Niger,NER,1961,0.022368,,,
Niger,NER,1962,0.022368,,,
Niger,NER,1963,0.022368,,,
Niger,NER,1964,0.022368,,,
Niger,NER,1965,,,0,
Niger,NER,1966,0.022368,,,
Niger,NER,1967,0.022368,,,
Niger,NER,1968,0.022368,,,
Niger,NER,1969,0.022368,,,
Niger,NER,1970,0.047112152,,0,
Niger,NER,1971,0.0487735,,,
Niger,NER,1972,0.0487735,,,
Niger,NER,1973,0.0487735,,,
Niger,NER,1974,0.0487735,,,
Niger,NER,1975,0.063676424,,0,
Niger,NER,1976,0.06923368,,0,
Niger,NER,1977,0.08680705,,0,
Niger,NER,1978,0.08949546,,0,
Niger,NER,1979,0.09353362,,0,
Niger,NER,1980,0.0950888,,0,
Niger,NER,1981,0.09990164,,0,
Niger,NER,1982,0.10661981,,0,
Niger,NER,1983,0.110025615,,0,
Niger,NER,1984,0.113194324,,0,
Niger,NER,1985,0.113264225,,0,
Niger,NER,1986,0.112035535,,0,
Niger,NER,1987,0.11130621,,0,
Niger,NER,1988,0.11051475,,0,
Niger,NER,1989,0.112234056,,0,
Niger,NER,1990,0.112,,0,0
Niger,NER,1991,0.115,,0,
Niger,NER,1992,0.116,,0,
Niger,NER,1993,0.115,,0,
Niger,NER,1994,0.133,,0,
Niger,NER,1995,0.141,,0,
Niger,NER,1996,0.153,,0,0.00104
Niger,NER,1997,0.158,,0.000933849,0.00201
Niger,NER,1998,0.169,,0.012427544,0.00291
Niger,NER,1999,0.17,,0.01951659,0.0281
Niger,NER,2000,0.174,,0.0178633,0.0362613
Niger,NER,2001,0.182,,0.0178346,0.105185
Niger,NER,2002,0.181,,0.465951,0.127152
Niger,NER,2003,0.18,,0.643628,0.155699
Niger,NER,2004,0.181,0.000580438,1.29974,0.189934
Niger,NER,2005,0.174,0.00154112,2.35423,0.221341
Niger,NER,2006,0.21,0.00243192,3.38506,0.294034
Niger,NER,2007,0.282,0.00325596,6.0796,0.390391
Niger,NER,2008,0.421,0.00401643,12.3528,0.7
Niger,NER,2009,0.479,0.00627208,16.3011,0.76
Niger,NER,2010,0.504,0.00906408,22.1685,0.83
Niger,NER,2011,0.497,0.0123077,27.613,0.9
Niger,NER,2012,0.564,0.0205699,30.2495,1.05
Niger,NER,2013,0.543,0.0345574,37.8312,1.15
Niger,NER,2014,0.548,0.155881,42.8624,1.24868
Niger,NER,2015,0.552,0.136352,44.9309,2.47622
Niger,NER,2016,0.778,0.0372575,36.1205,4.32276
Niger,NER,2017,0.533,0.0403537,40.955,10.2243
Niger,NER,2019,0.253,0.047935,52.8113,16.6119
Niger,NER,2020,0.245,0.0505953,60.0356,17.0375
Niger,NER,2021,0.237,,61.5063,17.474
Niger,NER,2022,0.249,,63.3771,23.2982
Niger,NER,2023,,0.107619,65.735,23.1879
Nigeria,NGA,1960,0.045726147,,0,
Nigeria,NGA,1961,0.0455133,,,
Nigeria,NGA,1962,0.0455133,,,
Nigeria,NGA,1963,0.0455133,,,
Nigeria,NGA,1964,0.0455133,,,
Nigeria,NGA,1965,,,0,
Nigeria,NGA,1966,0.0455133,,,
Nigeria,NGA,1967,0.0455133,,,
Nigeria,NGA,1968,0.0455133,,,
Nigeria,NGA,1969,0.0455133,,,
Nigeria,NGA,1970,,,0,
Nigeria,NGA,1971,0.0455133,,,
Nigeria,NGA,1972,0.0455133,,,
Nigeria,NGA,1973,0.0455133,,,
Nigeria,NGA,1974,0.0455133,,,
Nigeria,NGA,1975,,,0,
Nigeria,NGA,1976,,,0,
Nigeria,NGA,1977,,,0,
Nigeria,NGA,1978,,,0,
Nigeria,NGA,1979,,,0,
Nigeria,NGA,1980,,,0,
Nigeria,NGA,1981,0.21730517,,0,
Nigeria,NGA,1982,0.19589584,,0,
Nigeria,NGA,1983,0.23005211,,0,
Nigeria,NGA,1984,0.23674181,,0,
Nigeria,NGA,1985,0.24403827,,0,
Nigeria,NGA,1986,0.25130475,,0,
Nigeria,NGA,1987,0.25834754,,0,
Nigeria,NGA,1988,0.260682,,0,
Nigeria,NGA,1989,0.26955903,,0,
Nigeria,NGA,1990,0.298,,0,0
Nigeria,NGA,1991,0.295,,0,
Nigeria,NGA,1992,0.313,,0,
Nigeria,NGA,1993,0.326,,0.008804631,
Nigeria,NGA,1994,0.342,,0.01213775,
Nigeria,NGA,1995,0.366,,0.012016163,
Nigeria,NGA,1996,0.363,,0.012617593,0.00883
Nigeria,NGA,1997,0.346,,0.013182041,0.0172
Nigeria,NGA,1998,0.366,,0.017139353,0.0252
Nigeria,NGA,1999,0.385,,0.02088632,0.041
Nigeria,NGA,2000,0.438,,0.0237375,0.0640808
Nigeria,NGA,2001,0.462,,0.205187,0.0899014
Nigeria,NGA,2002,0.526,,1.17557,0.320462
Nigeria,NGA,2003,0.648,,2.29549,0.558576
Nigeria,NGA,2004,0.728,,6.48476,1.28614
Nigeria,NGA,2005,0.844,0.000344787,12.8171,3.54916
Nigeria,NGA,2006,1.13,,21.6815,5.54504
Nigeria,NGA,2007,1.03,0.0349677,26.3563,6.77
Nigeria,NGA,2008,0.83,0.0430064,39.9686,8
Nigeria,NGA,2009,0.915,0.0505759,45.9849,9.3
Nigeria,NGA,2010,0.63,0.0594733,52.3861,11.5
Nigeria,NGA,2011,0.42,,55.5301,13.8
Nigeria,NGA,2012,0.237,0.00810383,64.0053,16.1
Nigeria,NGA,2013,0.199,0.00830988,70.2825,19.1
Nigeria,NGA,2014,0.0986,0.00846706,74.7513,21
Nigeria,NGA,2015,0.0982,0.00822775,79.1045,22.5
Nigeria,NGA,2016,0.0791,0.0552236,78.9701,24.1
Nigeria,NGA,2017,0.0696,0.0553465,72.368,25.9
Nigeria,NGA,2018,0.0686,0.0360913,84.284,27.7
Nigeria,NGA,2019,0.0512,0.0397927,88.1169,29.7
Nigeria,NGA,2020,0.05,0.0305206,95.4357,31.8888
Nigeria,NGA,2021,0.0487,0.0301639,89.2916,35.5098
Nigeria,NGA,2022,0.0435,0.0433814,99.5852,37.6975
Nigeria,NGA,2023,0.0491,0.0512838,98.4773,39.2136
North America (WB),WB_NA,1960,27.951897,,0,
North America (WB),WB_NA,1961,26.522415,,,
North America (WB),WB_NA,1962,26.523079,,,
North America (WB),WB_NA,1963,26.523697,,,
North America (WB),WB_NA,1964,26.524355,,,
North America (WB),WB_NA,1965,30.352749,,0,
North America (WB),WB_NA,1966,28.971344,,,
North America (WB),WB_NA,1967,28.969921,,,
North America (WB),WB_NA,1968,28.968416,,,
North America (WB),WB_NA,1969,28.96689,,,
North America (WB),WB_NA,1970,34.068504,,0,
North America (WB),WB_NA,1971,32.720127,,,
North America (WB),WB_NA,1972,32.71863,,,
North America (WB),WB_NA,1973,32.717236,,,
North America (WB),WB_NA,1974,32.71601,,,
North America (WB),WB_NA,1975,37.87809,,0,
North America (WB),WB_NA,1976,38.617912,,0,
North America (WB),WB_NA,1977,39.449398,,0,
North America (WB),WB_NA,1978,40.398293,,0,
North America (WB),WB_NA,1979,41.220592,,0,
North America (WB),WB_NA,1980,42.099808,,0,
North America (WB),WB_NA,1981,46.253994,,,
North America (WB),WB_NA,1982,46.564377,,,
North America (WB),WB_NA,1983,47.34399,,,
North America (WB),WB_NA,1984,48.140633,,0.035445686,
North America (WB),WB_NA,1985,49.22368,,0.13492388,
North America (WB),WB_NA,1986,49.782352,,0.28133017,
North America (WB),WB_NA,1987,51.161335,,0.49916208,
North America (WB),WB_NA,1988,52.42138,,0.8443143,
North America (WB),WB_NA,1989,53.69537,,1.4158999,
North America (WB),WB_NA,1990,54.912334,,2.1276166,
North America (WB),WB_NA,1991,55.525043,,2.980476,
North America (WB),WB_NA,1992,56.290016,,4.253207,
North America (WB),WB_NA,1993,57.34303,,6.033197,
North America (WB),WB_NA,1994,58.611202,,8.926909,
North America (WB),WB_NA,1995,60.090416,,12.332407,
North America (WB),WB_NA,1996,61.769936,,15.921867,
North America (WB),WB_NA,1997,63.696453,,19.685745,
North America (WB),WB_NA,1998,65.0887,0.27645612,24.365374,
North America (WB),WB_NA,1999,67.79981,1.0776767,30.025236,
North America (WB),WB_NA,2000,68.15063,2.7088141,37.752064,
North America (WB),WB_NA,2001,67.21308,4.938431,43.964275,
North America (WB),WB_NA,2002,65.65696,7.3189087,48.071716,
North America (WB),WB_NA,2003,63.0745,9.995171,53.894814,
North America (WB),WB_NA,2004,60.845043,13.124832,61.329956,
North America (WB),WB_NA,2005,58.75076,17.677006,67.078354,68.3
North America (WB),WB_NA,2006,55.891273,20.552353,74.74369,69.3
North America (WB),WB_NA,2007,52.658356,24.073751,80.33104,74.8
North America (WB),WB_NA,2008,53.41683,25.667326,83.625656,74.3
North America (WB),WB_NA,2009,50.161922,26.396873,87.14397,71.9
North America (WB),WB_NA,2010,48.69614,27.629353,90.09932,72.5
North America (WB),WB_NA,2011,46.40808,28.604118,93.12001,71
North America (WB),WB_NA,2012,44.503983,29.658726,94.662094,75.5
North America (WB),WB_NA,2013,42.376587,30.512226,95.66997,72.8
North America (WB),WB_NA,2014,40.539036,30.884514,98.3059,74.4
North America (WB),WB_NA,2015,38.8,31.9,99.9,76.1
North America (WB),WB_NA,2016,37.3,32.6,100.9,86.1
North America (WB),WB_NA,2017,35.4,33.1,100.8,87.8
North America (WB),WB_NA,2018,33.3,33.6,102.4,89.1
North America (WB),WB_NA,2019,32,34.5,103.9,89.7
North America (WB),WB_NA,2020,30.5,36.23,101.9,90.5
North America (WB),WB_NA,2021,28.9,37.48,104.4,91.5
North America (WB),WB_NA,2022,26.9,37.97,107,92.6
North America (WB),WB_NA,2023,25.1,38.55,110.5,93.3
North America (WB),WB_NA,2024,24,39.24,111.2,94.4
North America (WB),WB_NA,2025,23,39.96,112,95.6
North Korea,PRK,1960,,,0,
North Korea,PRK,1965,,,0,
North Korea,PRK,1970,,,0,
North Korea,PRK,1975,,,0,
North Korea,PRK,1976,,,0,
North Korea,PRK,1977,,,0,
North Korea,PRK,1978,,,0,
North Korea,PRK,1979,,,0,
North Korea,PRK,1980,,,0,
North Korea,PRK,1981,,,0,
North Korea,PRK,1982,,,0,
North Korea,PRK,1983,2.663632,,0,
North Korea,PRK,1984,2.6253397,,0,
North Korea,PRK,1985,2.587257,,0,
North Korea,PRK,1986,2.5493245,,0,
North Korea,PRK,1987,2.5120714,,0,
North Korea,PRK,1988,2.4755583,,0,
North Korea,PRK,1989,2.4396236,,0,
North Korea,PRK,1990,2.37,,0,0
North Korea,PRK,1991,2.33,,0,
North Korea,PRK,1992,2.3,,0,
North Korea,PRK,1993,2.27,,0,
North Korea,PRK,1994,2.23,,0,
North Korea,PRK,1995,2.21,,0,
North Korea,PRK,1996,2.18,,0,
North Korea,PRK,1997,2.16,,0,0
North Korea,PRK,1998,2.14,,0,0
North Korea,PRK,1999,2.13,,0,0
North Korea,PRK,2000,2.11,,0,0
North Korea,PRK,2001,3.61,,0,0
North Korea,PRK,2002,3.83,,0,0
North Korea,PRK,2003,4.07,,0,0
North Korea,PRK,2004,4.12,,0,0
North Korea,PRK,2005,4.1,,0,0
North Korea,PRK,2006,4.08,,0,0
North Korea,PRK,2007,4.79,,0,0
North Korea,PRK,2008,4.76,,0,0
North Korea,PRK,2009,4.74,,0.278399,0
North Korea,PRK,2010,4.72,,1.72856,0
North Korea,PRK,2011,4.7,,3.9844,0
North Korea,PRK,2012,4.68,,6.74289,0
North Korea,PRK,2013,4.66,,9.5541,
North Korea,PRK,2014,4.64,,11.0014,
North Korea,PRK,2015,4.61,,12.6684,
North Korea,PRK,2016,4.59,,14.032,
North Korea,PRK,2017,4.57,,14.7573,
North Korea,PRK,2019,4.53,,16.3341,
North Korea,PRK,2020,4.51,,22.9566,
North Korea,PRK,2021,4.5,,22.8724,
North Korea,PRK,2022,4.48,,24.1311,
North Macedonia,MKD,1960,,,0,
North Macedonia,MKD,1965,,,0,
North Macedonia,MKD,1970,,,0,
North Macedonia,MKD,1975,,,0,
North Macedonia,MKD,1976,,,0,
North Macedonia,MKD,1977,,,0,
North Macedonia,MKD,1978,,,0,
North Macedonia,MKD,1979,,,0,
North Macedonia,MKD,1980,,,0,
North Macedonia,MKD,1981,,,0,
North Macedonia,MKD,1982,,,0,
North Macedonia,MKD,1983,10.6359215,,0,
North Macedonia,MKD,1984,11.062603,,0,
North Macedonia,MKD,1985,11.491359,,0,
North Macedonia,MKD,1986,11.922942,,0,
North Macedonia,MKD,1987,12.357292,,0,
North Macedonia,MKD,1988,12.795704,,0,
North Macedonia,MKD,1989,13.239019,,0,
North Macedonia,MKD,1990,13.8,,0,0
North Macedonia,MKD,1991,14.1,,0,
North Macedonia,MKD,1992,15.4,,0,
North Macedonia,MKD,1993,16.2,,0,
North Macedonia,MKD,1994,16.9,,0,
North Macedonia,MKD,1995,17.6,,0,0.0407
North Macedonia,MKD,1996,18.2,,0.053053163,0.076
North Macedonia,MKD,1997,20.1,,0.6167942,0.504
North Macedonia,MKD,1998,21.6,,1.4947507,1
North Macedonia,MKD,1999,23,,2.408021,1.5
North Macedonia,MKD,2000,24.7,,5.62634,2.48557
North Macedonia,MKD,2001,26.1,,10.8055,3.46818
North Macedonia,MKD,2002,27,,17.6114,17.33
North Macedonia,MKD,2003,25.2,,37.2824,19.07
North Macedonia,MKD,2004,25.7,,47.2352,24.44
North Macedonia,MKD,2005,25.5,0.595079,54.1201,26.45
North Macedonia,MKD,2006,23.5,1.74633,60.4931,28.62
North Macedonia,MKD,2007,22.3,4.82749,86.1891,36.3
North Macedonia,MKD,2008,22.1,8.74102,95.0115,46.04
North Macedonia,MKD,2009,21.2,11.2969,94.3035,51.77
North Macedonia,MKD,2010,20.1,12.6123,104.968,51.9
North Macedonia,MKD,2011,20.7,13.7992,108.468,56.7
North Macedonia,MKD,2012,20.1,15.4034,110.268,57.4499
North Macedonia,MKD,2013,19.7,16.8127,111.125,65.24
North Macedonia,MKD,2014,19.2,17.7239,111.343,68.0585
North Macedonia,MKD,2015,18.7,18.4017,105.212,70.3802
North Macedonia,MKD,2016,18.8,19.4534,104.55,72.1568
North Macedonia,MKD,2017,18.9,20.4183,103.459,74.5168
North Macedonia,MKD,2018,19.9,22.2929,102.572,79.1678
North Macedonia,MKD,2019,21.1,23.9403,101.232,81.4129
North Macedonia,MKD,2020,22.2,25.4041,99.4724,81.4055
North Macedonia,MKD,2021,23,26.9449,104.875,81.8737
North Macedonia,MKD,2022,23.8,28.0036,111.303,85.008
North Macedonia,MKD,2023,,29.1772,104.837,87.1819
Northern Mariana Islands,MNP,1960,,,0,
Northern Mariana Islands,MNP,1965,,,0,
Northern Mariana Islands,MNP,1970,,,0,
Northern Mariana Islands,MNP,1975,,,0,
Northern Mariana Islands,MNP,1976,,,0,
Northern Mariana Islands,MNP,1977,,,0,
Northern Mariana Islands,MNP,1978,,,0,
Northern Mariana Islands,MNP,1979,,,0,
Northern Mariana Islands,MNP,1980,,,0,
Northern Mariana Islands,MNP,1981,,,0,
Northern Mariana Islands,MNP,1982,,,0,
Northern Mariana Islands,MNP,1983,,,0,
Northern Mariana Islands,MNP,1984,,,0,
Northern Mariana Islands,MNP,1985,,,0,
Northern Mariana Islands,MNP,1986,,,0,
Northern Mariana Islands,MNP,1987,,,0,
Northern Mariana Islands,MNP,1988,,,0,
Northern Mariana Islands,MNP,1989,,,0,
Northern Mariana Islands,MNP,1990,,,0,0
Northern Mariana Islands,MNP,1992,28.7,,,
Northern Mariana Islands,MNP,1993,29.4,,1.5266539,
Northern Mariana Islands,MNP,1994,30.7,,1.6010883,
Northern Mariana Islands,MNP,1995,32.1,,2.4632058,
Northern Mariana Islands,MNP,1996,36.4,,,
Northern Mariana Islands,MNP,1997,36.5,,,
Northern Mariana Islands,MNP,1998,33.6,,,
Northern Mariana Islands,MNP,1999,31.1,,3.8104858,
Northern Mariana Islands,MNP,2000,30.7,,4.38879,
Northern Mariana Islands,MNP,2001,31.5,,19.4163,
Northern Mariana Islands,MNP,2002,32.8,,25.6626,
Northern Mariana Islands,MNP,2003,34.2,,28.4603,
Northern Mariana Islands,MNP,2004,35.7,,32.0216,
Northern Mariana Islands,MNP,2005,37.4,,,
Northern Mariana Islands,MNP,2006,39.2,,,
Northern Mariana Islands,MNP,2007,41.1,,,
Northern Mariana Islands,MNP,2008,43.2,,,
Northern Mariana Islands,MNP,2009,45.4,,,
Northern Mariana Islands,MNP,2010,47.1,,,
Northern Mariana Islands,MNP,2012,43.2,,,
Northern Mariana Islands,MNP,2013,43.6,,,
Northern Mariana Islands,MNP,2014,42.9,,,
Northern Mariana Islands,MNP,2015,42.7,,,
Northern Mariana Islands,MNP,2019,41.6,,,
Northern Mariana Islands,MNP,2020,42.1,,,
Northern Mariana Islands,MNP,2021,42.6,,,
Northern Mariana Islands,MNP,2022,42.3,,,
Norway,NOR,1960,12.701311,,0,
Norway,NOR,1961,12.6978,,,
Norway,NOR,1962,12.6978,,,
Norway,NOR,1963,12.6978,,,
Norway,NOR,1964,12.6978,,,
Norway,NOR,1965,15.646527,,0,
Norway,NOR,1966,15.6425,,,
Norway,NOR,1967,15.6425,,,
Norway,NOR,1968,15.6425,,,
Norway,NOR,1969,15.6425,,,
Norway,NOR,1970,19.15343,,0,
Norway,NOR,1971,19.1509,,,
Norway,NOR,1972,19.1509,,,
Norway,NOR,1973,19.1509,,,
Norway,NOR,1974,19.1509,,,
Norway,NOR,1975,22.804935,,0,
Norway,NOR,1976,23.741318,,0,
Norway,NOR,1977,24.843193,,0,
Norway,NOR,1978,25.978077,,0,
Norway,NOR,1979,27.358088,,0,
Norway,NOR,1980,29.303785,,0,
Norway,NOR,1981,31.651192,,0.040733147,
Norway,NOR,1982,34.64243,,0.268753,
Norway,NOR,1983,37.644833,,0.5685501,
Norway,NOR,1984,40.03161,,0.94318295,
Norway,NOR,1985,42.326252,,1.518914,
Norway,NOR,1986,44.665382,,2.0890663,
Norway,NOR,1987,46.5408,,2.8666818,
Norway,NOR,1988,47.894993,,3.6153336,
Norway,NOR,1989,48.975933,,3.966124,
Norway,NOR,1990,50.3,,4.6403794,0.707
Norway,NOR,1991,51.6,,5.500452,1.41
Norway,NOR,1992,52.9,,6.600122,2.22
Norway,NOR,1993,54.1,,8.61297,2.78
Norway,NOR,1994,55.2,,13.569593,4.15
Norway,NOR,1995,56.1,,22.510439,6.42
Norway,NOR,1996,56.7,,28.790188,18.3
Norway,NOR,1997,63,,38.062107,20.4
Norway,NOR,1998,55.9,,46.754322,22.6
Norway,NOR,1999,54.8,,59.702267,40
Norway,NOR,2000,53.5,0.518764,71.7901,52
Norway,NOR,2001,51.8,1.96162,79.6029,64
Norway,NOR,2002,51.1,4.52416,83.5167,72.84
Norway,NOR,2003,49,8.73575,88.9622,78.13
Norway,NOR,2004,47.5,14.6277,98.541,77.69
Norway,NOR,2005,45.6,21.4433,102.841,81.99
Norway,NOR,2006,44.1,26.704,104.472,82.55
Norway,NOR,2007,42.2,30.9463,106.979,86.93
Norway,NOR,2008,39.8,33.083,109.293,90.57
Norway,NOR,2009,36.7,34.5488,110.892,92.08
Norway,NOR,2010,33.7,35.2485,114.524,93.39
Norway,NOR,2011,30.7,36.0526,115.596,93.49
Norway,NOR,2012,27.8,37.0178,115.524,94.65
Norway,NOR,2013,24.3,37.6117,112.046,95.0534
Norway,NOR,2014,21,38.485,111.69,96.3005
Norway,NOR,2015,18.2,39.5096,110.118,96.8103
Norway,NOR,2016,15.4,40.2403,109.427,97.2982
Norway,NOR,2017,13,41.0328,108.393,96.3576
Norway,NOR,2018,10.6,41.5279,107.703,96.4917
Norway,NOR,2019,8.31,42.2722,108.005,98
Norway,NOR,2020,6.48,44.3863,108.297,94.6076
Norway,NOR,2021,4.33,44.9392,109.586,99
Norway,NOR,2022,2.66,45.6645,111.657,99
Norway,NOR,2023,,45.4377,,99
Oman,OMN,1960,,,0,
Oman,OMN,1965,0.03199954,,0,
Oman,OMN,1966,0.0319995,,,
Oman,OMN,1967,0.0319995,,,
Oman,OMN,1968,0.0319995,,,
Oman,OMN,1969,0.0319995,,,
Oman,OMN,1970,0.07694954,,0,
Oman,OMN,1971,0.0769495,,,
Oman,OMN,1972,0.0769495,,,
Oman,OMN,1973,0.0769495,,,
Oman,OMN,1974,0.0769495,,,
Oman,OMN,1975,0.41959214,,0,
Oman,OMN,1976,0.71692276,,0,
Oman,OMN,1977,0.9919166,,0,
Oman,OMN,1978,1.0759112,,0,
Oman,OMN,1979,1.0223913,,0,
Oman,OMN,1980,1.497431,,0,
Oman,OMN,1981,1.4162061,,0,
Oman,OMN,1982,1.5225047,,0,
Oman,OMN,1983,1.5700686,,0,
Oman,OMN,1984,1.6345112,,0,
Oman,OMN,1985,2.757575,,0.003470327,
Oman,OMN,1986,3.1748319,,0.04784827,
Oman,OMN,1987,3.512581,,0.07154926,
Oman,OMN,1988,4.8459873,,0.101959944,
Oman,OMN,1989,5.252947,,0.12049466,
Oman,OMN,1990,5.78,,0.15064886,0
Oman,OMN,1991,6.15,,0.19389914,
Oman,OMN,1992,6.56,,0.23804061,
Oman,OMN,1993,7.13,,0.27102888,
Oman,OMN,1994,7.35,,0.31423107,
Oman,OMN,1995,7.71,,0.36528984,
Oman,OMN,1996,8.84,,0.67064464,0
Oman,OMN,1997,8.91,,2.3558047,0.44
Oman,OMN,1998,9.77,,4.35195,0.863
Oman,OMN,1999,9.77,,5.366082,2.52
Oman,OMN,2000,9.78,,7.14294,3.52042
Oman,OMN,2001,10,,14.0743,5.89384
Oman,OMN,2002,9.75,0.00415443,19.8299,6.8734
Oman,OMN,2003,9.9,0.00569952,24.8935,7.25574
Oman,OMN,2004,9.93,0.0273153,32.9697,6.75885
Oman,OMN,2005,10.6,0.527227,53.0901,6.68358
Oman,OMN,2006,10.5,0.777485,70.4453,8.29972
Oman,OMN,2007,11.1,0.759345,94.0855,16.68
Oman,OMN,2008,10.9,1.17948,117.026,20
Oman,OMN,2009,10.4,1.43005,138.05,26.8
Oman,OMN,2010,9.34,1.92528,151.446,35.8278
Oman,OMN,2011,8.84,2.40586,147.926,48
Oman,OMN,2012,8.71,3.23965,150.873,60
Oman,OMN,2013,9.33,4.09822,149.209,66.45
Oman,OMN,2014,9.32,4.39661,153.806,70.22
Oman,OMN,2015,10.2,5.46555,155.756,73.53
Oman,OMN,2016,9.43,6.35484,153.291,76.8454
Oman,OMN,2017,10.9,7.47817,148.822,80.1856
Oman,OMN,2018,12.2,9.17127,139.967,85.5
Oman,OMN,2019,12.8,10.2442,138.232,90.2594
Oman,OMN,2020,13.3,11.383,140.379,95.2323
Oman,OMN,2021,12.6,11.5853,135.077,95.2388
Oman,OMN,2022,11.4,10.8833,136.801,95.2453
Oman,OMN,2023,11.2,10.8793,135.218,95.2517
Oman,OMN,2024,,,,95.2517
Pakistan,PAK,1960,0.1453098,,0,
Pakistan,PAK,1961,0.148428,,,
Pakistan,PAK,1962,0.148428,,,
Pakistan,PAK,1963,0.148428,,,
Pakistan,PAK,1964,0.148428,,,
Pakistan,PAK,1965,0.18517938,,0,
Pakistan,PAK,1966,0.188539,,,
Pakistan,PAK,1967,0.188539,,,
Pakistan,PAK,1968,0.188539,,,
Pakistan,PAK,1969,0.188539,,,
Pakistan,PAK,1970,0.23612404,,0,
Pakistan,PAK,1971,0.24079,,,
Pakistan,PAK,1972,0.24079,,,
Pakistan,PAK,1973,0.24079,,,
Pakistan,PAK,1974,0.24079,,,
Pakistan,PAK,1975,0.30531216,,0,
Pakistan,PAK,1976,0.32321945,,0,
Pakistan,PAK,1977,0.33401838,,0,
Pakistan,PAK,1978,0.34764317,,0,
Pakistan,PAK,1979,0.369474,,0,
Pakistan,PAK,1980,0.37581834,,0,
Pakistan,PAK,1981,0.38795444,,0,
Pakistan,PAK,1982,0.38451204,,0,
Pakistan,PAK,1983,0.42207778,,0,
Pakistan,PAK,1984,0.46922645,,0,
Pakistan,PAK,1985,0.4691801,,0,
Pakistan,PAK,1986,0.5163463,,0,
Pakistan,PAK,1987,0.56011885,,0,
Pakistan,PAK,1988,0.58961076,,0,
Pakistan,PAK,1989,0.7094191,,0,
Pakistan,PAK,1990,0.726,,0.001732891,0
Pakistan,PAK,1991,0.93,,0.007130659,
Pakistan,PAK,1992,1.01,,0.011031649,
Pakistan,PAK,1993,1.2,,0.01274427,
Pakistan,PAK,1994,1.4,,0.019081568,
Pakistan,PAK,1995,1.58,,0.030772818,0.000123
Pakistan,PAK,1996,1.72,,0.0495778,0.00299
Pakistan,PAK,1997,1.79,,0.09554005,0.0275
Pakistan,PAK,1998,1.82,,0.13479602,0.0439
Pakistan,PAK,1999,1.91,,0.17743742,0.0554
Pakistan,PAK,2000,1.97,,0.197892,
Pakistan,PAK,2001,2.04,,0.466253,1.31855
Pakistan,PAK,2002,2.24,,1.04063,2.57743
Pakistan,PAK,2003,2.42,,1.43881,5.04116
Pakistan,PAK,2004,2.63,,2.93247,6.16432
Pakistan,PAK,2005,2.98,0.00832131,7.27898,6.33233
Pakistan,PAK,2006,2.92,0.01481,19.2042,6.5
Pakistan,PAK,2007,2.61,0.0244741,34.0699,6.8
Pakistan,PAK,2008,2.33,0.088698,46.4486,7
Pakistan,PAK,2009,3.16,0.20148,48.5357,7.5
Pakistan,PAK,2010,3.05,0.396251,49.7823,8
Pakistan,PAK,2011,2.81,0.572429,53.4462,8
Pakistan,PAK,2012,2.82,0.730404,57.8576,8.1
Pakistan,PAK,2013,3.02,0.771343,60.5178,9
Pakistan,PAK,2014,2.29,0.937478,63.3618,10
Pakistan,PAK,2015,1.63,0.825253,57.9406,11
Pakistan,PAK,2016,1.41,1.13035,62.0013,12.3854
Pakistan,PAK,2017,1.32,1.03819,64.7302,13.78
Pakistan,PAK,2018,1.29,0.952871,67.8568,15.34
Pakistan,PAK,2019,1.2,0.881514,71.666,17.0709
Pakistan,PAK,2020,1.22,1.03954,74.7332,18.9348
Pakistan,PAK,2021,1.07,1.23144,78.8012,21.4107
Pakistan,PAK,2022,1.15,1.28372,79.1051,24.2103
Pakistan,PAK,2023,1.04,1.35622,76.5398,27.3759
Palau,PLW,1990,,,,0
Palau,PLW,2002,35.5,,12.6032,20.2439
Palau,PLW,2003,37.5,,19.9603,21.6015
Palau,PLW,2004,39.1,0.37336,19.7982,26.9703
Palau,PLW,2005,40.2,0.504566,30.5313,
Palau,PLW,2006,37.4,0.495075,42.5968,
Palau,PLW,2007,38.7,0.523262,55.388,
Palau,PLW,2008,38.9,0.583934,61.3762,
Palau,PLW,2009,38.1,0.758993,68.1169,
Palau,PLW,2010,37.9,1.2992,78.8867,
Palau,PLW,2011,38.3,2.86536,85.4353,
Palau,PLW,2012,41.2,5.05488,96.5438,
Palau,PLW,2013,41.2,10.2278,101.683,
Palau,PLW,2014,40.2,6.26588,107.897,
Palau,PLW,2015,40.5,6.88801,133.613,
Palau,PLW,2019,44.9,,134.847,
Palau,PLW,2020,45,,134.892,
Palau,PLW,2021,45,,134.96,
Palau,PLW,2022,45,6.99364,135.143,
Palau,PLW,2023,45.1,7.33345,135.387,
Palestine,PSE,1990,,,0,0
Palestine,PSE,1992,3.14,,0,
Palestine,PSE,1993,3.09,,0,
Palestine,PSE,1994,3.1,,0,
Palestine,PSE,1995,3.03,,,
Palestine,PSE,1996,3.04,,,
Palestine,PSE,1997,3.88,,,
Palestine,PSE,1998,5.65,,,
Palestine,PSE,1999,7.27,,,
Palestine,PSE,2000,8.64,,0.224507,1.11131
Palestine,PSE,2001,7.87,,5.42645,1.83685
Palestine,PSE,2002,7.28,,7.57298,3.10009
Palestine,PSE,2003,7.17,,7.77179,4.13062
Palestine,PSE,2004,7.81,0.000517959,12.5642,4.4009
Palestine,PSE,2005,9.47,0.209788,15.955,16.005
Palestine,PSE,2006,8.83,0.74544,22.5454,18.41
Palestine,PSE,2007,9.33,1.48923,27.3365,21.176
Palestine,PSE,2008,9.27,,34.3273,24.358
Palestine,PSE,2009,9.39,,45.9038,32.23
Palestine,PSE,2010,8.97,,64.8154,37.4
Palestine,PSE,2011,9.3,3.7893,70.093,41.08
Palestine,PSE,2012,9.34,4.4215,74.3646,43.4
Palestine,PSE,2013,9.34,4.93748,73.9291,46.6
Palestine,PSE,2014,9.13,5.32492,72.4102,53.6652
Palestine,PSE,2015,8.99,6.07091,78.0924,56.7
Palestine,PSE,2016,9.32,6.92213,80.1511,59.9
Palestine,PSE,2017,10,7.58785,84.2594,63.3
Palestine,PSE,2018,9.68,7.50601,90.2055,64.4
Palestine,PSE,2019,9.42,7.35978,86.7372,70.6226
Palestine,PSE,2020,9.2,7.43459,80.1298,76.01
Palestine,PSE,2021,9.37,8.01283,78.1621,82.1783
Palestine,PSE,2022,8.63,7.93673,76.5666,88.6469
Palestine,PSE,2023,7.09,8.37057,76.6919,86.6377
Panama,PAN,1960,,,0,
Panama,PAN,1965,,,0,
Panama,PAN,1970,,,0,
Panama,PAN,1975,,,0,
Panama,PAN,1976,,,0,
Panama,PAN,1977,,,0,
Panama,PAN,1978,5.9283047,,0,
Panama,PAN,1979,6.3029146,,0,
Panama,PAN,1980,6.4742384,,0,
Panama,PAN,1981,6.8309393,,0,
Panama,PAN,1982,7.1099725,,0,
Panama,PAN,1983,7.148201,,0,
Panama,PAN,1984,7.3216033,,0,
Panama,PAN,1985,7.650115,,0,
Panama,PAN,1986,7.8619113,,0,
Panama,PAN,1987,8.38836,,0,
Panama,PAN,1988,8.41001,,0,
Panama,PAN,1989,8.381949,,0,
Panama,PAN,1990,8.8,,0,0
Panama,PAN,1991,9.15,,0,
Panama,PAN,1992,9.48,,0,
Panama,PAN,1993,10,,0,
Panama,PAN,1994,10.8,,0,0.00764
Panama,PAN,1995,11.2,,0,0.0561
Panama,PAN,1996,11.7,,0.25256115,0.22
Panama,PAN,1997,12.9,,0.83005893,0.539
Panama,PAN,1998,14.5,,2.9766989,2.75
Panama,PAN,1999,15.7,,7.912963,3.84
Panama,PAN,2000,14.3,,13.6329,6.5548
Panama,PAN,2001,12.4,0.253165,15.4792,7.2684
Panama,PAN,2002,12.4,0.390977,16.8037,8.51808
Panama,PAN,2003,12,0.471471,21.7068,9.98742
Panama,PAN,2004,13.1,0.515078,38.7539,11.1409
Panama,PAN,2005,14.2,0.53024,52.7838,11.484
Panama,PAN,2006,14.5,3.34036,64.4277,17.3496
Panama,PAN,2007,14.4,4.37188,87.5824,22.29
Panama,PAN,2008,15,5.60439,111.843,33.82
Panama,PAN,2009,15,6.57564,170.203,39.08
Panama,PAN,2010,14.9,7.11835,183.169,40.1
Panama,PAN,2011,15.2,7.65785,182.359,42.7
Panama,PAN,2012,15.2,7.84035,165.287,40.3019
Panama,PAN,2013,15.1,8.03241,162.199,44.03
Panama,PAN,2014,15.1,7.96652,177.439,44.9238
Panama,PAN,2015,15.7,7.98397,144.997,51.2054
Panama,PAN,2016,16.2,10.6707,127.616,54
Panama,PAN,2017,16.2,10.7635,128.826,59.9506
Panama,PAN,2018,17.5,12.9616,137.298,61.8055
Panama,PAN,2019,15.3,12.6486,137.57,63.6284
Panama,PAN,2020,18.8,13.8347,142.283,70.0097
Panama,PAN,2021,20.2,14.8381,147.9,77.031
Panama,PAN,2022,19.2,16.3861,152.062,77.7041
Panama,PAN,2023,18.2,18.1341,156.587,68.5485
Papua New Guinea,PNG,1960,,,0,
Papua New Guinea,PNG,1965,0.19183882,,0,
Papua New Guinea,PNG,1966,0.171519,,,
Papua New Guinea,PNG,1967,0.171519,,,
Papua New Guinea,PNG,1968,0.171519,,,
Papua New Guinea,PNG,1969,0.171519,,,
Papua New Guinea,PNG,1970,0.42184618,,0,
Papua New Guinea,PNG,1971,0.377274,,,
Papua New Guinea,PNG,1972,0.377274,,,
Papua New Guinea,PNG,1973,0.377274,,,
Papua New Guinea,PNG,1974,0.377274,,,
Papua New Guinea,PNG,1975,0.6262386,,0,
Papua New Guinea,PNG,1976,0.6232849,,0,
Papua New Guinea,PNG,1977,0.63066137,,0,
Papua New Guinea,PNG,1978,0.6947227,,0,
Papua New Guinea,PNG,1979,0.74953103,,0,
Papua New Guinea,PNG,1980,0.81879985,,0,
Papua New Guinea,PNG,1981,0.8063554,,0,
Papua New Guinea,PNG,1982,0.77990544,,0,
Papua New Guinea,PNG,1983,0.8344944,,0,
Papua New Guinea,PNG,1984,0.8300279,,0,
Papua New Guinea,PNG,1985,0.8702339,,0,
Papua New Guinea,PNG,1986,0.844187,,0,
Papua New Guinea,PNG,1987,0.8451415,,0,
Papua New Guinea,PNG,1988,0.842281,,0,
Papua New Guinea,PNG,1989,0.8233283,,0,
Papua New Guinea,PNG,1990,0.775,,0,0
Papua New Guinea,PNG,1991,0.842,,0,
Papua New Guinea,PNG,1992,0.875,,0,
Papua New Guinea,PNG,1993,0.91,,0,
Papua New Guinea,PNG,1994,0.893,,0,
Papua New Guinea,PNG,1995,0.94,,0,
Papua New Guinea,PNG,1996,0.972,,0.047744475,0.00207
Papua New Guinea,PNG,1997,1.08,,0.07775521,0.101
Papua New Guinea,PNG,1998,1.1,,0.108156934,0.235
Papua New Guinea,PNG,1999,1.12,,0.13265336,0.667
Papua New Guinea,PNG,2000,1.17,,0.154595,0.835249
Papua New Guinea,PNG,2001,1.08,,0.186787,0.904104
Papua New Guinea,PNG,2002,1.05,,0.253207,1.32166
Papua New Guinea,PNG,2003,1.03,,0.285761,1.3744
Papua New Guinea,PNG,2004,1,,0.763443,1.50791
Papua New Guinea,PNG,2005,0.975,,1.14751,1.71619
Papua New Guinea,PNG,2006,0.911,,1.48198,1.75449
Papua New Guinea,PNG,2007,0.862,,4.30827,1.79056
Papua New Guinea,PNG,2008,0.931,0.0415843,12.1676,1.15
Papua New Guinea,PNG,2009,1.23,0.0601234,19.1394,1.61
Papua New Guinea,PNG,2010,1.59,0.0799107,25.0091,1.28
Papua New Guinea,PNG,2011,1.65,0.0954278,30.5369,2
Papua New Guinea,PNG,2012,1.72,0.113842,33.5215,3.5
Papua New Guinea,PNG,2013,1.69,0.1361,36.1328,5.1
Papua New Guinea,PNG,2014,1.7,0.154867,39.4078,6.5
Papua New Guinea,PNG,2015,1.72,0.171561,40.7171,7.9
Papua New Guinea,PNG,2016,1.72,0.189696,42.2017,9.60154
Papua New Guinea,PNG,2017,1.72,0.196106,43.7752,11.2092
Papua New Guinea,PNG,2018,,,45.7714,
Papua New Guinea,PNG,2019,1.73,0.208138,47.1953,19.9783
Papua New Guinea,PNG,2020,1.69,0.213942,49.0844,24.3969
Papua New Guinea,PNG,2021,1.66,0.20973,48.1179,23.2437
Papua New Guinea,PNG,2022,1.69,0.214639,49.1907,23.7315
Papua New Guinea,PNG,2023,,,34.0589,24.0667
Paraguay,PRY,1960,0.4321762,,0,
Paraguay,PRY,1961,0.430099,,,
Paraguay,PRY,1962,0.430099,,,
Paraguay,PRY,1963,0.430099,,,
Paraguay,PRY,1964,0.430099,,,
Paraguay,PRY,1965,0.45680338,,0,
Paraguay,PRY,1966,0.450673,,,
Paraguay,PRY,1967,0.450673,,,
Paraguay,PRY,1968,0.450673,,,
Paraguay,PRY,1969,0.450673,,,
Paraguay,PRY,1970,0.759677,,0,
Paraguay,PRY,1971,0.739424,,,
Paraguay,PRY,1972,0.739424,,,
Paraguay,PRY,1973,0.739424,,,
Paraguay,PRY,1974,0.739424,,,
Paraguay,PRY,1975,1.1042619,,0,
Paraguay,PRY,1976,1.1484483,,0,
Paraguay,PRY,1977,1.2365247,,0,
Paraguay,PRY,1978,1.3730478,,0,
Paraguay,PRY,1979,1.5286981,,0,
Paraguay,PRY,1980,1.6079706,,0,
Paraguay,PRY,1981,1.7305036,,0,
Paraguay,PRY,1982,1.8723872,,0,
Paraguay,PRY,1983,2.022926,,0,
Paraguay,PRY,1984,2.118391,,0,
Paraguay,PRY,1985,2.1817012,,0,
Paraguay,PRY,1986,2.2198405,,0,
Paraguay,PRY,1987,2.2903144,,0,
Paraguay,PRY,1988,2.4549758,,0,
Paraguay,PRY,1989,2.6149194,,0,
Paraguay,PRY,1990,2.79,,0,0
Paraguay,PRY,1991,2.9,,0,
Paraguay,PRY,1992,3.01,,0.035070892,
Paraguay,PRY,1993,3.26,,0.07728782,
Paraguay,PRY,1994,3.38,,0.17040016,
Paraguay,PRY,1995,3.64,,0.34333807,
Paraguay,PRY,1996,3.76,,0.69741935,0.0204
Paraguay,PRY,1997,4.55,,1.7483385,0.0996
Paraguay,PRY,1998,5.32,,4.7023935,0.195
Paraguay,PRY,1999,5.36,,8.667097,0.382
Paraguay,PRY,2000,5.55,0.00294068,16.0916,0.747631
Paraguay,PRY,2001,5.57,0.00578292,22.1679,1.09879
Paraguay,PRY,2002,5.19,0.0095033,31.6844,1.79497
Paraguay,PRY,2003,5.27,0.00938714,33.237,2.11194
Paraguay,PRY,2004,5.63,0.0566054,32.4609,3.45244
Paraguay,PRY,2005,5.88,0.102788,34.6359,7.90701
Paraguay,PRY,2006,6.01,0.108989,58.724,7.96207
Paraguay,PRY,2007,7.09,0.154693,84.4403,11.21
Paraguay,PRY,2008,6.6,0.228019,103.156,14.27
Paraguay,PRY,2009,6.83,1.3654,99.0726,18.9
Paraguay,PRY,2010,6.33,1.55966,103.187,19.8
Paraguay,PRY,2011,6.34,2.0655,112.287,24.7635
Paraguay,PRY,2012,6.97,2.30883,115.206,29.34
Paraguay,PRY,2013,7.32,2.61726,117.9,36.9
Paraguay,PRY,2014,6.13,3.04993,120.354,43.0074
Paraguay,PRY,2015,5.6,3.49296,120.342,49.7163
Paraguay,PRY,2016,5.61,3.94711,119.848,53.4041
Paraguay,PRY,2017,4.64,4.57926,117.821,61.0758
Paraguay,PRY,2018,4.71,4.98959,115.75,64.9935
Paraguay,PRY,2019,4.19,6.32667,119.137,68.5176
Paraguay,PRY,2020,3.77,8.51592,119.1,73.9575
Paraguay,PRY,2021,3.05,10.8119,119.313,77.0184
Paraguay,PRY,2022,2.49,11.1528,128.088,76.2592
Paraguay,PRY,2023,3,12.8836,126.605,78.0948
Paraguay,PRY,2024,,,,81.5781
Peru,PER,1960,,,0,
Peru,PER,1965,0.7044895,,0,
Peru,PER,1966,0.708712,,,
Peru,PER,1967,0.708712,,,
Peru,PER,1968,0.708712,,,
Peru,PER,1969,0.708712,,,
Peru,PER,1970,1.0322679,,0,
Peru,PER,1971,1.04013,,,
Peru,PER,1972,1.04013,,,
Peru,PER,1973,1.04013,,,
Peru,PER,1974,1.04013,,,
Peru,PER,1975,1.5477773,,0,
Peru,PER,1976,1.6048714,,0,
Peru,PER,1977,1.6474968,,0,
Peru,PER,1978,1.681644,,0,
Peru,PER,1979,1.6823782,,0,
Peru,PER,1980,1.7311226,,0,
Peru,PER,1981,1.7936919,,0,
Peru,PER,1982,1.804127,,0,
Peru,PER,1983,1.9207617,,0,
Peru,PER,1984,1.9925752,,0,
Peru,PER,1985,2.0905817,,0,
Peru,PER,1986,2.2036192,,0,
Peru,PER,1987,2.1967592,,0,
Peru,PER,1988,2.3146267,,0,
Peru,PER,1989,2.454062,,0,
Peru,PER,1990,2.56,,0.007462991,0
Peru,PER,1991,2.4,,0.025240218,
Peru,PER,1992,2.67,,0.09350357,
Peru,PER,1993,2.87,,0.1543769,
Peru,PER,1994,3.23,,0.21765183,0.0085
Peru,PER,1995,4.56,,0.30080098,0.0334
Peru,PER,1996,5.78,,0.80687976,0.246
Peru,PER,1997,6.51,,1.6629512,0.403
Peru,PER,1998,6.04,,2.8764253,1.19
Peru,PER,1999,6.45,0.00028569,3.8599145,1.95
Peru,PER,2000,6.46,0.00405289,4.78924,3.07643
Peru,PER,2001,5.83,,6.65051,7.57876
Peru,PER,2002,6.07,0.137059,8.45399,8.96695
Peru,PER,2003,6.67,0.340487,10.6247,11.6
Peru,PER,2004,7.88,0.817207,14.6938,14.1
Peru,PER,2005,8.55,1.25483,19.8688,17.1
Peru,PER,2006,9.04,1.71194,32.1983,20.7
Peru,PER,2007,9.97,1.99861,54.0374,25.2
Peru,PER,2008,10.7,2.52642,72.9545,30.57
Peru,PER,2009,12.3,2.8642,85.4778,31.4
Peru,PER,2010,10.9,3.20602,100.1,34.77
Peru,PER,2011,11.1,4.13515,110.774,36.01
Peru,PER,2012,11.6,4.88246,99.4508,38.2
Peru,PER,2013,10.8,5.40887,99.9174,39.2
Peru,PER,2014,10.1,5.86754,105.858,40.2447
Peru,PER,2015,9.56,6.56473,112.405,40.8526
Peru,PER,2016,9.96,6.87076,119.655,45.4617
Peru,PER,2017,9.84,7.37508,124.233,50.4504
Peru,PER,2018,9.06,8.09511,132.157,55.0543
Peru,PER,2019,7.6,7.38779,122.79,59.9505
Peru,PER,2020,6.73,8.41187,119.854,65.2518
Peru,PER,2021,6.44,9.05771,129.994,71.1078
Peru,PER,2022,5.37,9.45024,124.119,74.675
Peru,PER,2023,4.44,10.4364,121.975,79.4848
Peru,PER,2024,,,,81.9571
Philippines,PHL,1960,,,0,
Philippines,PHL,1965,0.25300607,,0,
Philippines,PHL,1966,0.268522,,,
Philippines,PHL,1967,0.268522,,,
Philippines,PHL,1968,0.268522,,,
Philippines,PHL,1969,0.268522,,,
Philippines,PHL,1970,0.47281215,,0,
Philippines,PHL,1971,0.494364,,,
Philippines,PHL,1972,0.494364,,,
Philippines,PHL,1973,0.494364,,,
Philippines,PHL,1974,0.494364,,,
Philippines,PHL,1975,0.6698993,,0,
Philippines,PHL,1976,0.69926256,,0,
Philippines,PHL,1977,0.81529313,,0,
Philippines,PHL,1978,0.808442,,0,
Philippines,PHL,1979,0.8249525,,0,
Philippines,PHL,1980,0.8674183,,0,
Philippines,PHL,1981,0.8913969,,0,
Philippines,PHL,1982,0.9437651,,0,
Philippines,PHL,1983,0.93902326,,0,
Philippines,PHL,1984,0.94378287,,0,
Philippines,PHL,1985,0.9309309,,0,
Philippines,PHL,1986,0.954027,,0,
Philippines,PHL,1987,0.9509977,,0,
Philippines,PHL,1988,0.97120935,,0,
Philippines,PHL,1989,0.9833263,,0,
Philippines,PHL,1990,0.971,,0,0
Philippines,PHL,1991,1.01,,0.054886006,
Philippines,PHL,1992,1,,0.08683133,
Philippines,PHL,1993,1.27,,0.1549559,
Philippines,PHL,1994,1.61,,0.25410536,0.00584
Philippines,PHL,1995,2,,0.7131533,0.0286
Philippines,PHL,1996,2.48,,1.3517858,0.0559
Philippines,PHL,1997,2.81,,1.8476918,0.137
Philippines,PHL,1998,3.29,,2.3273022,1.1
Philippines,PHL,1999,3.72,,3.7377245,1.43
Philippines,PHL,2000,3.84,,8.1059,1.98225
Philippines,PHL,2001,4.07,0.0122848,14.9373,2.52401
Philippines,PHL,2002,3.99,0.0252802,18.5184,4.33228
Philippines,PHL,2003,3.94,0.0649107,26.5656,4.85767
Philippines,PHL,2004,3.98,0.103016,38.1227,5.24363
Philippines,PHL,2005,3.83,0.139747,39.5144,5.39764
Philippines,PHL,2006,4.06,0.296093,47.8934,5.74059
Philippines,PHL,2007,4.33,0.544771,62.9643,5.97
Philippines,PHL,2008,4.4,1.12808,73.482,6.22
Philippines,PHL,2009,4.34,1.82489,80.084,9
Philippines,PHL,2010,3.46,,86.3116,25
Philippines,PHL,2011,3.62,1.82293,95.8688,29
Philippines,PHL,2012,3.49,2.14284,101.8,30.8
Philippines,PHL,2013,3.08,2.52047,100.732,32.7
Philippines,PHL,2014,2.98,2.79472,107.284,34.7
Philippines,PHL,2015,3.06,2.7537,111.893,36.9
Philippines,PHL,2016,3.54,2.79705,112.518,39.2
Philippines,PHL,2017,3.85,3.14401,110.962,41.6
Philippines,PHL,2018,3.78,3.4609,122.96,44.1
Philippines,PHL,2019,3.84,5.69731,151.007,43.0266
Philippines,PHL,2020,4.22,7.08109,133.456,53.7649
Philippines,PHL,2021,4.13,8.50898,144.424,66.9078
Philippines,PHL,2022,4.29,7.63947,147.429,75.2111
Philippines,PHL,2023,4.03,6.53931,117.276,83.7661
Poland,POL,1960,1.8136352,,0,
Poland,POL,1961,1.80725,,,
Poland,POL,1962,1.80725,,,
Poland,POL,1963,1.80725,,,
Poland,POL,1964,1.80725,,,
Poland,POL,1965,2.5108826,,0,
Poland,POL,1966,2.49993,,,
Poland,POL,1967,2.49993,,,
Poland,POL,1968,2.49993,,,
Poland,POL,1969,2.49993,,,
Poland,POL,1970,3.2940364,,0,
Poland,POL,1971,3.27826,,,
Poland,POL,1972,3.27826,,,
Poland,POL,1973,3.27826,,,
Poland,POL,1974,3.27826,,,
Poland,POL,1975,4.0885234,,0,
Poland,POL,1976,4.5808163,,0,
Poland,POL,1977,4.834848,,0,
Poland,POL,1978,5.0472174,,0,
Poland,POL,1979,5.2631044,,0,
Poland,POL,1980,5.469938,,0,
Poland,POL,1981,5.6427846,,0,
Poland,POL,1982,5.826662,,0,
Poland,POL,1983,6.0680957,,0,
Poland,POL,1984,6.370491,,0,
Poland,POL,1985,6.6904445,,0,
Poland,POL,1986,7.012114,,0,
Poland,POL,1987,7.368088,,0,
Poland,POL,1988,7.809164,,0,
Poland,POL,1989,8.235322,,0,
Poland,POL,1990,8.65,,0,0
Poland,POL,1991,9.34,,0,0.00523
Poland,POL,1992,10.3,,0.005738221,0.0521
Poland,POL,1993,11.5,,0.040968917,0.13
Poland,POL,1994,13.1,,0.10147631,0.389
Poland,POL,1995,14.9,,0.19530244,0.648
Poland,POL,1996,17,,0.56482303,1.3
Poland,POL,1997,19.6,,2.1153173,2.07
Poland,POL,1998,23,,5.0235605,4.1
Poland,POL,1999,26.6,,10.315486,5.46
Poland,POL,2000,28.6,,17.6355,7.28543
Poland,POL,2001,29.8,0.0313747,26.1578,9.90067
Poland,POL,2002,31,0.318299,36.3554,21.15
Poland,POL,2003,32.2,0.512393,45.5487,24.87
Poland,POL,2004,32.9,2.29479,60.5123,32.53
Poland,POL,2005,31,2.47915,76.5033,38.81
Poland,POL,2006,30.1,7.64661,96.5178,44.58
Poland,POL,2007,27.6,10.9783,108.859,48.6
Poland,POL,2008,24.9,11.7452,115.608,53.13
Poland,POL,2009,22.3,14.7255,117.906,58.97
Poland,POL,2010,20.1,15.3785,123.249,62.32
Poland,POL,2011,17.9,18.2475,131.28,61.95
Poland,POL,2012,15.6,18.008,141.41,62.31
Poland,POL,2013,21.6,18.3774,148.912,62.8492
Poland,POL,2014,25.4,18.9046,148.713,66.5987
Poland,POL,2015,23.7,18.9868,142.52,67.997
Poland,POL,2016,21.3,19.1513,138.519,73.3007
Poland,POL,2017,19.4,19.9532,131.901,75.9854
Poland,POL,2018,17.2,20.5314,126.266,77.5417
Poland,POL,2019,15.8,20.5043,126.597,80.4359
Poland,POL,2020,15.1,21.9256,129.288,83.1849
Poland,POL,2021,14,22.8166,132.987,85.3749
Poland,POL,2022,13.6,23.8373,137.002,86.9411
Poland,POL,2023,12.9,26.114,135.146,86.4147
Poland,POL,2024,,,,88.585
Portugal,PRT,1960,1.0773693,,0,
Portugal,PRT,1961,1.08198,,,
Portugal,PRT,1962,1.08198,,,
Portugal,PRT,1963,1.08198,,,
Portugal,PRT,1964,1.08198,,,
Portugal,PRT,1965,4.5959744,,0,
Portugal,PRT,1966,4.61507,,,
Portugal,PRT,1967,4.61507,,,
Portugal,PRT,1968,4.61507,,,
Portugal,PRT,1969,4.61507,,,
Portugal,PRT,1970,6.2416277,,0,
Portugal,PRT,1971,6.26493,,,
Portugal,PRT,1972,6.26493,,,
Portugal,PRT,1973,6.26493,,,
Portugal,PRT,1974,6.26493,,,
Portugal,PRT,1975,8.454033,,0,
Portugal,PRT,1976,8.795116,,0,
Portugal,PRT,1977,9.136878,,0,
Portugal,PRT,1978,9.441009,,0,
Portugal,PRT,1979,9.70041,,0,
Portugal,PRT,1980,10.11185,,0,
Portugal,PRT,1981,10.726708,,0,
Portugal,PRT,1982,11.603956,,0,
Portugal,PRT,1983,12.559619,,0,
Portugal,PRT,1984,13.280803,,0,
Portugal,PRT,1985,14.008529,,0,
Portugal,PRT,1986,15.089347,,0,
Portugal,PRT,1987,16.529663,,0,
Portugal,PRT,1988,18.449465,,0,
Portugal,PRT,1989,21.845623,,0.027763601,
Portugal,PRT,1990,23.8,,0.064952284,0
Portugal,PRT,1991,27,,0.12617141,0.1
Portugal,PRT,1992,30.3,,0.37341374,0.25
Portugal,PRT,1993,32.7,,1.0138006,0.45
Portugal,PRT,1994,34.7,,1.7319444,0.719
Portugal,PRT,1995,36.3,,3.3910713,1.49
Portugal,PRT,1996,38,,6.57885,2.98
Portugal,PRT,1997,39.6,,14.875383,4.95
Portugal,PRT,1998,40.5,,30.204418,9.87
Portugal,PRT,1999,41.4,0.00290227,45.64927,14.7
Portugal,PRT,2000,42,0.244612,64.814,16.4305
Portugal,PRT,2001,42.4,0.959174,77.0455,18.0871
Portugal,PRT,2002,41.8,2.50254,83.261,19.37
Portugal,PRT,2003,41,4.80216,95.6808,29.67
Portugal,PRT,2004,40.4,7.99867,100.856,31.78
Portugal,PRT,2005,40.3,11.0963,108.991,34.99
Portugal,PRT,2006,40.3,13.5278,116.175,38.01
Portugal,PRT,2007,39.9,14.4788,127.786,42.09
Portugal,PRT,2008,39.4,15.481,132.99,44.13
Portugal,PRT,2009,40.9,18.0766,111.524,48.27
Portugal,PRT,2010,42.4,20.1036,115.425,53.3
Portugal,PRT,2011,43,21.2468,116.837,55.25
Portugal,PRT,2012,43.4,22.7408,113.359,60.34
Portugal,PRT,2013,43.3,24.5103,114.655,62.0956
Portugal,PRT,2014,44.1,27.4622,114.313,64.5924
Portugal,PRT,2015,45.2,30.3,112.964,68.6329
Portugal,PRT,2016,46.3,32.6259,111.847,70.4236
Portugal,PRT,2017,46.8,34.6016,113.874,73.7912
Portugal,PRT,2018,49.1,36.6543,114.859,74.661
Portugal,PRT,2019,49.2,38.3606,115.146,75.3464
Portugal,PRT,2020,50.3,40.1215,114.276,78.2617
Portugal,PRT,2021,51.2,41.5146,119.769,82.309
Portugal,PRT,2022,52.2,42.937,122.801,84.4969
Portugal,PRT,2023,52.8,44.1107,123.002,85.7901
Portugal,PRT,2024,,,,88.487
Puerto Rico,PRI,1960,,,0,
Puerto Rico,PRI,1965,,,0,
Puerto Rico,PRI,1970,,,0,
Puerto Rico,PRI,1975,8.172214,,0,
Puerto Rico,PRI,1976,9.144315,,0,
Puerto Rico,PRI,1977,9.997165,,0,
Puerto Rico,PRI,1978,10.913749,,0,
Puerto Rico,PRI,1979,11.919621,,0,
Puerto Rico,PRI,1980,12.853982,,0,
Puerto Rico,PRI,1981,13.85512,,0,
Puerto Rico,PRI,1982,14.352675,,0,
Puerto Rico,PRI,1983,15.014759,,0,
Puerto Rico,PRI,1984,16.223759,,0,
Puerto Rico,PRI,1985,17.423704,,0,
Puerto Rico,PRI,1986,18.613436,,,
Puerto Rico,PRI,1987,20.107286,,0.113145016,
Puerto Rico,PRI,1988,21.891932,,0.24942875,
Puerto Rico,PRI,1989,23.137714,,0.33013302,
Puerto Rico,PRI,1990,27.7,,0.5747824,0
Puerto Rico,PRI,1991,28.9,,0.9336445,
Puerto Rico,PRI,1992,30.4,,1.6608404,
Puerto Rico,PRI,1993,30.1,,2.606298,
Puerto Rico,PRI,1994,30.8,,4.7609344,0.0273
Puerto Rico,PRI,1995,32.4,,7.746402,0.135
Puerto Rico,PRI,1996,33.7,,8.813733,0.268
Puerto Rico,PRI,1997,33.6,,9.761889,1.33
Puerto Rico,PRI,1998,33.5,,15.322682,2.65
Puerto Rico,PRI,1999,34.1,,21.358936,5.27
Puerto Rico,PRI,2000,34.1,,34.597,10.4746
Puerto Rico,PRI,2001,33.8,0.0636505,42.7001,15.63
Puerto Rico,PRI,2002,33.5,0.596529,43.2185,17.5476
Puerto Rico,PRI,2003,31.9,1.42765,44.9039,19.707
Puerto Rico,PRI,2004,29.3,2.27193,48.6469,22.1307
Puerto Rico,PRI,2005,27.4,3.12183,52.62,23.4001
Puerto Rico,PRI,2006,27.5,3.9784,58.2288,25.4424
Puerto Rico,PRI,2007,26.9,4.84172,64.6148,27.86
Puerto Rico,PRI,2008,25.3,11.3709,67.8448,38
Puerto Rico,PRI,2009,24.2,12.8592,72.616,41.5
Puerto Rico,PRI,2010,24,14.8464,78.9803,45.3
Puerto Rico,PRI,2011,22.4,15.1546,84.3816,48
Puerto Rico,PRI,2012,19.4,15.7202,83.6353,69
Puerto Rico,PRI,2013,18.3,16.6789,85.5377,69
Puerto Rico,PRI,2014,23.1,17.1184,89.9998,76.1339
Puerto Rico,PRI,2015,23.1,20.0014,91.0041,63.4663
Puerto Rico,PRI,2016,23.4,19.7598,93.5607,68.6438
Puerto Rico,PRI,2017,23.2,19.576,100.52,68.7408
Puerto Rico,PRI,2018,21.4,18.5111,101.222,70.8564
Puerto Rico,PRI,2019,20.9,18.5504,102.553,77.7364
Puerto Rico,PRI,2020,21.8,20.4383,106.682,
Puerto Rico,PRI,2021,22.3,23.6441,112.54,84.7867
Puerto Rico,PRI,2022,22.8,22.2824,120.216,87.2918
Puerto Rico,PRI,2023,23.4,23.1596,124.513,
Qatar,QAT,1960,1.6490312,,0,
Qatar,QAT,1961,1.26625,,,
Qatar,QAT,1962,1.26625,,,
Qatar,QAT,1963,1.26625,,,
Qatar,QAT,1964,1.26625,,,
Qatar,QAT,1965,4.626631,,0,
Qatar,QAT,1966,4.07426,,,
Qatar,QAT,1967,4.07426,,,
Qatar,QAT,1968,4.07426,,,
Qatar,QAT,1969,4.07426,,,
Qatar,QAT,1970,6.8639994,,0,
Qatar,QAT,1971,7.39631,,,
Qatar,QAT,1972,7.39631,,,
Qatar,QAT,1973,7.39631,,,
Qatar,QAT,1974,7.39631,,,
Qatar,QAT,1975,6.3063016,,0,
Qatar,QAT,1976,6.7775726,,0,
Qatar,QAT,1977,7.5271707,,0,
Qatar,QAT,1978,7.4294815,,0,
Qatar,QAT,1979,8.449579,,0,
Qatar,QAT,1980,11.029015,,0,
Qatar,QAT,1981,13.9715,,0,
Qatar,QAT,1982,16.60802,,,
Qatar,QAT,1983,18.277884,,,
Qatar,QAT,1984,18.61728,,,
Qatar,QAT,1985,18.996195,,,
Qatar,QAT,1986,19.428606,,,
Qatar,QAT,1987,19.49566,,,
Qatar,QAT,1988,20.190857,,,
Qatar,QAT,1989,20.82779,,,
Qatar,QAT,1990,20.9,,0.8628516,0
Qatar,QAT,1991,21.3,,0.8887458,
Qatar,QAT,1992,22.5,,0.8981674,
Qatar,QAT,1993,22.8,,0.88243765,
Qatar,QAT,1994,23.2,,2.303458,
Qatar,QAT,1995,23.9,,3.5852876,0.19
Qatar,QAT,1996,25.2,,5.436208,0.93
Qatar,QAT,1997,25.8,,7.8962426,3.08
Qatar,QAT,1998,25.9,,11.317786,3.52
Qatar,QAT,1999,25.3,,13.755866,4.07
Qatar,QAT,2000,24.8,,18.7377,4.86368
Qatar,QAT,2001,24.7,,26.2461,6.17027
Qatar,QAT,2002,24.8,0.0320583,37.5002,10.2261
Qatar,QAT,2003,24.8,0.401648,50.5632,19.2423
Qatar,QAT,2004,24.7,1.41142,63.4052,20.7016
Qatar,QAT,2005,24.9,3.10259,86.8374,24.7335
Qatar,QAT,2006,23.5,4.80793,94.546,28.9741
Qatar,QAT,2007,19.6,7.25413,104.601,37
Qatar,QAT,2008,18.6,7.4409,100.179,44.3
Qatar,QAT,2009,18.2,9.12708,122.869,53.1
Qatar,QAT,2010,15.8,8.5294,127.92,69
Qatar,QAT,2011,17.1,9.08921,127.128,69
Qatar,QAT,2012,20.7,9.70717,136.395,69.3
Qatar,QAT,2013,20.3,10.6013,162.86,85.3
Qatar,QAT,2014,18.8,10.1638,149.02,91.49
Qatar,QAT,2015,18.9,9.7957,154.098,92.8848
Qatar,QAT,2016,18,9.76074,140.518,95.1247
Qatar,QAT,2017,17.1,9.47867,147.358,97.3888
Qatar,QAT,2018,16.4,9.70272,142.911,99.6528
Qatar,QAT,2019,16.5,10.1747,140.017,99.6528
Qatar,QAT,2020,16.2,10.5632,135.498,99.6528
Qatar,QAT,2021,16.3,11.0796,137.71,99.6528
Qatar,QAT,2022,18.1,12.6414,162.249,99.6528
Qatar,QAT,2023,17.6,11.6411,157.821,99.6528
Romania,ROU,1960,,,0,
Romania,ROU,1965,1.6006635,,0,
Romania,ROU,1966,1.57898,,,
Romania,ROU,1967,1.57898,,,
Romania,ROU,1968,1.57898,,,
Romania,ROU,1969,1.57898,,,
Romania,ROU,1970,2.208545,,0,
Romania,ROU,1971,2.14123,,,
Romania,ROU,1972,2.14123,,,
Romania,ROU,1973,2.14123,,,
Romania,ROU,1974,2.14123,,,
Romania,ROU,1975,4.0487046,,0,
Romania,ROU,1976,4.5874906,,0,
Romania,ROU,1977,5.2263284,,0,
Romania,ROU,1978,5.951284,,0,
Romania,ROU,1979,6.729263,,0,
Romania,ROU,1980,7.31292,,0,
Romania,ROU,1981,7.6447544,,0,
Romania,ROU,1982,7.836617,,0,
Romania,ROU,1983,8.034365,,0,
Romania,ROU,1984,8.457587,,0,
Romania,ROU,1985,8.714621,,0,
Romania,ROU,1986,9.222497,,0,
Romania,ROU,1987,9.584358,,0,
Romania,ROU,1988,9.930876,,0,
Romania,ROU,1989,10.25925,,0,
Romania,ROU,1990,10.3,,0,0
Romania,ROU,1991,10.7,,0,
Romania,ROU,1992,11.2,,0,
Romania,ROU,1993,11.4,,0.00352087,0.0037
Romania,ROU,1994,12.3,,0.012260979,0.0263
Romania,ROU,1995,13.1,,0.04024296,0.075
Romania,ROU,1996,14.1,,0.07583237,0.222
Romania,ROU,1997,15.2,,0.9017685,0.445
Romania,ROU,1998,16.1,,2.9014618,2.24
Romania,ROU,1999,16.9,,6.150459,2.7
Romania,ROU,2000,17.7,,11.3353,3.61372
Romania,ROU,2001,18.8,0.0273724,17.5417,4.53867
Romania,ROU,2002,19.4,0.0725769,23.4754,6.58
Romania,ROU,2003,20.1,0.908174,32.602,8.9
Romania,ROU,2004,20.5,0.487146,47.7283,15
Romania,ROU,2005,20.7,1.7776,62.9515,21.5
Romania,ROU,2006,20,5.18166,76.0183,24.66
Romania,ROU,2007,21.2,9.35378,97.7446,28.3
Romania,ROU,2008,22.9,12.1504,118.106,32.42
Romania,ROU,2009,23,13.6687,121.981,36.6
Romania,ROU,2010,22,14.6854,119.221,39.93
Romania,ROU,2011,23.1,16.1875,115.472,40.01
Romania,ROU,2012,23.1,17.5675,113.302,45.88
Romania,ROU,2013,23.5,18.8919,114.191,49.7645
Romania,ROU,2014,22.8,20.114,114.783,54.0783
Romania,ROU,2015,21.5,21.449,116.35,55.7632
Romania,ROU,2016,20.8,22.4983,115.791,59.504
Romania,ROU,2017,19.8,24.1489,113.767,63.7473
Romania,ROU,2018,18.7,25.9702,115.492,70.6813
Romania,ROU,2019,17.3,27.0606,116.252,73.6575
Romania,ROU,2020,15.6,29.3141,116.478,78.4553
Romania,ROU,2021,13.5,31.695,119.123,83.5904
Romania,ROU,2022,11.6,33.2116,121.142,85.5031
Romania,ROU,2023,10.3,34.6706,123.252,89.2034
Romania,ROU,2024,,,,91.2905
Russia,RUS,1960,,,0,
Russia,RUS,1965,,,0,
Russia,RUS,1970,,,0,
Russia,RUS,1975,4.409406,,0,
Russia,RUS,1976,4.8292584,,0,
Russia,RUS,1977,5.6862936,,0,
Russia,RUS,1978,6.1646934,,0,
Russia,RUS,1979,6.7085032,,0,
Russia,RUS,1980,7.0262794,,0,
Russia,RUS,1981,7.935603,,0,
Russia,RUS,1982,8.45274,,0,
Russia,RUS,1983,9.004101,,0,
Russia,RUS,1984,9.588661,,0,
Russia,RUS,1985,10.212841,,0,
Russia,RUS,1986,10.875351,,0,
Russia,RUS,1987,11.576685,,0,
Russia,RUS,1988,12.327628,,0,
Russia,RUS,1989,13.141416,,0,
Russia,RUS,1990,13.9,,0,0
Russia,RUS,1991,14.9,,0.000202709,
Russia,RUS,1992,15.3,,0.00404671,0.000673
Russia,RUS,1993,15.8,,0.006739744,0.0134
Russia,RUS,1994,16.3,,0.01870179,0.0538
Russia,RUS,1995,16.9,,0.059723075,0.148
Russia,RUS,1996,17.5,,0.1506558,0.27
Russia,RUS,1997,19.1,,0.3282224,0.473
Russia,RUS,1998,19.8,,0.50702834,0.813
Russia,RUS,1999,21,,0.932935,1.02
Russia,RUS,2000,21.9,,2.22413,1.97723
Russia,RUS,2001,22.8,,5.3043,2.94437
Russia,RUS,2002,24.3,0.00753737,12.0658,4.12827
Russia,RUS,2003,24.8,0.235263,24.785,8.29886
Russia,RUS,2004,26.5,0.46494,50.7798,12.8594
Russia,RUS,2005,27.7,1.09891,82.9888,15.2267
Russia,RUS,2006,30.5,2.01245,104.56,18.0233
Russia,RUS,2007,31.4,3.40609,119.005,24.66
Russia,RUS,2008,31.7,6.45288,138.738,32
Russia,RUS,2009,31.5,8.96648,159.902,42.55
Russia,RUS,2010,31.2,10.9077,165.137,49
Russia,RUS,2011,30.7,12.2427,141.451,58
Russia,RUS,2012,29.2,14.5008,144.198,66
Russia,RUS,2013,28,16.4209,150.964,67.97
Russia,RUS,2014,26.4,17.2161,152.513,70.5176
Russia,RUS,2015,24.5,18.4997,156.419,70.0992
Russia,RUS,2016,22.1,18.8798,157.174,73.0914
Russia,RUS,2017,21.9,21.2764,155.486,76.0081
Russia,RUS,2018,20.6,21.8963,156.683,80.8647
Russia,RUS,2019,18.9,22.4233,163.646,82.6422
Russia,RUS,2020,17.7,23.1557,163.101,84.9947
Russia,RUS,2021,16.4,23.7409,169.073,88.2138
Russia,RUS,2022,15.1,24.6346,168.476,90.418
Russia,RUS,2023,,25.8239,180.842,92.245
Russia,RUS,2024,,,,94.365
Rwanda,RWA,1960,0.046052776,,0,
Rwanda,RWA,1961,0.0465325,,,
Rwanda,RWA,1962,0.0465325,,,
Rwanda,RWA,1963,0.0465325,,,
Rwanda,RWA,1964,0.0465325,,,
Rwanda,RWA,1965,0.017917765,,0,
Rwanda,RWA,1966,0.0185441,,,
Rwanda,RWA,1967,0.0185441,,,
Rwanda,RWA,1968,0.0185441,,,
Rwanda,RWA,1969,0.0185441,,,
Rwanda,RWA,1970,0.030797929,,0,
Rwanda,RWA,1971,0.0319373,,,
Rwanda,RWA,1972,0.0319373,,,
Rwanda,RWA,1973,0.0319373,,,
Rwanda,RWA,1974,0.0319373,,,
Rwanda,RWA,1975,0.050932776,,0,
Rwanda,RWA,1976,0.049481444,,0,
Rwanda,RWA,1977,0.052265696,,0,
Rwanda,RWA,1978,0.054856285,,0,
Rwanda,RWA,1979,0.05517922,,0,
Rwanda,RWA,1980,0.06288671,,0,
Rwanda,RWA,1981,0.061374877,,0,
Rwanda,RWA,1982,0.0713616,,0,
Rwanda,RWA,1983,0.07963278,,0,
Rwanda,RWA,1984,0.08098431,,0,
Rwanda,RWA,1985,0.08246696,,0,
Rwanda,RWA,1986,0.08378215,,0,
Rwanda,RWA,1987,0.09740448,,0,
Rwanda,RWA,1988,0.117501155,,0,
Rwanda,RWA,1989,0.12899795,,0,
Rwanda,RWA,1990,0.141,,0,0
Rwanda,RWA,1991,0.15,,0,
Rwanda,RWA,1992,0.153,,0,
Rwanda,RWA,1993,0.138,,0,
Rwanda,RWA,1994,0.147,,0,
Rwanda,RWA,1995,0.122,,0,
Rwanda,RWA,1996,0.153,,0,0.000883
Rwanda,RWA,1997,0.15,,0,0.00163
Rwanda,RWA,1998,0.134,,0.063174024,0.0118
Rwanda,RWA,1999,0.155,,0.13733542,0.0672
Rwanda,RWA,2000,0.214,,0.474803,0.0628315
Rwanda,RWA,2001,0.259,,0.784352,0.240672
Rwanda,RWA,2002,0.299,,0.980824,0.292785
Rwanda,RWA,2003,0.298,,1.52232,0.356918
Rwanda,RWA,2004,0.261,0.0130205,1.55692,0.430854
Rwanda,RWA,2005,0.261,0.0130322,2.46261,0.556041
Rwanda,RWA,2006,0.251,0.0183241,3.37878,
Rwanda,RWA,2007,0.242,0.0266285,6.6507,2.11539
Rwanda,RWA,2008,0.171,0.0114236,13.4904,4.5
Rwanda,RWA,2009,0.333,0.022007,24.1466,7.7
Rwanda,RWA,2010,0.384,0.0382067,34.3954,8
Rwanda,RWA,2011,0.368,0.0817592,42.0494,7
Rwanda,RWA,2012,0.41,0.0507669,52.5467,8.02385
Rwanda,RWA,2013,0.409,0.0250691,60.2989,9
Rwanda,RWA,2014,0.437,0.0256671,68.167,10.6
Rwanda,RWA,2015,0.146,0.181486,75.2543,12.5
Rwanda,RWA,2016,0.112,0.182236,74.8502,14.6
Rwanda,RWA,2017,0.101,0.178494,72.2765,17.2
Rwanda,RWA,2018,0.104,0.0600657,77.6795,19.2
Rwanda,RWA,2019,0.0892,0.0695439,75.5985,21.358
Rwanda,RWA,2020,0.0893,0.135353,81.2379,23.8
Rwanda,RWA,2021,0.0891,0.238872,81.6382,24.4416
Rwanda,RWA,2022,0.0757,0.349952,80.5952,31.2252
Rwanda,RWA,2023,0.0599,0.445556,91.4623,34.2005
Saint Kitts and Nevis,KNA,1960,,,0,
Saint Kitts and Nevis,KNA,1965,,,0,
Saint Kitts and Nevis,KNA,1970,,,0,
Saint Kitts and Nevis,KNA,1975,,,0,
Saint Kitts and Nevis,KNA,1976,,,0,
Saint Kitts and Nevis,KNA,1977,,,0,
Saint Kitts and Nevis,KNA,1978,,,0,
Saint Kitts and Nevis,KNA,1979,,,0,
Saint Kitts and Nevis,KNA,1980,,,0,
Saint Kitts and Nevis,KNA,1981,,,0,
Saint Kitts and Nevis,KNA,1982,,,0,
Saint Kitts and Nevis,KNA,1983,5.164319,,0,
Saint Kitts and Nevis,KNA,1984,5.5450683,,0,
Saint Kitts and Nevis,KNA,1985,6.99981,,0,
Saint Kitts and Nevis,KNA,1986,10.31297,,0,
Saint Kitts and Nevis,KNA,1987,12.6630945,,0,
Saint Kitts and Nevis,KNA,1988,17.078484,,0,
Saint Kitts and Nevis,KNA,1989,19.82094,,0,
Saint Kitts and Nevis,KNA,1990,24,,0,0
Saint Kitts and Nevis,KNA,1991,25.2,,,
Saint Kitts and Nevis,KNA,1992,28.3,,,
Saint Kitts and Nevis,KNA,1993,29.7,,,
Saint Kitts and Nevis,KNA,1994,32.5,,,
Saint Kitts and Nevis,KNA,1995,34,,,
Saint Kitts and Nevis,KNA,1996,36.5,,0.6961041,1.95
Saint Kitts and Nevis,KNA,1997,39.6,,0.46958035,2.26
Saint Kitts and Nevis,KNA,1998,41.7,,0.9947999,3.34
Saint Kitts and Nevis,KNA,1999,45,,1.5616286,4.4
Saint Kitts and Nevis,KNA,2000,48.4,,2.65205,5.86281
Saint Kitts and Nevis,KNA,2001,49.2,,4.58906,7.71473
Saint Kitts and Nevis,KNA,2002,51.1,1.08648,10.8648,21.1524
Saint Kitts and Nevis,KNA,2003,50.9,4.33125,47.6438,22.9698
Saint Kitts and Nevis,KNA,2004,43.9,9.50016,62.6147,24.7377
Saint Kitts and Nevis,KNA,2005,43.7,13.9975,109.826,34
Saint Kitts and Nevis,KNA,2006,44.3,18.8967,109.515,38.5
Saint Kitts and Nevis,KNA,2007,43.8,20.5541,138.098,43.5
Saint Kitts and Nevis,KNA,2008,43.6,23.7088,159.069,49.2
Saint Kitts and Nevis,KNA,2009,43.7,27.7091,160.926,55.7
Saint Kitts and Nevis,KNA,2010,42.3,31.1659,170.772,63
Saint Kitts and Nevis,KNA,2011,42.2,26.8737,164.228,63.2
Saint Kitts and Nevis,KNA,2012,42.5,27.6402,161.589,64
Saint Kitts and Nevis,KNA,2013,40.8,28.2564,163.59,64.6
Saint Kitts and Nevis,KNA,2014,41.2,29.7692,138.036,65.4
Saint Kitts and Nevis,KNA,2015,41.9,34.7782,155.051,66.2
Saint Kitts and Nevis,KNA,2016,37,30.1179,162.683,67
Saint Kitts and Nevis,KNA,2017,36.8,62.2147,163.396,67.8
Saint Kitts and Nevis,KNA,2018,33.2,34.8473,152.302,68.6
Saint Kitts and Nevis,KNA,2019,34.4,43.4039,138.916,69.4
Saint Kitts and Nevis,KNA,2020,34.2,45.9569,133.401,70.2753
Saint Kitts and Nevis,KNA,2021,33.6,43.0255,121.256,74.3716
Saint Kitts and Nevis,KNA,2022,33.4,46.7447,116.924,75.5566
Saint Kitts and Nevis,KNA,2023,,,118.893,76.4208
Saint Lucia,LCA,1960,,,0,
Saint Lucia,LCA,1965,,,0,
Saint Lucia,LCA,1970,2.037055,,0,
Saint Lucia,LCA,1971,2.01894,,,
Saint Lucia,LCA,1972,2.01894,,,
Saint Lucia,LCA,1973,2.01894,,,
Saint Lucia,LCA,1974,2.01894,,,
Saint Lucia,LCA,1975,3.2287865,,0,
Saint Lucia,LCA,1976,3.2621825,,0,
Saint Lucia,LCA,1977,3.3799887,,0,
Saint Lucia,LCA,1978,3.5776043,,0,
Saint Lucia,LCA,1979,3.8505647,,0,
Saint Lucia,LCA,1980,3.9462974,,0,
Saint Lucia,LCA,1981,4.035252,,0,
Saint Lucia,LCA,1982,3.9249094,,0,
Saint Lucia,LCA,1983,3.8928683,,0,
Saint Lucia,LCA,1984,5.0970335,,0,
Saint Lucia,LCA,1985,5.6978855,,0,
Saint Lucia,LCA,1986,6.0900526,,0,
Saint Lucia,LCA,1987,6.508261,,0,
Saint Lucia,LCA,1988,7.873936,,0,
Saint Lucia,LCA,1989,8.914472,,0,
Saint Lucia,LCA,1990,12.3,,0,0
Saint Lucia,LCA,1991,12.3,,,
Saint Lucia,LCA,1992,14.3,,,
Saint Lucia,LCA,1993,16.9,,,
Saint Lucia,LCA,1994,17.1,,0.3480317,
Saint Lucia,LCA,1995,20.6,,0.6563919,0.306
Saint Lucia,LCA,1996,22.5,,0.9092739,0.67
Saint Lucia,LCA,1997,24.2,,1.0292434,0.992
Saint Lucia,LCA,1998,26.1,,1.2113098,1.3
Saint Lucia,LCA,1999,28.4,,1.4533414,1.93
Saint Lucia,LCA,2000,30.8,,1.57613,5.09048
Saint Lucia,LCA,2001,31.2,,1.685,8.18186
Saint Lucia,LCA,2002,31.6,,8.85481,14.6418
Saint Lucia,LCA,2003,30.1,0.859022,60.7451,20.9825
Saint Lucia,LCA,2004,25.6,2.3137,61.4957,21.3952
Saint Lucia,LCA,2005,23.6,4.23089,63.8598,21.5676
Saint Lucia,LCA,2006,23.6,4.30631,63.3705,24.5
Saint Lucia,LCA,2007,23.7,6.60356,87.6262,27.9
Saint Lucia,LCA,2008,24.3,9.19802,103.695,30
Saint Lucia,LCA,2009,22.7,10.9414,111.697,31
Saint Lucia,LCA,2010,21.9,11.9896,115.977,32.5
Saint Lucia,LCA,2011,20.9,12.4213,126.035,34
Saint Lucia,LCA,2012,21.3,14.238,125.154,45.865
Saint Lucia,LCA,2013,19.3,14.2494,122.319,49.4
Saint Lucia,LCA,2014,18.9,16.1935,108.162,53.2
Saint Lucia,LCA,2015,19.9,16.2523,107.339,57.3
Saint Lucia,LCA,2016,20.2,16.958,100.57,58.2226
Saint Lucia,LCA,2017,19.9,18.049,100.2,59.1601
Saint Lucia,LCA,2018,20.6,18.2271,104.478,60.1126
Saint Lucia,LCA,2019,8.89,8.8849,83.1865,61.0805
Saint Lucia,LCA,2020,8.38,19.9725,81.8687,62.064
Saint Lucia,LCA,2021,18,10.6754,96.2374,63.0633
Saint Lucia,LCA,2022,17.1,13.5719,98.6676,65.3544
Saint Lucia,LCA,2023,,,,70.0834
Saint Vincent and the Grenadines,VCT,1960,,,0,
Saint Vincent and the Grenadines,VCT,1965,,,0,
Saint Vincent and the Grenadines,VCT,1970,1.6250418,,0,
Saint Vincent and the Grenadines,VCT,1971,1.76778,,,
Saint Vincent and the Grenadines,VCT,1972,1.76778,,,
Saint Vincent and the Grenadines,VCT,1973,1.76778,,,
Saint Vincent and the Grenadines,VCT,1974,1.76778,,,
Saint Vincent and the Grenadines,VCT,1975,3.0516274,,0,
Saint Vincent and the Grenadines,VCT,1976,3.1802423,,0,
Saint Vincent and the Grenadines,VCT,1977,3.2986095,,0,
Saint Vincent and the Grenadines,VCT,1978,3.3416169,,0,
Saint Vincent and the Grenadines,VCT,1979,3.32142,,0,
Saint Vincent and the Grenadines,VCT,1980,3.3029401,,0,
Saint Vincent and the Grenadines,VCT,1981,3.4393196,,0,
Saint Vincent and the Grenadines,VCT,1982,3.4944115,,0,
Saint Vincent and the Grenadines,VCT,1983,3.555669,,0,
Saint Vincent and the Grenadines,VCT,1984,3.5720112,,0,
Saint Vincent and the Grenadines,VCT,1985,4.88612,,0,
Saint Vincent and the Grenadines,VCT,1986,5.3865767,,0,
Saint Vincent and the Grenadines,VCT,1987,6.2628613,,0,
Saint Vincent and the Grenadines,VCT,1988,7.1380134,,0,
Saint Vincent and the Grenadines,VCT,1989,8.034188,,0,
Saint Vincent and the Grenadines,VCT,1990,11.7,,0,0
Saint Vincent and the Grenadines,VCT,1991,13,,,
Saint Vincent and the Grenadines,VCT,1992,13.9,,0.06182544,
Saint Vincent and the Grenadines,VCT,1993,14.6,,0.07304987,
Saint Vincent and the Grenadines,VCT,1994,15.2,,0.13164361,
Saint Vincent and the Grenadines,VCT,1995,16.1,,0.18830907,0.129
Saint Vincent and the Grenadines,VCT,1996,17.1,,0.24499081,0.483
Saint Vincent and the Grenadines,VCT,1997,18.1,,0.30277574,0.926
Saint Vincent and the Grenadines,VCT,1998,18.6,,0.65694964,1.85
Saint Vincent and the Grenadines,VCT,1999,20.8,,1.2456796,2.78
Saint Vincent and the Grenadines,VCT,2000,21.9,,2.07935,3.24504
Saint Vincent and the Grenadines,VCT,2001,23,0.071365,6.60082,5.09481
Saint Vincent and the Grenadines,VCT,2002,24.1,0.95812,8.80659,5.54959
Saint Vincent and the Grenadines,VCT,2003,18.7,1.0129,55.6041,6.46227
Saint Vincent and the Grenadines,VCT,2004,16.9,1.16985,63.81,7.37117
Saint Vincent and the Grenadines,VCT,2005,20,3.24322,62.8012,9.19828
Saint Vincent and the Grenadines,VCT,2006,20.2,5.01544,78.2349,12
Saint Vincent and the Grenadines,VCT,2007,20.6,7.14779,99.0675,16
Saint Vincent and the Grenadines,VCT,2008,20.5,8.43391,117.176,21
Saint Vincent and the Grenadines,VCT,2009,20.8,10.4128,109.597,31
Saint Vincent and the Grenadines,VCT,2010,19.7,11.3697,119.855,33.7
Saint Vincent and the Grenadines,VCT,2011,20.8,12.1163,120.54,36.7
Saint Vincent and the Grenadines,VCT,2012,17.8,12.5221,116.789,40
Saint Vincent and the Grenadines,VCT,2013,17.6,13.5053,115.946,43.5
Saint Vincent and the Grenadines,VCT,2014,22.2,13.6848,106.958,47.4
Saint Vincent and the Grenadines,VCT,2015,23.2,15.8564,105.994,49.4
Saint Vincent and the Grenadines,VCT,2016,19.3,20.5597,105.924,51.5
Saint Vincent and the Grenadines,VCT,2017,19,18.2401,109.635,53.7
Saint Vincent and the Grenadines,VCT,2018,19,23.4575,107.164,56
Saint Vincent and the Grenadines,VCT,2019,17.2,20.8463,92.5178,59.5763
Saint Vincent and the Grenadines,VCT,2020,16.8,23.8906,96.9438,63.381
Saint Vincent and the Grenadines,VCT,2021,11.9,27.102,95.5174,67.4287
Saint Vincent and the Grenadines,VCT,2022,10.8,28.9967,102.334,71.7226
Saint Vincent and the Grenadines,VCT,2023,10.1,30.4936,101.631,75.9927
Samoa,WSM,1960,,,0,
Samoa,WSM,1965,,,0,
Samoa,WSM,1970,,,0,
Samoa,WSM,1975,,,0,
Samoa,WSM,1976,,,0,
Samoa,WSM,1977,,,0,
Samoa,WSM,1978,,,0,
Samoa,WSM,1979,,,0,
Samoa,WSM,1980,,,0,
Samoa,WSM,1981,2.089175,,0,
Samoa,WSM,1982,2.1272132,,0,
Samoa,WSM,1983,2.1564116,,0,
Samoa,WSM,1984,2.188525,,0,
Samoa,WSM,1985,2.2219954,,0,
Samoa,WSM,1986,2.2540798,,0,
Samoa,WSM,1987,2.2785463,,0,
Samoa,WSM,1988,2.358885,,0,
Samoa,WSM,1989,2.382569,,0,
Samoa,WSM,1990,2.43,,0,0
Samoa,WSM,1991,2.46,,0,
Samoa,WSM,1992,3.82,,0,
Samoa,WSM,1993,4.13,,0,
Samoa,WSM,1994,4.27,,0,
Samoa,WSM,1995,4.47,,0,
Samoa,WSM,1996,4.69,,0,
Samoa,WSM,1997,4.76,,0.4290283,0.175
Samoa,WSM,1998,4.74,,0.82046735,0.23
Samoa,WSM,1999,4.72,,1.3347163,0.285
Samoa,WSM,2000,4.69,,1.37601,0.566393
Samoa,WSM,2001,5.28,,1.36488,1.6899
Samoa,WSM,2002,6.39,,1.46364,2.24483
Samoa,WSM,2003,7.17,,5.66251,2.79963
Samoa,WSM,2004,8.8,0.0171813,8.59065,3.07553
Samoa,WSM,2005,10.4,0.0347634,12.8357,3.35259
Samoa,WSM,2006,,0.0522085,24.2396,4.46917
Samoa,WSM,2007,,0.0688731,45.5622,4.74998
Samoa,WSM,2008,,0.0841631,,5.03162
Samoa,WSM,2009,,0.104432,,6
Samoa,WSM,2010,4.14,0.103615,46.6266,7
Samoa,WSM,2011,,,,11
Samoa,WSM,2012,4.21,0.55166,51.0448,12.9225
Samoa,WSM,2013,4.23,0.624407,50.3798,15.3
Samoa,WSM,2014,5.89,1.01031,53.2521,21.2
Samoa,WSM,2015,5.68,1.0328,59.7263,25.407
Samoa,WSM,2016,4.76,1.06585,74.2058,31.7
Samoa,WSM,2017,4.12,0.823698,60.4683,39.4
Samoa,WSM,2018,,0.8151,48.1737,43.1336
Samoa,WSM,2019,2.86,0.806559,40.0419,47.2211
Samoa,WSM,2020,2.83,0.798324,32.5558,51.6959
Samoa,WSM,2021,2.81,0.791472,32.2763,56.5947
Samoa,WSM,2022,2.12,0.877539,62.3987,57.3288
Samoa,WSM,2023,,,,58.1386
San Marino,SMR,1983,31.858728,,,
San Marino,SMR,1984,32.585083,,,
San Marino,SMR,1985,34.171124,,,
San Marino,SMR,1986,36.623493,,,
San Marino,SMR,1987,38.329544,,,
San Marino,SMR,1988,39.126965,,,
San Marino,SMR,1989,42.358463,,,
San Marino,SMR,1990,43.6,,0,0
San Marino,SMR,1991,45.4,,,
San Marino,SMR,1992,56,,3.780242,
San Marino,SMR,1993,57.6,,5.3758993,
San Marino,SMR,1994,58.1,,7.744039,
San Marino,SMR,1995,63.9,,9.402877,1.36
San Marino,SMR,1996,67,,9.031108,1.43
San Marino,SMR,1997,68,,9.181122,1.42
San Marino,SMR,1998,74,,19.156057,1.41
San Marino,SMR,1999,75.2,,36.282383,42.8
San Marino,SMR,2000,75.8,,54.1177,48.7995
San Marino,SMR,2001,75.5,,58.4092,50.3417
San Marino,SMR,2002,74.9,,60.9618,50.8348
San Marino,SMR,2003,74.3,2.15494,60.6975,50.0035
San Marino,SMR,2004,73.6,3.8152,60.5787,50.5663
San Marino,SMR,2005,73,4.26991,60.0238,50.2596
San Marino,SMR,2006,72.6,5.11368,60.0857,50.2087
San Marino,SMR,2007,71.9,5.45436,59.6944,50.3648
San Marino,SMR,2008,71.7,16.4978,82.1588,54.52
San Marino,SMR,2009,67.9,18.099,99.5314,54.21
San Marino,SMR,2010,63.9,19.5664,99.8792,
San Marino,SMR,2011,58.1,20.3239,110.246,49.6
San Marino,SMR,2012,55.9,29.5874,107.569,
San Marino,SMR,2013,55.8,30.4313,109.399,
San Marino,SMR,2014,55.2,34.6924,111.49,
San Marino,SMR,2015,48.8,34.3382,108.032,
San Marino,SMR,2016,46.8,35.1278,107.052,
San Marino,SMR,2017,52.4,30.5428,110.536,60.1823
San Marino,SMR,2018,47.8,31.446,111.5,
San Marino,SMR,2019,46.2,31.977,111.823,67.8507
San Marino,SMR,2020,46,31.6374,112.169,77.95
San Marino,SMR,2021,46.3,34.7102,115.701,81.67
San Marino,SMR,2022,46.9,35.7876,120.27,85.0607
San Marino,SMR,2023,,,,87.0278
Sao Tome and Principe,STP,1960,0.51735795,,0,
Sao Tome and Principe,STP,1961,0.547417,,,
Sao Tome and Principe,STP,1962,0.547417,,,
Sao Tome and Principe,STP,1963,0.547417,,,
Sao Tome and Principe,STP,1964,0.547417,,,
Sao Tome and Principe,STP,1965,,,0,
Sao Tome and Principe,STP,1966,0.547417,,,
Sao Tome and Principe,STP,1967,0.547417,,,
Sao Tome and Principe,STP,1968,0.547417,,,
Sao Tome and Principe,STP,1969,0.547417,,,
Sao Tome and Principe,STP,1970,,,0,
Sao Tome and Principe,STP,1971,0.547417,,,
Sao Tome and Principe,STP,1972,0.547417,,,
Sao Tome and Principe,STP,1973,0.547417,,,
Sao Tome and Principe,STP,1974,0.547417,,,
Sao Tome and Principe,STP,1975,0.58114535,,0,
Sao Tome and Principe,STP,1976,0.56767863,,0,
Sao Tome and Principe,STP,1977,0.66445917,,0,
Sao Tome and Principe,STP,1978,0.6475426,,0,
Sao Tome and Principe,STP,1979,,,0,
Sao Tome and Principe,STP,1980,,,0,
Sao Tome and Principe,STP,1981,0.80467886,,0,
Sao Tome and Principe,STP,1982,1.2107161,,0,
Sao Tome and Principe,STP,1983,1.5148563,,0,
Sao Tome and Principe,STP,1984,1.6890438,,0,
Sao Tome and Principe,STP,1985,1.7578583,,0,
Sao Tome and Principe,STP,1986,1.8363526,,0,
Sao Tome and Principe,STP,1987,1.8967835,,0,
Sao Tome and Principe,STP,1988,1.9561098,,0,
Sao Tome and Principe,STP,1989,1.8732172,,0,
Sao Tome and Principe,STP,1990,1.79,,0,0
Sao Tome and Principe,STP,1991,1.76,,0,
Sao Tome and Principe,STP,1992,1.84,,0,
Sao Tome and Principe,STP,1993,1.83,,0,
Sao Tome and Principe,STP,1994,1.85,,0,
Sao Tome and Principe,STP,1995,1.85,,0,
Sao Tome and Principe,STP,1996,1.9,,0,
Sao Tome and Principe,STP,1997,3.1,,0,
Sao Tome and Principe,STP,1998,3.05,,0,0.296
Sao Tome and Principe,STP,1999,3.18,,0,0.363
Sao Tome and Principe,STP,2000,3.2,,0,4.63852
Sao Tome and Principe,STP,2001,3.72,,0,6.31092
Sao Tome and Principe,STP,2002,4.25,,1.32069,7.58067
Sao Tome and Principe,STP,2003,4.53,,3.133,10.1618
Sao Tome and Principe,STP,2004,4.47,,4.91107,13.3229
Sao Tome and Principe,STP,2005,4.4,,7.39487,13.7595
Sao Tome and Principe,STP,2006,4.58,0.0754658,11.1231,14.182
Sao Tome and Principe,STP,2007,4.51,0.181497,17.7366,14.5905
Sao Tome and Principe,STP,2008,4.4,0.197937,29.0869,15.48
Sao Tome and Principe,STP,2009,4.33,0.249082,45.4471,16.41
Sao Tome and Principe,STP,2010,4.29,0.321779,56.5065,18.75
Sao Tome and Principe,STP,2011,4.29,0.396986,61.9653,20.1612
Sao Tome and Principe,STP,2012,4.24,0.410686,64.4915,21.5724
Sao Tome and Principe,STP,2013,3.61,0.506347,64.8875,23
Sao Tome and Principe,STP,2014,3.46,0.559037,65.3057,24.41
Sao Tome and Principe,STP,2015,3.22,0.656045,92.3511,25.82
Sao Tome and Principe,STP,2016,2.81,0.699596,87.4112,28
Sao Tome and Principe,STP,2017,2.69,0.714596,84.0523,32.6
Sao Tome and Principe,STP,2018,2.52,0.740769,77.3644,38
Sao Tome and Principe,STP,2019,2.24,0.769476,77.6791,44.3
Sao Tome and Principe,STP,2020,1.28,1.15529,80.1173,51.5547
Sao Tome and Principe,STP,2021,1.18,1.54216,85.2578,61.5241
Sao Tome and Principe,STP,2022,1.11,2.0247,86.7785,61.5535
Sao Tome and Principe,STP,2023,0.848,2.5014,63.4541,61.4607
Saudi Arabia,SAU,1970,1.5328705,,,
Saudi Arabia,SAU,1971,1.60373,,,
Saudi Arabia,SAU,1972,1.60373,,,
Saudi Arabia,SAU,1973,1.60373,,,
Saudi Arabia,SAU,1974,1.60373,,,
Saudi Arabia,SAU,1975,1.7473787,,,
Saudi Arabia,SAU,1976,1.6948019,,,
Saudi Arabia,SAU,1977,1.7475289,,,
Saudi Arabia,SAU,1978,2.1381752,,,
Saudi Arabia,SAU,1979,2.863953,,,
Saudi Arabia,SAU,1980,3.1418118,,,
Saudi Arabia,SAU,1981,4.7967305,,,
Saudi Arabia,SAU,1982,6.193996,,,
Saudi Arabia,SAU,1983,6.7317357,,,
Saudi Arabia,SAU,1984,7.2294064,,,
Saudi Arabia,SAU,1985,7.027865,,,
Saudi Arabia,SAU,1986,7.1002913,,,
Saudi Arabia,SAU,1987,7.1255956,,,
Saudi Arabia,SAU,1988,7.2682734,,,
Saudi Arabia,SAU,1989,7.3253727,,,
Saudi Arabia,SAU,1990,11.6,,0.09279113,0
Saudi Arabia,SAU,1991,13.1,,0.092054434,
Saudi Arabia,SAU,1992,13.4,,0.09159007,
Saudi Arabia,SAU,1993,13.2,,0.089149326,
Saudi Arabia,SAU,1994,13.1,,0.08688703,
Saudi Arabia,SAU,1995,12.9,,0.08474838,0.011
Saudi Arabia,SAU,1996,13,,0.9826546,0.0267
Saudi Arabia,SAU,1997,13.1,,1.6654716,0.0521
Saudi Arabia,SAU,1998,14.5,,3.0642009,0.101
Saudi Arabia,SAU,1999,17.5,,3.982111,0.494
Saudi Arabia,SAU,2000,18.3,,8.50479,2.21069
Saudi Arabia,SAU,2001,19,0.0821529,14.8382,4.68105
Saudi Arabia,SAU,2002,19.1,0.194194,27.9604,6.38471
Saudi Arabia,SAU,2003,18.6,0.244757,38.5283,8.00158
Saudi Arabia,SAU,2004,18.8,0.349272,46.6498,10.2345
Saudi Arabia,SAU,2005,18.7,0.329759,68.8923,12.705
Saudi Arabia,SAU,2006,18.4,1.0167,91.8024,19.4596
Saudi Arabia,SAU,2007,17.9,2.78571,126.965,30
Saudi Arabia,SAU,2008,17.6,4.50062,154.587,36
Saudi Arabia,SAU,2009,17.2,5.93665,185.255,38
Saudi Arabia,SAU,2010,16.6,6.80363,204.969,41
Saudi Arabia,SAU,2011,17.7,7.47523,206.852,47.5
Saudi Arabia,SAU,2012,17.7,9.38626,195.843,54
Saudi Arabia,SAU,2013,17.6,,189.476,60.5
Saudi Arabia,SAU,2014,,,181.857,64.7137
Saudi Arabia,SAU,2015,12.5,21.1362,176.134,69.6162
Saudi Arabia,SAU,2016,13.8,20.8268,156.041,74.8793
Saudi Arabia,SAU,2017,15.1,21.6139,130.63,94.1756
Saudi Arabia,SAU,2018,17.7,22.4661,136.046,93.31
Saudi Arabia,SAU,2019,17.6,22.3214,135.526,95.7247
Saudi Arabia,SAU,2020,18.6,25.4597,139.444,97.8623
Saudi Arabia,SAU,2021,21.1,33.7974,145.004,100
Saudi Arabia,SAU,2022,21.1,41.823,149.798,100
Saudi Arabia,SAU,2023,20.4,43.5732,157.775,100
Saudi Arabia,SAU,2024,,,,100
Senegal,SEN,1960,0.2900546,,0,
Senegal,SEN,1961,0.296063,,,
Senegal,SEN,1962,0.296063,,,
Senegal,SEN,1963,0.296063,,,
Senegal,SEN,1964,0.296063,,,
Senegal,SEN,1965,0.2651905,,0,
Senegal,SEN,1966,0.271527,,,
Senegal,SEN,1967,0.271527,,,
Senegal,SEN,1968,0.271527,,,
Senegal,SEN,1969,0.271527,,,
Senegal,SEN,1970,0.25271627,,0,
Senegal,SEN,1971,0.25926,,,
Senegal,SEN,1972,0.25926,,,
Senegal,SEN,1973,0.25926,,,
Senegal,SEN,1974,0.25926,,,
Senegal,SEN,1975,0.28589982,,0,
Senegal,SEN,1976,0.28757837,,0,
Senegal,SEN,1977,0.28726727,,0,
Senegal,SEN,1978,0.28691983,,0,
Senegal,SEN,1979,0.3109009,,0,
Senegal,SEN,1980,0.3155928,,0,
Senegal,SEN,1981,0.32296497,,0,
Senegal,SEN,1982,0.32338104,,0,
Senegal,SEN,1983,0.32171753,,0,
Senegal,SEN,1984,0.33242923,,0,
Senegal,SEN,1985,0.33988655,,0,
Senegal,SEN,1986,0.36965322,,0,
Senegal,SEN,1987,0.39656514,,0,
Senegal,SEN,1988,0.4067259,,0,
Senegal,SEN,1989,0.49394742,,0,
Senegal,SEN,1990,0.574,,0,0
Senegal,SEN,1991,0.61,,0,
Senegal,SEN,1992,0.711,,0,
Senegal,SEN,1993,0.761,,0,
Senegal,SEN,1994,0.836,,0.001164311,
Senegal,SEN,1995,0.927,,0.001413234,0.000693
Senegal,SEN,1996,1.05,,0.01596667,0.0112
Senegal,SEN,1997,1.25,,0.076694146,0.0273
Senegal,SEN,1998,1.47,,0.29678693,0.0799
Senegal,SEN,1999,1.7,,0.9271341,0.311
Senegal,SEN,2000,2.07,,2.51048,0.403967
Senegal,SEN,2001,2.32,,2.95518,0.983794
Senegal,SEN,2002,2.15,0.0114655,5.28796,1.00645
Senegal,SEN,2003,2.13,0.022227,7.29792,2.10144
Senegal,SEN,2004,2.23,0.0698361,10.2163,4.38602
Senegal,SEN,2005,2.37,0.160456,15.3986,4.78668
Senegal,SEN,2006,2.46,0.251528,25.9356,5.61174
Senegal,SEN,2007,2.29,0.323967,30.8471,6.89
Senegal,SEN,2008,1.97,0.393046,44.727,7.12
Senegal,SEN,2009,2.26,0.475952,55.9396,7.5
Senegal,SEN,2010,2.71,0.622433,66.0344,8
Senegal,SEN,2011,2.67,0.715439,72.1733,9.8
Senegal,SEN,2012,2.55,0.717937,86.1775,10.8
Senegal,SEN,2013,2.51,0.778457,95.7911,13.1
Senegal,SEN,2014,2.2,0.730365,101.608,17.7
Senegal,SEN,2015,2.06,0.689431,102.509,21.7
Senegal,SEN,2016,1.9,0.654181,101.011,25.6648
Senegal,SEN,2017,1.88,0.722423,101.831,29.6431
Senegal,SEN,2018,1.9,0.815734,104.056,35.3
Senegal,SEN,2019,1.27,0.929785,109.342,43.4
Senegal,SEN,2020,1.36,1.05641,113.638,53.3088
Senegal,SEN,2021,1.52,1.20966,115.325,57.2554
Senegal,SEN,2022,1.68,1.40365,118.15,59.2246
Senegal,SEN,2023,2.21,1.97393,123.912,60.6122
Serbia,SRB,2004,29.1,,51.1718,23.5
Serbia,SRB,2005,33.8,0.447964,73.72,26.3
Serbia,SRB,2006,36.6,1.63755,89.3759,27.2
Serbia,SRB,2007,40.5,4.4045,114.296,33.15
Serbia,SRB,2008,41.9,6.21193,130.695,35.6
Serbia,SRB,2009,42.4,8.06268,135.323,38.1
Serbia,SRB,2010,42.7,11.7957,136.015,40.9
Serbia,SRB,2011,42,13.4423,141.043,42.2
Serbia,SRB,2012,41.4,14.8105,127.199,48.1
Serbia,SRB,2013,42.4,16.4164,128.668,53.4504
Serbia,SRB,2014,40.1,16.7418,131.353,62.0751
Serbia,SRB,2015,39.2,18.6569,129.384,65.317
Serbia,SRB,2016,38.1,20.6094,129.177,67.0568
Serbia,SRB,2017,37.3,21.1493,123.143,70.3308
Serbia,SRB,2018,37,22.2891,121.075,73.3607
Serbia,SRB,2019,37,23.4425,122.048,77.4168
Serbia,SRB,2020,37.4,25.1835,120.217,78.368
Serbia,SRB,2021,37.4,26.4794,125.076,81.1659
Serbia,SRB,2022,38.2,29.3458,129.813,83.5383
Serbia,SRB,2023,37.4,31.2695,128.471,85.3575
Serbia,SRB,2024,,,,87.6907
Seychelles,SYC,1960,,,0,
Seychelles,SYC,1965,0.48209795,,0,
Seychelles,SYC,1966,0.495917,,,
Seychelles,SYC,1967,0.495917,,,
Seychelles,SYC,1968,0.495917,,,
Seychelles,SYC,1969,0.495917,,,
Seychelles,SYC,1970,0.80913585,,0,
Seychelles,SYC,1971,0.840208,,,
Seychelles,SYC,1972,0.840208,,,
Seychelles,SYC,1973,0.840208,,,
Seychelles,SYC,1974,0.840208,,,
Seychelles,SYC,1975,2.4284987,,0,
Seychelles,SYC,1976,2.7500362,,0,
Seychelles,SYC,1977,3.5778742,,0,
Seychelles,SYC,1978,3.860702,,0,
Seychelles,SYC,1979,4.4075346,,0,
Seychelles,SYC,1980,5.360698,,0,
Seychelles,SYC,1981,5.3086605,,0,
Seychelles,SYC,1982,6.075111,,0,
Seychelles,SYC,1983,6.7485304,,0,
Seychelles,SYC,1984,8.303389,,0,
Seychelles,SYC,1985,8.687512,,0,
Seychelles,SYC,1986,9.835489,,0,
Seychelles,SYC,1987,9.869949,,0,
Seychelles,SYC,1988,10.377088,,0,
Seychelles,SYC,1989,10.819283,,0,
Seychelles,SYC,1990,11.7,,0,0
Seychelles,SYC,1991,12.5,,0,
Seychelles,SYC,1992,13.3,,0,
Seychelles,SYC,1993,14.3,,0,
Seychelles,SYC,1994,15.7,,0,
Seychelles,SYC,1995,16.8,,0.066903055,
Seychelles,SYC,1996,19.9,,1.3805426,0.651
Seychelles,SYC,1997,22.4,,2.9360652,1.28
Seychelles,SYC,1998,23.2,,6.682633,2.53
Seychelles,SYC,1999,23.9,,20.696917,6.23
Seychelles,SYC,2000,24.7,,31.1589,7.39563
Seychelles,SYC,2001,25.1,,43.3574,11.0151
Seychelles,SYC,2002,24.7,,52.0994,14.3042
Seychelles,SYC,2003,24.3,,56.563,14.5925
Seychelles,SYC,2004,24.1,0.395889,61.6736,24.2721
Seychelles,SYC,2005,24,1.06199,65.8773,25.4133
Seychelles,SYC,2006,22.9,2.73865,77.833,34.952
Seychelles,SYC,2007,24.8,3.81882,84.4864,38.38
Seychelles,SYC,2008,24.1,3.69218,101.004,40.44
Seychelles,SYC,2009,27.9,4.86393,118.2,
Seychelles,SYC,2010,23.2,7.15271,123.814,41
Seychelles,SYC,2011,28.8,9.70069,130.477,43.164
Seychelles,SYC,2012,21,10.6256,137.107,47.076
Seychelles,SYC,2013,21.3,12.1566,133.986,50.4
Seychelles,SYC,2014,20.3,11.301,144.606,51.2547
Seychelles,SYC,2015,19.9,12.5152,138.249,54.2596
Seychelles,SYC,2016,19,12.7799,138.277,56.5147
Seychelles,SYC,2017,17.5,13.5386,148.792,62.6
Seychelles,SYC,2018,17.6,17.1149,155.551,69.2
Seychelles,SYC,2019,17.1,22.9273,164.617,76.6
Seychelles,SYC,2020,15.7,29.0678,152.545,84.8223
Seychelles,SYC,2021,15.3,33.5645,149.479,87.3383
Seychelles,SYC,2022,15.2,29.8314,163.43,87.0353
Seychelles,SYC,2023,14.4,30.7719,184.904,87.4009
Sierra Leone,SLE,1960,,,0,
Sierra Leone,SLE,1965,0.107118376,,0,
Sierra Leone,SLE,1966,0.107646,,,
Sierra Leone,SLE,1967,0.107646,,,
Sierra Leone,SLE,1968,0.107646,,,
Sierra Leone,SLE,1969,0.107646,,,
Sierra Leone,SLE,1970,,,0,
Sierra Leone,SLE,1971,0.107646,,,
Sierra Leone,SLE,1972,0.107646,,,
Sierra Leone,SLE,1973,0.107646,,,
Sierra Leone,SLE,1974,0.107646,,,
Sierra Leone,SLE,1975,,,0,
Sierra Leone,SLE,1976,,,0,
Sierra Leone,SLE,1977,,,0,
Sierra Leone,SLE,1978,,,0,
Sierra Leone,SLE,1979,,,0,
Sierra Leone,SLE,1980,0.34001717,,0,
Sierra Leone,SLE,1981,0.3345836,,0,
Sierra Leone,SLE,1982,0.3433834,,0,
Sierra Leone,SLE,1983,0.35389858,,0,
Sierra Leone,SLE,1984,0.39958957,,0,
Sierra Leone,SLE,1985,0.33845243,,0,
Sierra Leone,SLE,1986,0.3929307,,0,
Sierra Leone,SLE,1987,0.3204263,,0,
Sierra Leone,SLE,1988,0.31186718,,0,
Sierra Leone,SLE,1989,0.30919674,,0,
Sierra Leone,SLE,1990,0.316,,0,0
Sierra Leone,SLE,1991,0.319,,0,
Sierra Leone,SLE,1992,0.332,,0,
Sierra Leone,SLE,1993,0.348,,0,0
Sierra Leone,SLE,1994,0.378,,0,0
Sierra Leone,SLE,1995,0.398,,0,0
Sierra Leone,SLE,1996,0.409,,0,0.00251
Sierra Leone,SLE,1997,0.409,,0,0.00499
Sierra Leone,SLE,1998,0.405,,0,0.0148
Sierra Leone,SLE,1999,0.422,,0,0.0485
Sierra Leone,SLE,2000,0.429,,0.269915,0.118254
Sierra Leone,SLE,2001,0.485,,0.573122,0.160264
Sierra Leone,SLE,2002,0.483,,1.3477,0.176199
Sierra Leone,SLE,2003,0.489,,2.18657,0.190173
Sierra Leone,SLE,2004,0.495,,,0.203008
Sierra Leone,SLE,2005,0.505,,,0.215392
Sierra Leone,SLE,2006,0.516,,,0.227669
Sierra Leone,SLE,2007,0.527,,13.4972,0.239835
Sierra Leone,SLE,2008,0.534,,17.1136,0.25
Sierra Leone,SLE,2009,0.542,,19.1557,0.26
Sierra Leone,SLE,2010,0.225,,32.1403,0.58
Sierra Leone,SLE,2011,0.25,,33.4573,0.9
Sierra Leone,SLE,2012,0.275,,33.7349,2.5
Sierra Leone,SLE,2013,0.238,,59.5766,4
Sierra Leone,SLE,2014,0.24,,69.1759,6.0573
Sierra Leone,SLE,2015,0.242,,80.3819,6.34442
Sierra Leone,SLE,2016,0.236,,87.1476,11.7732
Sierra Leone,SLE,2017,0.23,,89.7782,13.2369
Sierra Leone,SLE,2018,0.0576,,84.1233,14.4223
Sierra Leone,SLE,2019,0.00616,0.00222452,87.0384,15.7137
Sierra Leone,SLE,2020,0.00239,0.00227486,87.0035,17.1208
Sierra Leone,SLE,2021,0.00332,0.00227312,101.637,18.6539
Sierra Leone,SLE,2022,0.00325,,107.882,19.2287
Sierra Leone,SLE,2023,,,,20.635
Singapore,SGP,1960,2.3179994,,0,
Singapore,SGP,1961,2.27251,,,
Singapore,SGP,1962,2.27251,,,
Singapore,SGP,1963,2.27251,,,
Singapore,SGP,1964,2.27251,,,
Singapore,SGP,1965,3.137504,,0,
Singapore,SGP,1966,3.10881,,,
Singapore,SGP,1967,3.10881,,,
Singapore,SGP,1968,3.10881,,,
Singapore,SGP,1969,3.10881,,,
Singapore,SGP,1970,5.16255,,0,
Singapore,SGP,1971,5.13651,,,
Singapore,SGP,1972,5.13651,,,
Singapore,SGP,1973,5.13651,,,
Singapore,SGP,1974,5.13651,,,
Singapore,SGP,1975,9.424281,,0,
Singapore,SGP,1976,11.815675,,0,
Singapore,SGP,1977,14.828594,,0,
Singapore,SGP,1978,17.879995,,0,
Singapore,SGP,1979,20.354385,,0,
Singapore,SGP,1980,22.351627,,0,
Singapore,SGP,1981,24.04828,,0,
Singapore,SGP,1982,25.646503,,0,
Singapore,SGP,1983,27.04255,,0,
Singapore,SGP,1984,28.946566,,,
Singapore,SGP,1985,29.975048,,,
Singapore,SGP,1986,30.59842,,,
Singapore,SGP,1987,31.48079,,,
Singapore,SGP,1988,32.588707,,0.37587172,
Singapore,SGP,1989,33.88245,,0.8926592,
Singapore,SGP,1990,34.7,,1.7115958,0
Singapore,SGP,1991,35.1,,2.6246707,0.162
Singapore,SGP,1992,36.2,,3.717206,0.471
Singapore,SGP,1993,37.5,,5.3687153,0.763
Singapore,SGP,1994,39,,6.8524704,1.19
Singapore,SGP,1995,40.4,,8.634616,2.87
Singapore,SGP,1996,42.6,,11.80234,8.35
Singapore,SGP,1997,44.4,,22.565248,13.5
Singapore,SGP,1998,45.6,0.25864574,28.31395,19.6
Singapore,SGP,1999,47.3,0.75633794,41.11453,24.2
Singapore,SGP,2000,48.2,1.70993,68.0851,36
Singapore,SGP,2001,47.3,3.66846,72.6793,41.6704
Singapore,SGP,2002,46.5,6.5109,79.8912,47
Singapore,SGP,2003,45.7,10.0792,86.4376,53.8379
Singapore,SGP,2004,44.5,13.0657,95.6368,62
Singapore,SGP,2005,43.2,15.3736,102.723,61
Singapore,SGP,2006,42.1,17.8781,108.658,59
Singapore,SGP,2007,40.5,20.1457,128.882,69.9
Singapore,SGP,2008,39,22.2854,133.454,69
Singapore,SGP,2009,38.9,24.8261,138.567,69
Singapore,SGP,2010,39.3,26.362,145.452,71
Singapore,SGP,2011,38.9,27.1736,150.404,71
Singapore,SGP,2012,37.5,27.068,152.41,72
Singapore,SGP,2013,36.5,27.7296,156.679,80.9021
Singapore,SGP,2014,36.6,27.0067,148.478,79.0292
Singapore,SGP,2015,36.5,26.8979,149.006,79.013
Singapore,SGP,2016,35.8,28.5393,151.682,84.4523
Singapore,SGP,2017,35.5,26.3326,149.568,84.4523
Singapore,SGP,2018,35.5,26.5087,152.074,88.1656
Singapore,SGP,2019,33.7,26.5276,159.347,88.9493
Singapore,SGP,2020,33.6,26.8623,150.259,92.0043
Singapore,SGP,2021,34.3,27.5211,157.978,96.9247
Singapore,SGP,2022,35.1,27.551,173.005,95.9539
Singapore,SGP,2023,33,27.4344,173.2,94.2852
Singapore,SGP,2024,,,,94.3776
Sint Maarten (Dutch part),SXM,2012,,,196.557,
Sint Maarten (Dutch part),SXM,2022,,,205.373,
Slovakia,SVK,1960,1.9233124,,0,
Slovakia,SVK,1961,1.91593,,,
Slovakia,SVK,1962,1.91593,,,
Slovakia,SVK,1963,1.91593,,,
Slovakia,SVK,1964,1.91593,,,
Slovakia,SVK,1965,3.6485069,,0,
Slovakia,SVK,1966,3.63191,,,
Slovakia,SVK,1967,3.63191,,,
Slovakia,SVK,1968,3.63191,,,
Slovakia,SVK,1969,3.63191,,,
Slovakia,SVK,1970,5.821816,,0,
Slovakia,SVK,1971,5.80133,,,
Slovakia,SVK,1972,5.80133,,,
Slovakia,SVK,1973,5.80133,,,
Slovakia,SVK,1974,5.80133,,,
Slovakia,SVK,1975,8.086093,,0,
Slovakia,SVK,1976,8.460929,,0,
Slovakia,SVK,1977,8.829681,,0,
Slovakia,SVK,1978,9.189539,,0,
Slovakia,SVK,1979,9.393774,,0,
Slovakia,SVK,1980,9.448634,,0,
Slovakia,SVK,1981,9.568555,,0,
Slovakia,SVK,1982,9.698454,,0,
Slovakia,SVK,1983,9.912176,,0,
Slovakia,SVK,1984,10.214033,,0,
Slovakia,SVK,1985,10.47921,,0,
Slovakia,SVK,1986,10.889667,,0,
Slovakia,SVK,1987,11.417172,,0,
Slovakia,SVK,1988,12.042126,,0,
Slovakia,SVK,1989,12.753098,,0,
Slovakia,SVK,1990,13.5,,0,0
Slovakia,SVK,1991,14.4,,0.002253691,
Slovakia,SVK,1992,15.5,,0.02898965,
Slovakia,SVK,1993,16.8,,0.058720082,0.128
Slovakia,SVK,1994,18.8,,0.11137311,0.319
Slovakia,SVK,1995,20.9,,0.23018709,0.523
Slovakia,SVK,1996,23.2,,0.5348349,0.783
Slovakia,SVK,1997,25.9,,3.729899,1.17
Slovakia,SVK,1998,28.6,,8.664254,2.69
Slovakia,SVK,1999,30.8,,12.355701,5.44
Slovakia,SVK,2000,31.6,,23.1178,9.4268
Slovakia,SVK,2001,28.9,,39.9174,12.5283
Slovakia,SVK,2002,26.1,0.0759248,54.3613,40.14
Slovakia,SVK,2003,24.1,0.417786,68.4271,43.04
Slovakia,SVK,2004,23.3,1.46509,79.5226,52.89
Slovakia,SVK,2005,22.3,3.37639,84.4454,55.19
Slovakia,SVK,2006,21.7,5.66531,91.0056,56.08
Slovakia,SVK,2007,24.4,10.1667,112.852,61.8
Slovakia,SVK,2008,24,11.2414,102.62,66.05
Slovakia,SVK,2009,22.6,14.3927,102.092,70
Slovakia,SVK,2010,20.4,16.2644,109.888,75.71
Slovakia,SVK,2011,19.6,17.6561,110.836,74.44
Slovakia,SVK,2012,18,19.3435,112.759,76.71
Slovakia,SVK,2013,17.9,20.4986,114.749,77.8826
Slovakia,SVK,2014,17,21.9975,117.781,79.9843
Slovakia,SVK,2015,16,23.5009,123.159,77.6347
Slovakia,SVK,2016,15.2,24.6264,128.792,80.4759
Slovakia,SVK,2017,14,25.8591,130.945,81.6257
Slovakia,SVK,2018,13.3,27.6954,133.04,80.4489
Slovakia,SVK,2019,12.4,29.1811,135.756,82.8537
Slovakia,SVK,2020,11.9,31.1925,133.633,89.9209
Slovakia,SVK,2021,10.6,32.6061,135.268,88.9256
Slovakia,SVK,2022,9.88,33.9988,136.029,89.0677
Slovakia,SVK,2023,9.16,33.1726,138.233,87.2131
Slovakia,SVK,2024,,,,89.8251
Slovenia,SVN,1960,,,0,
Slovenia,SVN,1965,,,0,
Slovenia,SVN,1970,,,0,
Slovenia,SVN,1975,,,0,
Slovenia,SVN,1976,,,0,
Slovenia,SVN,1977,,,0,
Slovenia,SVN,1978,,,0,
Slovenia,SVN,1979,,,0,
Slovenia,SVN,1980,,,0,
Slovenia,SVN,1981,,,0,
Slovenia,SVN,1982,,,0,
Slovenia,SVN,1983,,,0,
Slovenia,SVN,1984,,,0,
Slovenia,SVN,1985,14.672387,,0,
Slovenia,SVN,1986,,,0,
Slovenia,SVN,1987,,,0,
Slovenia,SVN,1988,,,0,
Slovenia,SVN,1989,,,0,
Slovenia,SVN,1990,21.1,,0,0
Slovenia,SVN,1991,22.9,,0.026284087,
Slovenia,SVN,1992,24.8,,0.17576104,
Slovenia,SVN,1993,26.5,,0.32635683,0.41
Slovenia,SVN,1994,29,,0.8201064,1.07
Slovenia,SVN,1995,30.9,,1.3711475,2.9
Slovenia,SVN,1996,33.4,,2.0699093,5.07
Slovenia,SVN,1997,35.8,,4.704477,7.59
Slovenia,SVN,1998,36.5,,8.1279335,10.1
Slovenia,SVN,1999,38.2,,31.788923,12.6
Slovenia,SVN,2000,39.5,,61.1834,15.1103
Slovenia,SVN,2001,40.3,0.276426,73.8855,30.1759
Slovenia,SVN,2002,40.6,2.84875,83.7145,27.8389
Slovenia,SVN,2003,40.8,2.91053,87.2851,31.8548
Slovenia,SVN,2004,49.9,5.77208,92.7311,40.81
Slovenia,SVN,2005,51.1,9.84769,88.0975,46.81
Slovenia,SVN,2006,51.4,13.969,90.8372,54.01
Slovenia,SVN,2007,49.9,17.1127,95.7428,56.74
Slovenia,SVN,2008,48.3,21.0013,101.472,58
Slovenia,SVN,2009,46.1,22.0588,103.185,64
Slovenia,SVN,2010,44.5,23.013,103.783,70
Slovenia,SVN,2011,43,24.1298,105.845,67.34
Slovenia,SVN,2012,40.7,24.8055,109.148,68.35
Slovenia,SVN,2013,38.8,25.5111,111.045,72.6756
Slovenia,SVN,2014,37.4,27.0023,113.019,71.5863
Slovenia,SVN,2015,36.6,27.6233,114.271,73.0987
Slovenia,SVN,2016,35.3,28.5889,115.736,75.4985
Slovenia,SVN,2017,35.8,29.1804,118.462,78.8854
Slovenia,SVN,2018,34.9,29.6086,119.153,79.75
Slovenia,SVN,2019,33.9,30.1395,120.569,83.1084
Slovenia,SVN,2020,33.5,30.993,121.331,86.6013
Slovenia,SVN,2021,32.9,31.5503,123.363,89.004
Slovenia,SVN,2022,31.9,32.0105,126.459,88.9125
Slovenia,SVN,2023,30.5,31.8815,129.228,90.3779
Slovenia,SVN,2024,,,,90.7636
Solomon Islands,SLB,1960,,,0,
Solomon Islands,SLB,1965,,,0,
Solomon Islands,SLB,1970,,,0,
Solomon Islands,SLB,1975,,,0,
Solomon Islands,SLB,1976,,,0,
Solomon Islands,SLB,1977,,,0,
Solomon Islands,SLB,1978,,,0,
Solomon Islands,SLB,1979,,,0,
Solomon Islands,SLB,1980,,,0,
Solomon Islands,SLB,1981,,,0,
Solomon Islands,SLB,1982,0.5994006,,0,
Solomon Islands,SLB,1983,0.6565126,,0,
Solomon Islands,SLB,1984,0.746511,,0,
Solomon Islands,SLB,1985,0.80603844,,0,
Solomon Islands,SLB,1986,0.866236,,0,
Solomon Islands,SLB,1987,0.9403859,,0,
Solomon Islands,SLB,1988,1.0487264,,0,
Solomon Islands,SLB,1989,1.1921414,,0,
Solomon Islands,SLB,1990,1.41,,0,0
Solomon Islands,SLB,1991,1.42,,0,
Solomon Islands,SLB,1992,1.46,,0,
Solomon Islands,SLB,1993,1.5,,0,
Solomon Islands,SLB,1994,1.61,,0.03950574,
Solomon Islands,SLB,1995,1.69,,0.06130244,0.0249
Solomon Islands,SLB,1996,1.82,,0.08729009,0.269
Solomon Islands,SLB,1997,1.89,,0.1657222,0.392
Solomon Islands,SLB,1998,1.89,,0.1719977,0.508
Solomon Islands,SLB,1999,1.89,,0.2607167,0.495
Solomon Islands,SLB,2000,1.75,,0.261312,0.481297
Solomon Islands,SLB,2001,1.65,,0.215308,0.468552
Solomon Islands,SLB,2002,1.44,,0.218279,0.50192
Solomon Islands,SLB,2003,1.34,,0.227393,0.55561
Solomon Islands,SLB,2004,1.47,0.0421398,0.632097,0.649673
Solomon Islands,SLB,2005,1.53,0.0931523,1.24203,0.844308
Solomon Islands,SLB,2006,1.55,0.132223,1.42394,1.64635
Solomon Islands,SLB,2007,1.56,0.199938,2.17932,2
Solomon Islands,SLB,2008,1.57,0.294817,5.89634,3
Solomon Islands,SLB,2009,1.58,0.385995,9.64988,4
Solomon Islands,SLB,2010,1.58,0.473199,21.6711,5
Solomon Islands,SLB,2011,1.52,0.439465,49.7105,6
Solomon Islands,SLB,2012,1.41,0.371684,52.675,6.9974
Solomon Islands,SLB,2013,1.28,0.316668,54.3084,8
Solomon Islands,SLB,2014,1.22,0.216402,61.0619,9
Solomon Islands,SLB,2015,1.16,0.222078,66.422,10.0005
Solomon Islands,SLB,2016,1.12,0.247441,62.8903,11.0009
Solomon Islands,SLB,2017,1.08,0.170052,67.865,15.1
Solomon Islands,SLB,2018,1.05,0.209843,67.9775,20.9
Solomon Islands,SLB,2019,0.976,0.143515,65.662,26.3406
Solomon Islands,SLB,2020,0.94,0.134319,63.6671,33.1974
Solomon Islands,SLB,2021,0.918,0.131132,62.1565,41.8392
Solomon Islands,SLB,2022,0.893,0.107033,62.0735,42.094
Solomon Islands,SLB,2023,,,,42.4597
Somalia,SOM,1960,0.043508068,,0,
Somalia,SOM,1961,0.0453198,,,
Somalia,SOM,1962,0.0453198,,,
Somalia,SOM,1963,0.0453198,,,
Somalia,SOM,1964,0.0453198,,,
Somalia,SOM,1965,,,0,
Somalia,SOM,1966,0.0453198,,,
Somalia,SOM,1967,0.0453198,,,
Somalia,SOM,1968,0.0453198,,,
Somalia,SOM,1969,0.0453198,,,
Somalia,SOM,1970,,,0,
Somalia,SOM,1971,0.0453198,,,
Somalia,SOM,1972,0.0453198,,,
Somalia,SOM,1973,0.0453198,,,
Somalia,SOM,1974,0.0453198,,,
Somalia,SOM,1975,,,0,
Somalia,SOM,1976,,,0,
Somalia,SOM,1977,,,0,
Somalia,SOM,1978,,,0,
Somalia,SOM,1979,,,0,
Somalia,SOM,1980,,,0,
Somalia,SOM,1981,0.13479501,,0,
Somalia,SOM,1982,0.134413,,0,
Somalia,SOM,1983,0.13023986,,0,
Somalia,SOM,1984,0.12560803,,0,
Somalia,SOM,1985,0.12065206,,0,
Somalia,SOM,1986,0.21712135,,0,
Somalia,SOM,1987,0.20955563,,0,
Somalia,SOM,1988,0.20948371,,0,
Somalia,SOM,1989,0.21320815,,0,
Somalia,SOM,1990,0.212,,0,0
Somalia,SOM,1991,0.22,,0,
Somalia,SOM,1992,0.231,,0,
Somalia,SOM,1993,0.225,,0,
Somalia,SOM,1994,0.213,,0,
Somalia,SOM,1995,0.206,,0,0
Somalia,SOM,1996,0.199,,0,0.00151
Somalia,SOM,1997,0.192,,0,0.00295
Somalia,SOM,1998,0.282,,0,0.00716
Somalia,SOM,1999,0.283,,0,0.0139
Somalia,SOM,2000,0.283,,0.905109,0.02
Somalia,SOM,2001,0.38,,0.924064,0.0790392
Somalia,SOM,2002,0.366,,1.04711,0.115614
Somalia,SOM,2003,1.01,,2.01834,0.376198
Somalia,SOM,2004,0.973,,4.86334,1.05345
Somalia,SOM,2005,0.939,,4.69738,1.07733
Somalia,SOM,2006,0.911,,5.01116,1.10022
Somalia,SOM,2007,0.883,,5.29914,1.12224
Somalia,SOM,2008,0.857,,5.37594,1.14269
Somalia,SOM,2009,0.836,,5.35899,1.16061
Somalia,SOM,2010,0.816,,5.28636,
Somalia,SOM,2011,0.729,,14.5763,1.25
Somalia,SOM,2012,0.562,0.320997,18.4574,1.3767
Somalia,SOM,2013,0.497,0.466215,40.2732,1.5
Somalia,SOM,2014,0.429,0.524758,41.231,1.63
Somalia,SOM,2015,0.369,0.593903,42.2685,1.76
Somalia,SOM,2016,0.335,0.641171,46.3667,1.88
Somalia,SOM,2017,,0.656985,47.7253,2.00405
Somalia,SOM,2018,0.484,,49.5263,
Somalia,SOM,2019,0.568,0.611317,51.3194,
Somalia,SOM,2020,0.547,0.714664,53.1133,15.0237
Somalia,SOM,2021,0.527,0.688999,51.2059,
Somalia,SOM,2022,0.511,0.668468,49.6801,27.6
Somalia,SOM,2023,,0.722963,53.958,
South Africa,ZAF,1960,3.9345984,,0,
South Africa,ZAF,1961,3.80128,,,
South Africa,ZAF,1962,3.80128,,,
South Africa,ZAF,1963,3.80128,,,
South Africa,ZAF,1964,3.80128,,,
South Africa,ZAF,1965,3.9349163,,0,
South Africa,ZAF,1966,3.8948,,,
South Africa,ZAF,1967,3.8948,,,
South Africa,ZAF,1968,3.8948,,,
South Africa,ZAF,1969,3.8948,,,
South Africa,ZAF,1970,4.09508,,0,
South Africa,ZAF,1971,4.15047,,,
South Africa,ZAF,1972,4.15047,,,
South Africa,ZAF,1973,4.15047,,,
South Africa,ZAF,1974,4.15047,,,
South Africa,ZAF,1975,4.4844503,,0,
South Africa,ZAF,1976,4.641186,,0,
South Africa,ZAF,1977,4.816205,,0,
South Africa,ZAF,1978,5.002962,,0,
South Africa,ZAF,1979,5.2549024,,0,
South Africa,ZAF,1980,5.5390477,,0,
South Africa,ZAF,1981,5.916171,,0,
South Africa,ZAF,1982,6.242647,,0,
South Africa,ZAF,1983,6.501822,,0,
South Africa,ZAF,1984,6.570268,,0,
South Africa,ZAF,1985,6.8076186,,0,
South Africa,ZAF,1986,7.2615747,,0,
South Africa,ZAF,1987,7.3882565,,0,
South Africa,ZAF,1988,7.6644254,,0,
South Africa,ZAF,1989,7.965963,,0.010292566,
South Africa,ZAF,1990,8.14,,0.014243596,0
South Africa,ZAF,1991,8.24,,0.017354762,0.0133
South Africa,ZAF,1992,8.15,,0.029956356,0.0389
South Africa,ZAF,1993,8.3,,0.094061345,0.114
South Africa,ZAF,1994,8.58,,0.78580046,0.247
South Africa,ZAF,1995,8.99,,1.2162938,0.677
South Africa,ZAF,1996,9.44,,2.133824,0.842
South Africa,ZAF,1997,10.2,,4.0543184,1.63
South Africa,ZAF,1998,11,,7.2777367,2.91
South Africa,ZAF,1999,11.8,,11.189551,4.12
South Africa,ZAF,2000,10.5,,17.6825,5.34856
South Africa,ZAF,2001,10.4,,22.6776,6.34662
South Africa,ZAF,2002,10.2,0.00555817,28.5343,6.71032
South Africa,ZAF,2003,10.1,0.0418822,34.7626,7.00769
South Africa,ZAF,2004,10,0.12247,42.536,8.42512
South Africa,ZAF,2005,9.89,0.333986,68.6198,7.48854
South Africa,ZAF,2006,9.78,0.670247,79.3267,7.60714
South Africa,ZAF,2007,9.66,0.748091,83.715,8.06538
South Africa,ZAF,2008,9.54,0.833421,88.0375,8.43
South Africa,ZAF,2009,9.41,0.929855,89.7687,10
South Africa,ZAF,2010,9.29,1.41945,96.2325,24
South Africa,ZAF,2011,9.16,1.71148,120.766,33.97
South Africa,ZAF,2012,9.01,2.05866,127.168,41
South Africa,ZAF,2013,7.09,2.954,140.576,46.5
South Africa,ZAF,2014,6.56,3.06919,142.604,49
South Africa,ZAF,2015,7.28,2.48459,155.138,51.9191
South Africa,ZAF,2016,7.9,2.00974,143.929,54
South Africa,ZAF,2017,8.35,1.94879,153.548,56.1674
South Africa,ZAF,2018,5.71,1.88868,157.692,62.4
South Africa,ZAF,2019,3.4,2.09834,162.739,69.6969
South Africa,ZAF,2020,3.47,2.15159,158.447,72.1128
South Africa,ZAF,2021,2.39,2.75541,163.128,74.9686
South Africa,ZAF,2022,2.1,3.12297,160.729,75.4556
South Africa,ZAF,2023,2.14,3.40566,171.509,75.6592
South Asia (WB),WB_SA,1960,0.084156,,0,
South Asia (WB),WB_SA,1961,0.08352899,,,
South Asia (WB),WB_SA,1962,0.08356196,,,
South Asia (WB),WB_SA,1963,0.08359575,,,
South Asia (WB),WB_SA,1964,0.083631165,,,
South Asia (WB),WB_SA,1965,0.13209306,,0,
South Asia (WB),WB_SA,1966,0.13247462,,,
South Asia (WB),WB_SA,1967,0.13250937,,,
South Asia (WB),WB_SA,1968,0.13254283,,,
South Asia (WB),WB_SA,1969,0.13257192,,,
South Asia (WB),WB_SA,1970,0.1723555,,0,
South Asia (WB),WB_SA,1971,0.1737982,,,
South Asia (WB),WB_SA,1972,0.17386617,,,
South Asia (WB),WB_SA,1973,0.17394921,,,
South Asia (WB),WB_SA,1974,0.17402463,,,
South Asia (WB),WB_SA,1975,0.22383109,,0,
South Asia (WB),WB_SA,1976,0.24035116,,0,
South Asia (WB),WB_SA,1977,0.25128907,,0,
South Asia (WB),WB_SA,1978,0.2657223,,0,
South Asia (WB),WB_SA,1979,0.28006533,,0,
South Asia (WB),WB_SA,1980,0.29177472,,0,
South Asia (WB),WB_SA,1981,0.30626887,,0,
South Asia (WB),WB_SA,1982,0.3193676,,0,
South Asia (WB),WB_SA,1983,0.33880073,,0,
South Asia (WB),WB_SA,1984,0.36133963,,0,
South Asia (WB),WB_SA,1985,0.3845667,,0,
South Asia (WB),WB_SA,1986,0.4150779,,0,
South Asia (WB),WB_SA,1987,0.44310087,,0,
South Asia (WB),WB_SA,1988,0.4747358,,0,
South Asia (WB),WB_SA,1989,0.5165912,,0,
South Asia (WB),WB_SA,1990,0.55717415,,0.000263731,
South Asia (WB),WB_SA,1991,0.6331365,,0.000882998,
South Asia (WB),WB_SA,1992,0.71435404,,0.001374885,
South Asia (WB),WB_SA,1993,0.8262306,,0.002558031,
South Asia (WB),WB_SA,1994,0.9781565,,0.004409395,
South Asia (WB),WB_SA,1995,1.1570729,,0.013470264,
South Asia (WB),WB_SA,1996,1.3585851,,0.03625145,
South Asia (WB),WB_SA,1997,1.6034851,,0.08740852,
South Asia (WB),WB_SA,1998,1.8818526,,0.12139592,
South Asia (WB),WB_SA,1999,2.2323496,,0.18581438,
South Asia (WB),WB_SA,2000,2.6356938,,0.32770666,
South Asia (WB),WB_SA,2001,3.036441,0.00458397,0.59306705,
South Asia (WB),WB_SA,2002,3.2128077,0.007442946,1.1486261,
South Asia (WB),WB_SA,2003,3.23567,0.012689536,2.632234,
South Asia (WB),WB_SA,2004,3.552069,0.021733187,4.1620812,
South Asia (WB),WB_SA,2005,3.8413928,0.10099585,7.587274,2.1
South Asia (WB),WB_SA,2006,3.226547,0.1657007,14.6325865,2.6
South Asia (WB),WB_SA,2007,3.117853,0.20795847,21.84587,3.7
South Asia (WB),WB_SA,2008,3.0251284,0.34909725,31.215807,4.1
South Asia (WB),WB_SA,2009,2.9790602,0.52923566,43.02043,4.9
South Asia (WB),WB_SA,2010,2.8268607,0.7532628,57.62918,7.1
South Asia (WB),WB_SA,2011,2.6146214,0.934408,67.280754,9.4
South Asia (WB),WB_SA,2012,2.4688485,1.0370646,66.392624,10.4
South Asia (WB),WB_SA,2013,2.3195271,1.0890697,68.733604,11.7
South Asia (WB),WB_SA,2014,2.0847712,1.2380846,72.488976,13
South Asia (WB),WB_SA,2015,1.9,1.4,74.4,14.7
South Asia (WB),WB_SA,2016,1.8,1.6,81.8,16.7
South Asia (WB),WB_SA,2017,1.7,1.6,84.8,18.8
South Asia (WB),WB_SA,2018,1.6,1.7,85.5,20.9
South Asia (WB),WB_SA,2019,1.5,1.7,83.9,29.7
South Asia (WB),WB_SA,2020,1.5,2.23,86.3,42.5
South Asia (WB),WB_SA,2021,1.7,2.6,86.2,48
South Asia (WB),WB_SA,2022,1.9,3.06,85,54.2
South Asia (WB),WB_SA,2023,2,3.5,85.3,58.3
South Asia (WB),WB_SA,2024,2.5,3.86,83.4,62.8
South Asia (WB),WB_SA,2025,3.1,4.27,81.7,67.8
South Korea,KOR,1960,,,0,
South Korea,KOR,1965,0.75613254,,0,
South Korea,KOR,1966,0.76356,,,
South Korea,KOR,1967,0.76356,,,
South Korea,KOR,1968,0.76356,,,
South Korea,KOR,1969,0.76356,,,
South Korea,KOR,1970,1.4760433,,0,
South Korea,KOR,1971,1.49463,,,
South Korea,KOR,1972,1.49463,,,
South Korea,KOR,1973,1.49463,,,
South Korea,KOR,1974,1.49463,,,
South Korea,KOR,1975,2.9447663,,0,
South Korea,KOR,1976,3.4859169,,0,
South Korea,KOR,1977,4.1644135,,0,
South Korea,KOR,1978,5.0341916,,0,
South Korea,KOR,1979,6.075285,,0,
South Korea,KOR,1980,7.085325,,0,
South Korea,KOR,1981,8.42541,,0,
South Korea,KOR,1982,10.35339,,0,
South Korea,KOR,1983,12.008607,,0,
South Korea,KOR,1984,13.75891,,,
South Korea,KOR,1985,15.806371,,,
South Korea,KOR,1986,17.988356,,0.01695819,
South Korea,KOR,1987,20.340631,,0.024183325,
South Korea,KOR,1988,23.973944,,0.04734527,
South Korea,KOR,1989,27.06529,,0.09116426,
South Korea,KOR,1990,30.1,,0.18133484,0.0233
South Korea,KOR,1991,32.8,,0.37338203,0.0461
South Korea,KOR,1992,34.9,,0.60828733,0.0984
South Korea,KOR,1993,37.2,,1.0499754,0.25
South Korea,KOR,1994,39.1,,2.1260743,0.311
South Korea,KOR,1995,41,,3.615707,0.82
South Korea,KOR,1996,42.9,,6.966661,1.62
South Korea,KOR,1997,44.5,,14.966118,3.6
South Korea,KOR,1998,43.5,0.030270102,30.310343,6.78
South Korea,KOR,1999,55.1,0.59758675,50.392303,23.6
South Korea,KOR,2000,55.3,8.27513,57.3408,44.7
South Korea,KOR,2001,54.8,16.6187,61.742,56.6
South Korea,KOR,2002,54.4,21.9993,68.3786,59.4
South Korea,KOR,2003,52.9,23.5267,70.6984,65.5
South Korea,KOR,2004,49.4,24.9941,76.705,72.7
South Korea,KOR,2005,50,25.4761,80.1275,73.5
South Korea,KOR,2006,46.7,29.2516,83.7326,78.1
South Korea,KOR,2007,47.8,30.5325,92.094,78.8
South Korea,KOR,2008,50.4,32.0018,94.3141,81
South Korea,KOR,2009,55.4,33.676,98.759,81.6
South Korea,KOR,2010,58.5,35.2563,104.097,83.7
South Korea,KOR,2011,60,36.3533,106.878,83.7591
South Korea,KOR,2012,60.7,36.8,108.115,84.07
South Korea,KOR,2013,60.6,37.4218,109.206,84.77
South Korea,KOR,2014,58.3,37.9883,113.359,87.5568
South Korea,KOR,2015,56.7,39.276,115.595,89.8963
South Korea,KOR,2016,54.7,40.0712,119.49,92.843
South Korea,KOR,2017,52.1,41.1681,123.642,95.0694
South Korea,KOR,2018,50.2,41.219,128.495,96.0229
South Korea,KOR,2019,47.8,42.0374,133.08,96.1576
South Korea,KOR,2020,46,43.0541,135.973,96.5051
South Korea,KOR,2021,44.8,44.2526,140.516,97.5713
South Korea,KOR,2022,44,45.4542,148.684,97.1686
South Korea,KOR,2023,42.8,46.5676,162.114,97.416
South Korea,KOR,2024,,,,97.8956
South Sudan,SSD,2010,0.0246,2.05213E-05,15.391,
South Sudan,SSD,2011,0.0214,3.88798E-05,17.4959,
South Sudan,SSD,2012,0.00139,0.000158048,21.3829,
South Sudan,SSD,2013,0,0.000895554,25.5522,2.2
South Sudan,SSD,2014,0,0.00089007,25.5993,2.6
South Sudan,SSD,2015,0,0.00135043,26.0993,3
South Sudan,SSD,2016,0,0.00138503,24.9305,3.5
South Sudan,SSD,2017,0,0.00194948,27.1848,4.1
South Sudan,SSD,2018,0,0.0019757,18.9298,4.8
South Sudan,SSD,2019,,0.00191876,21.3171,6.7
South Sudan,SSD,2020,,,,9.27123
South Sudan,SSD,2021,,0.00184064,30.151,
South Sudan,SSD,2022,0,0.00181469,48.4888,
South Sudan,SSD,2023,0,0.00174165,46.6152,
Spain,ESP,1960,4.283165,,0,
Spain,ESP,1961,4.28502,,,
Spain,ESP,1962,4.28502,,,
Spain,ESP,1963,4.28502,,,
Spain,ESP,1964,4.28502,,,
Spain,ESP,1965,5.527526,,0,
Spain,ESP,1966,5.52164,,,
Spain,ESP,1967,5.52164,,,
Spain,ESP,1968,5.52164,,,
Spain,ESP,1969,5.52164,,,
Spain,ESP,1970,8.418999,,0,
Spain,ESP,1971,8.39636,,,
Spain,ESP,1972,8.39636,,,
Spain,ESP,1973,8.39636,,,
Spain,ESP,1974,8.39636,,,
Spain,ESP,1975,13.137425,,0,
Spain,ESP,1976,14.161961,,0,
Spain,ESP,1977,15.553329,,0,
Spain,ESP,1978,16.77723,,0,
Spain,ESP,1979,18.01072,,0,
Spain,ESP,1980,19.281086,,0,
Spain,ESP,1981,20.271381,,0,
Spain,ESP,1982,21.1091,,0,
Spain,ESP,1983,22.147636,,,
Spain,ESP,1984,23.171783,,,
Spain,ESP,1985,24.278637,,,
Spain,ESP,1986,25.356556,,0.004405194,
Spain,ESP,1987,26.454405,,0.010854247,
Spain,ESP,1988,28.290737,,0.029983196,
Spain,ESP,1989,30.368013,,0.07666681,
Spain,ESP,1990,32.2,,0.14065352,0.0129
Spain,ESP,1991,33.8,,0.27810043,0.0257
Spain,ESP,1992,35,,0.45991236,0.0768
Spain,ESP,1993,35.9,,0.65260637,0.128
Spain,ESP,1994,36.8,,1.0396044,0.28
Spain,ESP,1995,37.7,,2.3733897,0.381
Spain,ESP,1996,38.3,,7.4947734,1.33
Spain,ESP,1997,39.2,,10.795646,2.8
Spain,ESP,1998,40.1,,15.949128,4.36
Spain,ESP,1999,40.4,,37.007603,7.09
Spain,ESP,2000,41.7,0.186149,59.1545,13.625
Spain,ESP,2001,42.5,1.13127,71.9003,18.1487
Spain,ESP,2002,42.2,2.98761,80.3028,20.39
Spain,ESP,2003,41.8,4.99201,87.5626,39.93
Spain,ESP,2004,41.5,7.86734,89.3326,44.01
Spain,ESP,2005,44.3,11.4543,97.1228,47.88
Spain,ESP,2006,44.4,15.0778,102.236,50.37
Spain,ESP,2007,44.4,17.6986,106.384,55.11
Spain,ESP,2008,44.5,19.7598,107.328,59.6
Spain,ESP,2009,43.4,21.0155,109.472,62.4
Spain,ESP,2010,43.1,22.7418,109.712,65.8
Spain,ESP,2011,42.3,23.7623,111.899,67.09
Spain,ESP,2012,41.6,24.5107,107.756,69.81
Spain,ESP,2013,41.4,26.1459,107.039,71.635
Spain,ESP,2014,41.2,27.8359,108.746,76.1867
Spain,ESP,2015,41.5,29.0099,109.391,78.6896
Spain,ESP,2016,41.7,30.1986,110.247,80.5613
Spain,ESP,2017,41.8,31.2965,112.03,84.6022
Spain,ESP,2018,42,32.2277,115.009,86.1072
Spain,ESP,2019,41.4,32.922,116.696,90.7187
Spain,ESP,2020,40.8,33.9528,116.712,93.2056
Spain,ESP,2021,39.9,34.9302,119,93.8975
Spain,ESP,2022,39.1,35.7846,123.4,94.4855
Spain,ESP,2023,38.5,37.2148,127.715,95.4456
Spain,ESP,2024,,,,95.7575
Sri Lanka,LKA,1960,0.23275039,,0,
Sri Lanka,LKA,1961,0.230615,,,
Sri Lanka,LKA,1962,0.230615,,,
Sri Lanka,LKA,1963,0.230615,,,
Sri Lanka,LKA,1964,0.230615,,,
Sri Lanka,LKA,1965,0.25101438,,0,
Sri Lanka,LKA,1966,0.249307,,,
Sri Lanka,LKA,1967,0.249307,,,
Sri Lanka,LKA,1968,0.249307,,,
Sri Lanka,LKA,1969,0.249307,,,
Sri Lanka,LKA,1970,0.2994648,,0,
Sri Lanka,LKA,1971,0.297139,,,
Sri Lanka,LKA,1972,0.297139,,,
Sri Lanka,LKA,1973,0.297139,,,
Sri Lanka,LKA,1974,0.297139,,,
Sri Lanka,LKA,1975,0.31106192,,0,
Sri Lanka,LKA,1976,0.31308028,,0,
Sri Lanka,LKA,1977,0.3151694,,0,
Sri Lanka,LKA,1978,0.31703493,,0,
Sri Lanka,LKA,1979,0.32287976,,0,
Sri Lanka,LKA,1980,0.362696,,0,
Sri Lanka,LKA,1981,0.43432698,,0,
Sri Lanka,LKA,1982,0.4558723,,0,
Sri Lanka,LKA,1983,0.46939537,,0,
Sri Lanka,LKA,1984,0.50886506,,0,
Sri Lanka,LKA,1985,0.54489285,,0,
Sri Lanka,LKA,1986,0.56419307,,0,
Sri Lanka,LKA,1987,0.5882165,,0,
Sri Lanka,LKA,1988,0.6171613,,0,
Sri Lanka,LKA,1989,0.62083244,,0,
Sri Lanka,LKA,1990,0.742,,0.005870696,0
Sri Lanka,LKA,1991,0.764,,0.01033497,
Sri Lanka,LKA,1992,0.809,,0.015001881,
Sri Lanka,LKA,1993,0.927,,0.082392685,
Sri Lanka,LKA,1994,1.05,,0.16201651,0.00277
Sri Lanka,LKA,1995,1.16,,0.28230393,0.00548
Sri Lanka,LKA,1996,1.42,,0.38765985,0.0545
Sri Lanka,LKA,1997,1.87,,0.62272877,0.162
Sri Lanka,LKA,1998,2.82,,0.938548,0.296
Sri Lanka,LKA,1999,3.53,,1.3746618,0.348
Sri Lanka,LKA,2000,3.98,,2.22983,0.64741
Sri Lanka,LKA,2001,4.22,0.00166834,3.40638,0.793822
Sri Lanka,LKA,2002,4.46,0.00298903,4.70269,1.05042
Sri Lanka,LKA,2003,4.71,0.0171265,6.98394,1.45858
Sri Lanka,LKA,2004,4.93,0.101804,11.0076,1.44616
Sri Lanka,LKA,2005,6.15,0.103875,16.6288,1.79205
Sri Lanka,LKA,2006,9.26,0.112493,26.5939,2.53757
Sri Lanka,LKA,2007,13.4,0.308712,38.958,3.88
Sri Lanka,LKA,2008,16.7,0.494062,53.7217,
Sri Lanka,LKA,2009,16.6,0.817096,78.556,
Sri Lanka,LKA,2010,17.1,1.09352,83.1421,
Sri Lanka,LKA,2011,17.2,1.70879,87.1979,
Sri Lanka,LKA,2012,16.3,1.67222,91.3242,
Sri Lanka,LKA,2013,12.7,1.9868,95.1136,
Sri Lanka,LKA,2014,12.6,2.63419,102.671,10.5
Sri Lanka,LKA,2015,15.1,2.88043,109.985,15.26
Sri Lanka,LKA,2016,11.3,4.0719,117.738,22.19
Sri Lanka,LKA,2017,11.8,5.52576,127.67,25.1
Sri Lanka,LKA,2018,11.1,6.93976,136.084,28.3
Sri Lanka,LKA,2019,10.2,7.43541,126.514,32
Sri Lanka,LKA,2020,11.6,7.89622,131.773,36.1847
Sri Lanka,LKA,2021,12.6,10.5401,135.523,44.4531
Sri Lanka,LKA,2022,11.3,9.6361,151.727,48.3
Sri Lanka,LKA,2023,7.43,8.76545,142.277,51.2
Sub-Saharan Africa (WB),WB_SSA,1960,0.5115795,,0,
Sub-Saharan Africa (WB),WB_SSA,1961,0.51752967,,,
Sub-Saharan Africa (WB),WB_SSA,1962,0.5190534,,,
Sub-Saharan Africa (WB),WB_SSA,1963,0.52050185,,,
Sub-Saharan Africa (WB),WB_SSA,1964,0.5218598,,,
Sub-Saharan Africa (WB),WB_SSA,1965,,,0,
Sub-Saharan Africa (WB),WB_SSA,1966,0.49842715,,,
Sub-Saharan Africa (WB),WB_SSA,1967,0.49934667,,,
Sub-Saharan Africa (WB),WB_SSA,1968,0.50020045,,,
Sub-Saharan Africa (WB),WB_SSA,1969,0.501034,,,
Sub-Saharan Africa (WB),WB_SSA,1970,0.6241017,,0,
Sub-Saharan Africa (WB),WB_SSA,1971,0.50628525,,,
Sub-Saharan Africa (WB),WB_SSA,1972,0.50721353,,,
Sub-Saharan Africa (WB),WB_SSA,1973,0.50800073,,,
Sub-Saharan Africa (WB),WB_SSA,1974,0.50846505,,,
Sub-Saharan Africa (WB),WB_SSA,1975,0.7070361,,0,
Sub-Saharan Africa (WB),WB_SSA,1976,0.69517225,,0,
Sub-Saharan Africa (WB),WB_SSA,1977,0.7264293,,0,
Sub-Saharan Africa (WB),WB_SSA,1978,0.7871643,,0,
Sub-Saharan Africa (WB),WB_SSA,1979,0.81826556,,0,
Sub-Saharan Africa (WB),WB_SSA,1980,0.8488652,,0,
Sub-Saharan Africa (WB),WB_SSA,1981,0.7044549,,0,
Sub-Saharan Africa (WB),WB_SSA,1982,0.733736,,0,
Sub-Saharan Africa (WB),WB_SSA,1983,0.7655914,,0,
Sub-Saharan Africa (WB),WB_SSA,1984,0.7786901,,0,
Sub-Saharan Africa (WB),WB_SSA,1985,0.8056429,,0,
Sub-Saharan Africa (WB),WB_SSA,1986,0.85214466,,0,
Sub-Saharan Africa (WB),WB_SSA,1987,0.87481433,,0,
Sub-Saharan Africa (WB),WB_SSA,1988,0.9071747,,0,
Sub-Saharan Africa (WB),WB_SSA,1989,0.9452406,,0.000799458,
Sub-Saharan Africa (WB),WB_SSA,1990,0.9896503,,0.001539327,
Sub-Saharan Africa (WB),WB_SSA,1991,1.0080074,,0.001825494,
Sub-Saharan Africa (WB),WB_SSA,1992,1.0030148,,0.003469775,
Sub-Saharan Africa (WB),WB_SSA,1993,1.0232955,,0.011487194,
Sub-Saharan Africa (WB),WB_SSA,1994,1.0563529,,0.07064017,
Sub-Saharan Africa (WB),WB_SSA,1995,1.1056715,,0.1030207,
Sub-Saharan Africa (WB),WB_SSA,1996,1.1581982,,0.18060689,
Sub-Saharan Africa (WB),WB_SSA,1997,1.2316848,,0.3407434,
Sub-Saharan Africa (WB),WB_SSA,1998,1.3253169,,0.6131599,
Sub-Saharan Africa (WB),WB_SSA,1999,1.4173825,,0.99787694,
Sub-Saharan Africa (WB),WB_SSA,2000,1.3832448,,1.7207674,
Sub-Saharan Africa (WB),WB_SSA,2001,1.4048648,,2.496604,
Sub-Saharan Africa (WB),WB_SSA,2002,1.4489073,,3.5801473,
Sub-Saharan Africa (WB),WB_SSA,2003,1.496258,,4.9578342,
Sub-Saharan Africa (WB),WB_SSA,2004,1.5165155,,7.3887053,
Sub-Saharan Africa (WB),WB_SSA,2005,1.4764322,0.039060917,11.99051,2
Sub-Saharan Africa (WB),WB_SSA,2006,1.5380236,,17.67825,2.6
Sub-Saharan Africa (WB),WB_SSA,2007,1.5311795,0.09897735,23.055832,3.1
Sub-Saharan Africa (WB),WB_SSA,2008,1.4909372,0.11235109,31.696676,3.6
Sub-Saharan Africa (WB),WB_SSA,2009,1.557915,0.13244744,37.411415,4.3
Sub-Saharan Africa (WB),WB_SSA,2010,1.4575303,0.16101794,44.093983,6
Sub-Saharan Africa (WB),WB_SSA,2011,1.3684721,0.26264843,52.163414,7.5
Sub-Saharan Africa (WB),WB_SSA,2012,1.2789519,0.24611533,58.582508,9.2
Sub-Saharan Africa (WB),WB_SSA,2013,1.1069922,0.31500816,64.71107,11.2
Sub-Saharan Africa (WB),WB_SSA,2014,1.0842061,0.37955496,69.37849,13.4
Sub-Saharan Africa (WB),WB_SSA,2015,1,0.4,73.3,16.2
Sub-Saharan Africa (WB),WB_SSA,2016,1.1,0.4,71.5,18.3
Sub-Saharan Africa (WB),WB_SSA,2017,1,0.4,70.8,20
Sub-Saharan Africa (WB),WB_SSA,2018,0.8,0.4,74.4,22
Sub-Saharan Africa (WB),WB_SSA,2019,0.7,0.5,77.4,24.4
Sub-Saharan Africa (WB),WB_SSA,2020,0.7,0.45,80.8,26.7
Sub-Saharan Africa (WB),WB_SSA,2021,0.6,0.51,83,29
Sub-Saharan Africa (WB),WB_SSA,2022,0.5,0.56,87.6,31.1
Sub-Saharan Africa (WB),WB_SSA,2023,0.5,0.66,90,32.3
Sub-Saharan Africa (WB),WB_SSA,2024,0.4,0.84,89.2,33.6
Sub-Saharan Africa (WB),WB_SSA,2025,0.4,1.12,90.4,35.7
Sudan,SDN,1960,0.2082397,,0,
Sudan,SDN,1961,0.166926,,,
Sudan,SDN,1962,0.166926,,,
Sudan,SDN,1963,0.166926,,,
Sudan,SDN,1964,0.166926,,,
Sudan,SDN,1965,0.27798408,,0,
Sudan,SDN,1966,0.226829,,,
Sudan,SDN,1967,0.226829,,,
Sudan,SDN,1968,0.226829,,,
Sudan,SDN,1969,0.226829,,,
Sudan,SDN,1970,0.29455456,,0,
Sudan,SDN,1971,0.24173,,,
Sudan,SDN,1972,0.24173,,,
Sudan,SDN,1973,0.24173,,,
Sudan,SDN,1974,0.24173,,,
Sudan,SDN,1975,0.31339034,,0,
Sudan,SDN,1976,0.3071234,,0,
Sudan,SDN,1977,0.29657975,,0,
Sudan,SDN,1978,0.2873681,,0,
Sudan,SDN,1979,0.2772548,,0,
Sudan,SDN,1980,0.27201706,,0,
Sudan,SDN,1981,0.263578,,0,
Sudan,SDN,1982,0.2663301,,0,
Sudan,SDN,1983,0.27681762,,0,
Sudan,SDN,1984,0.28682807,,0,
Sudan,SDN,1985,0.29533955,,0,
Sudan,SDN,1986,0.2923954,,0,
Sudan,SDN,1987,0.29037794,,0,
Sudan,SDN,1988,0.28845468,,0,
Sudan,SDN,1989,0.28959334,,0,
Sudan,SDN,1990,0.282,,0,0
Sudan,SDN,1991,0.283,,0,
Sudan,SDN,1992,0.279,,0,
Sudan,SDN,1993,0.273,,0,
Sudan,SDN,1994,0.266,,0,0
Sudan,SDN,1995,0.304,,0,0
Sudan,SDN,1996,0.392,,0.00921958,0
Sudan,SDN,1997,0.436,,0.015539144,0.00123
Sudan,SDN,1998,0.613,,0.034359947,0.00481
Sudan,SDN,1999,0.927,,0.050713576,0.00879
Sudan,SDN,2000,1.39,,0.082684,0.025785
Sudan,SDN,2001,1.57,,0.364158,0.140185
Sudan,SDN,2002,2.3,,0.652707,0.439478
Sudan,SDN,2003,3.13,,1.76355,0.538472
Sudan,SDN,2004,3.37,0.00259518,3.43152,0.791562
Sudan,SDN,2005,1.82,0.00405918,5.84708,1.29204
Sudan,SDN,2006,1.56,0.00645465,14.6382,
Sudan,SDN,2007,1.05,0.129715,25.0826,8.66
Sudan,SDN,2008,1.09,0.132718,35.6634,
Sudan,SDN,2009,1.07,,44.3746,
Sudan,SDN,2010,1.54,0.0381201,51.09,
Sudan,SDN,2011,1.34,0.048228,69.3293,
Sudan,SDN,2012,1.15,0.0671367,74.9085,
Sudan,SDN,2013,1.1,0.0680334,73.1964,
Sudan,SDN,2014,1.07,0.053218,71.5977,
Sudan,SDN,2015,0.297,0.0701896,69.8036,
Sudan,SDN,2016,0.331,0.0639265,67.3955,14.1
Sudan,SDN,2017,0.335,0.0715194,67.0598,18.6
Sudan,SDN,2018,0.31,0.0708831,68.0534,24.6
Sudan,SDN,2019,0.303,0.0719282,72.4819,25.9
Sudan,SDN,2020,0.277,0.0615142,75.2207,26.4383
Sudan,SDN,2021,0.274,0.0632992,71.7672,
Sudan,SDN,2022,0.315,0.0604394,70.2084,
Suriname,SUR,1960,,,0,
Suriname,SUR,1965,,,0,
Suriname,SUR,1970,,,0,
Suriname,SUR,1975,2.6760988,,0,
Suriname,SUR,1976,2.8317447,,0,
Suriname,SUR,1977,3.203131,,0,
Suriname,SUR,1978,3.482733,,0,
Suriname,SUR,1979,3.7976797,,0,
Suriname,SUR,1980,4.0529227,,0,
Suriname,SUR,1981,4.3032093,,0,
Suriname,SUR,1982,4.3873644,,0,
Suriname,SUR,1983,5.5657616,,0,
Suriname,SUR,1984,6.752967,,0,
Suriname,SUR,1985,7.1397395,,0,
Suriname,SUR,1986,7.621084,,0,
Suriname,SUR,1987,7.8109293,,0,
Suriname,SUR,1988,7.971353,,0,
Suriname,SUR,1989,8.300764,,0,
Suriname,SUR,1990,8.89,,0,0
Suriname,SUR,1991,9.77,,0,
Suriname,SUR,1992,10.4,,0,
Suriname,SUR,1993,11.3,,0.25522345,
Suriname,SUR,1994,12,,0.32399637,
Suriname,SUR,1995,12.6,,0.3882713,0.115
Suriname,SUR,1996,13,,0.54434764,0.226
Suriname,SUR,1997,14.3,,0.49858022,1
Suriname,SUR,1998,14.7,,1.3009232,1.67
Suriname,SUR,1999,15.2,,3.7197795,1.89
Suriname,SUR,2000,15.8,,8.6119,2.50641
Suriname,SUR,2001,15.9,,17.8806,3.06445
Suriname,SUR,2002,15.8,0.0189306,21.8231,4.16157
Suriname,SUR,2003,15.8,0.0426528,33.2775,4.71988
Suriname,SUR,2004,15.9,0.0817243,41.4107,6.07605
Suriname,SUR,2005,15.6,0.213166,44.8256,6.40309
Suriname,SUR,2006,15.5,0.505908,60.9527,9.49963
Suriname,SUR,2007,15.4,0.791878,71.5609,14.11
Suriname,SUR,2008,15.4,1.07139,122.31,21.06
Suriname,SUR,2009,15.4,1.66842,140.537,31.36
Suriname,SUR,2010,15.4,2.75366,94.7707,31.59
Suriname,SUR,2011,15.1,4.16345,95.9108,32
Suriname,SUR,2012,15.4,5.20197,101.144,34.6812
Suriname,SUR,2013,14.9,6.5191,152.648,37.4
Suriname,SUR,2014,14.8,8.06433,161.252,40.08
Suriname,SUR,2015,15.8,9.05924,129.027,42.7638
Suriname,SUR,2016,15.1,12.1167,137.281,45.4
Suriname,SUR,2017,15,11.9952,134.05,48.9452
Suriname,SUR,2018,14.7,12.2059,125.48,55.1
Suriname,SUR,2019,15.3,13.2741,134.349,62
Suriname,SUR,2020,16.9,15.069,146.875,69.8369
Suriname,SUR,2021,19.4,19.9,146.654,76.572
Suriname,SUR,2022,17.4,20.026,149.052,77.6494
Suriname,SUR,2023,20.5,17.5374,157.246,78.3958
Sweden,SWE,1960,27.883749,,0,
Sweden,SWE,1961,27.9223,,,
Sweden,SWE,1962,27.9223,,,
Sweden,SWE,1963,27.9223,,,
Sweden,SWE,1964,27.9223,,,
Sweden,SWE,1965,37.73973,,0,
Sweden,SWE,1966,37.7888,,,
Sweden,SWE,1967,37.7888,,,
Sweden,SWE,1968,37.7888,,,
Sweden,SWE,1969,37.7888,,,
Sweden,SWE,1970,44.882084,,0,
Sweden,SWE,1971,44.7304,,,
Sweden,SWE,1972,44.7304,,,
Sweden,SWE,1973,44.7304,,,
Sweden,SWE,1974,44.7304,,,
Sweden,SWE,1975,51.176937,,0,
Sweden,SWE,1976,52.81924,,0,
Sweden,SWE,1977,54.384373,,0,
Sweden,SWE,1978,55.48647,,0,
Sweden,SWE,1979,56.38839,,0,
Sweden,SWE,1980,57.990112,,0,
Sweden,SWE,1981,58.787487,,0.24453904,
Sweden,SWE,1982,59.538006,,0.32654244,
Sweden,SWE,1983,60.044605,,0.434393,
Sweden,SWE,1984,61.2521,,0.6918169,
Sweden,SWE,1985,62.485714,,0.87009245,
Sweden,SWE,1986,63.874626,,1.3385972,
Sweden,SWE,1987,64.95027,,2.0502503,
Sweden,SWE,1988,66.14206,,2.8695805,
Sweden,SWE,1989,67.207664,,4.103477,
Sweden,SWE,1990,68.3,,5.395158,0.584
Sweden,SWE,1991,69.1,,6.611459,1.16
Sweden,SWE,1992,68.4,,7.5923533,1.5
Sweden,SWE,1993,67.8,,8.919313,1.72
Sweden,SWE,1994,68,,15.830874,3.41
Sweden,SWE,1995,68.1,,22.926311,5.1
Sweden,SWE,1996,68.2,,28.364939,9.04
Sweden,SWE,1997,70.7,,35.97919,23.7
Sweden,SWE,1998,72.2,,46.541748,33.5
Sweden,SWE,1999,68.8,,57.92826,41.4
Sweden,SWE,2000,68.3,2.80655,71.824,45.6877
Sweden,SWE,2001,66.9,6.59845,80.6878,51.7657
Sweden,SWE,2002,65.5,9.41172,89.064,70.57
Sweden,SWE,2003,64.5,12.2231,98.2426,79.13
Sweden,SWE,2004,63.2,15.6775,97.6783,83.89
Sweden,SWE,2005,62.4,27.9298,100.822,84.83
Sweden,SWE,2006,61.1,27.41,105.797,87.76
Sweden,SWE,2007,60.1,30.3915,110.588,82.01
Sweden,SWE,2008,57.9,31.4844,108.613,90
Sweden,SWE,2009,55.3,31.672,112.273,91
Sweden,SWE,2010,50.5,31.984,117.212,90
Sweden,SWE,2011,47.4,32.0391,121.219,92.77
Sweden,SWE,2012,43.8,32.283,124.465,93.18
Sweden,SWE,2013,40.9,32.7855,125.142,94.7836
Sweden,SWE,2014,39,33.8414,126.98,92.5236
Sweden,SWE,2015,36.3,35.6778,128.974,90.6102
Sweden,SWE,2016,31.3,37.0822,126.402,89.6509
Sweden,SWE,2017,26,38.3266,124.473,93.0063
Sweden,SWE,2018,21.3,38.7413,124.086,89.247
Sweden,SWE,2019,17,39.2906,125.457,94.4934
Sweden,SWE,2020,14.3,40.368,123.549,94.5394
Sweden,SWE,2021,12.1,40.8351,124.961,94.6703
Sweden,SWE,2022,10.5,40.6093,140.782,95.0097
Sweden,SWE,2023,8.51,40.734,140.266,95.7033
Sweden,SWE,2024,,,,95.5293
Switzerland,CHE,1960,20.475208,,0,
Switzerland,CHE,1961,20.6597,,,
Switzerland,CHE,1962,20.6597,,,
Switzerland,CHE,1963,20.6597,,,
Switzerland,CHE,1964,20.6597,,,
Switzerland,CHE,1965,25.029675,,0,
Switzerland,CHE,1966,25.22,,,
Switzerland,CHE,1967,25.22,,,
Switzerland,CHE,1968,25.22,,,
Switzerland,CHE,1969,25.22,,,
Switzerland,CHE,1970,31.466244,,0,
Switzerland,CHE,1971,31.6216,,,
Switzerland,CHE,1972,31.6216,,,
Switzerland,CHE,1973,31.6216,,,
Switzerland,CHE,1974,31.6216,,,
Switzerland,CHE,1975,38.969635,,0,
Switzerland,CHE,1976,40.03444,,0,
Switzerland,CHE,1977,41.37984,,0,
Switzerland,CHE,1978,42.61703,,0,
Switzerland,CHE,1979,43.770554,,0,
Switzerland,CHE,1980,44.927193,,0,
Switzerland,CHE,1981,46.036182,,0,
Switzerland,CHE,1982,47.097836,,0,
Switzerland,CHE,1983,48.221523,,0,
Switzerland,CHE,1984,49.436096,,0,
Switzerland,CHE,1985,50.65093,,0,
Switzerland,CHE,1986,51.99473,,0,
Switzerland,CHE,1987,53.474438,,0.08365865,
Switzerland,CHE,1988,55.103085,,0.46670008,
Switzerland,CHE,1989,56.942333,,1.0943835,
Switzerland,CHE,1990,58.7,,1.8631216,0.596
Switzerland,CHE,1991,60,,2.5687551,1.18
Switzerland,CHE,1992,60.9,,3.1289887,1.75
Switzerland,CHE,1993,61.5,,3.7153764,2.17
Switzerland,CHE,1994,60.9,,4.7509575,2.72
Switzerland,CHE,1995,63.6,,6.353341,3.55
Switzerland,CHE,1996,64.6,,9.374002,4.55
Switzerland,CHE,1997,66.1,,14.73655,15.1
Switzerland,CHE,1998,68.7,,23.895782,24.8
Switzerland,CHE,1999,70.9,,42.80908,34
Switzerland,CHE,2000,72.9,0.7853,64.5673,47.1
Switzerland,CHE,2001,74.5,1.93734,73.0073,55.1
Switzerland,CHE,2002,74,6.25409,78.8089,61.4
Switzerland,CHE,2003,72.6,10.689,84.3941,65.1
Switzerland,CHE,2004,71.1,16.6219,84.9756,67.8
Switzerland,CHE,2005,69.3,22.4604,91.959,70.1
Switzerland,CHE,2006,67.1,27.4143,99.4337,75.7
Switzerland,CHE,2007,65.3,31.5503,108.793,77.2
Switzerland,CHE,2008,63.2,33.4518,116.423,79.2
Switzerland,CHE,2009,66.3,35.4268,120.483,81.3
Switzerland,CHE,2010,62.7,37.2299,123.236,83.9
Switzerland,CHE,2011,61.9,38.8955,127.397,85.193
Switzerland,CHE,2012,59,40.16,132.031,85.2
Switzerland,CHE,2013,56.8,42.4918,136.551,86.34
Switzerland,CHE,2014,53.4,43.1732,136.138,83.6173
Switzerland,CHE,2015,50,44.6716,135.723,87.4791
Switzerland,CHE,2016,45,45.0861,134.236,89.1347
Switzerland,CHE,2017,42.1,46.3318,131.17,89.6861
Switzerland,CHE,2018,39.1,45.605,126.681,91.8
Switzerland,CHE,2019,37,46.9124,126.921,93.1461
Switzerland,CHE,2020,35.5,46.4814,127.376,94.3499
Switzerland,CHE,2021,34.5,47.9433,123.212,95.5694
Switzerland,CHE,2022,34.2,46.6748,123.971,96.4528
Switzerland,CHE,2023,33.9,47.6963,128.64,97.3444
Syria,SYR,1960,0.84336215,,0,
Syria,SYR,1961,0.850222,,,
Syria,SYR,1962,0.850222,,,
Syria,SYR,1963,0.850222,,,
Syria,SYR,1964,0.850222,,,
Syria,SYR,1965,1.0617588,,0,
Syria,SYR,1966,1.06083,,,
Syria,SYR,1967,1.06083,,,
Syria,SYR,1968,1.06083,,,
Syria,SYR,1969,1.06083,,,
Syria,SYR,1970,1.2626915,,0,
Syria,SYR,1971,1.25646,,,
Syria,SYR,1972,1.25646,,,
Syria,SYR,1973,1.25646,,,
Syria,SYR,1974,1.25646,,,
Syria,SYR,1975,1.7073209,,0,
Syria,SYR,1976,1.7657659,,0,
Syria,SYR,1977,1.8806094,,0,
Syria,SYR,1978,2.0336413,,0,
Syria,SYR,1979,2.2207372,,0,
Syria,SYR,1980,2.6949685,,0,
Syria,SYR,1981,3.313908,,0,
Syria,SYR,1982,3.5223286,,0,
Syria,SYR,1983,3.7212288,,0,
Syria,SYR,1984,4.0851846,,0,
Syria,SYR,1985,4.1742063,,0,
Syria,SYR,1986,4.1713963,,0,
Syria,SYR,1987,4.1308002,,0,
Syria,SYR,1988,4.100269,,0,
Syria,SYR,1989,4.063454,,0,
Syria,SYR,1990,3.95,,0,0
Syria,SYR,1991,3.87,,0,0
Syria,SYR,1992,3.84,,0,0
Syria,SYR,1993,4.11,,0,0
Syria,SYR,1994,4.83,,0,0
Syria,SYR,1995,6.56,,0,0
Syria,SYR,1996,7.98,,0,0
Syria,SYR,1997,8.51,,0,0.0326
Syria,SYR,1998,9.34,,0,0.0637
Syria,SYR,1999,9.86,,0.02515533,0.124
Syria,SYR,2000,10.1,,0.180311,0.181699
Syria,SYR,2001,10.7,,1.17293,0.353759
Syria,SYR,2002,12,,2.28986,2.0931
Syria,SYR,2003,13.5,,6.62407,3.39797
Syria,SYR,2004,14.5,0.0032721,12.7939,4.32159
Syria,SYR,2005,15.4,0.0143509,15.6797,5.64811
Syria,SYR,2006,16.5,0.0265723,23.8071,7.83255
Syria,SYR,2007,16.5,0.0333124,29.8537,11.5
Syria,SYR,2008,16.8,0.0510941,32.6122,14
Syria,SYR,2009,17.6,0.157697,45.6017,17.3
Syria,SYR,2010,18.1,0.31054,52.0229,20.7
Syria,SYR,2011,18.7,0.530201,56.4601,22.5
Syria,SYR,2012,18.7,1.06396,57.0305,24.3001
Syria,SYR,2013,20.4,1.59758,56.7277,26.2
Syria,SYR,2014,17.9,2.47214,69.2512,28.09
Syria,SYR,2015,18.2,3.75431,73.6811,29.9798
Syria,SYR,2016,18.1,5.2601,69.5529,31.8696
Syria,SYR,2017,14.2,7.40231,80.0326,32.7
Syria,SYR,2018,14,6.78669,87.4952,33.77
Syria,SYR,2019,14,7.33617,87.1297,34.65
Syria,SYR,2020,13.6,7.35459,79.1482,
Syria,SYR,2021,13,7.28563,78.5558,
Syria,SYR,2022,12.4,7.16283,78.6568,
Syria,SYR,2023,11.9,6.86125,72.4406,
Tajikistan,TJK,1960,,,0,
Tajikistan,TJK,1965,,,0,
Tajikistan,TJK,1970,,,0,
Tajikistan,TJK,1975,2.0102668,,0,
Tajikistan,TJK,1976,2.2280362,,0,
Tajikistan,TJK,1977,2.4304552,,0,
Tajikistan,TJK,1978,2.6190941,,0,
Tajikistan,TJK,1979,2.7970734,,0,
Tajikistan,TJK,1980,2.9659178,,0,
Tajikistan,TJK,1981,3.364782,,0,
Tajikistan,TJK,1982,3.5055673,,0,
Tajikistan,TJK,1983,3.6351228,,0,
Tajikistan,TJK,1984,3.7531729,,0,
Tajikistan,TJK,1985,3.8621652,,0,
Tajikistan,TJK,1986,3.9597514,,0,
Tajikistan,TJK,1987,4.0434313,,0,
Tajikistan,TJK,1988,4.2352777,,0,
Tajikistan,TJK,1989,4.369025,,0,
Tajikistan,TJK,1990,4.45,,0,0
Tajikistan,TJK,1991,4.65,,0,
Tajikistan,TJK,1992,4.73,,0,
Tajikistan,TJK,1993,4.63,,0,
Tajikistan,TJK,1994,4.6,,0,
Tajikistan,TJK,1995,4.42,,0,
Tajikistan,TJK,1996,4.07,,0.001689973,
Tajikistan,TJK,1997,3.67,,0.005231264,
Tajikistan,TJK,1998,3.58,,0.006821721,
Tajikistan,TJK,1999,3.42,,0.01009764,0.0328
Tajikistan,TJK,2000,3.48,,0.0184574,0.0485996
Tajikistan,TJK,2001,3.54,,0.0254394,0.0512591
Tajikistan,TJK,2002,3.64,,0.202092,0.0554628
Tajikistan,TJK,2003,3.68,0.000150182,0.715123,0.0645838
Tajikistan,TJK,2004,4.03,,1.98806,0.0774799
Tajikistan,TJK,2005,4.05,,3.82687,0.29869
Tajikistan,TJK,2006,,,30.4638,3.77241
Tajikistan,TJK,2007,4.07,0.0506639,29.6445,7.19762
Tajikistan,TJK,2008,3.91,0.0498474,50.0588,8.78
Tajikistan,TJK,2009,4.64,0.0587432,65.4186,10.07
Tajikistan,TJK,2010,4.81,0.0614207,77.6363,11.55
Tajikistan,TJK,2011,4.86,0.0641551,80.8201,13.03
Tajikistan,TJK,2012,4.9,0.0673814,81.4566,14.51
Tajikistan,TJK,2013,5.17,0.0705877,91.7288,16
Tajikistan,TJK,2014,5.23,0.0723988,94.9386,17.49
Tajikistan,TJK,2015,5.29,0.0694136,98.2087,18.98
Tajikistan,TJK,2016,5.28,0.0676771,106.027,20.47
Tajikistan,TJK,2017,5.27,0.0660361,109.004,21.96
Tajikistan,TJK,2018,,,107.442,
Tajikistan,TJK,2019,5.27,0.0629593,115.373,
Tajikistan,TJK,2020,5.15,0.0615428,118.819,27.5441
Tajikistan,TJK,2021,5.04,0.0601992,116.225,49.8409
Tajikistan,TJK,2022,5.11,0.0612833,126.161,53.1078
Tajikistan,TJK,2023,,,,56.791
Tanzania,TZA,1960,0.08095627,,0,
Tanzania,TZA,1961,0.0808782,,,
Tanzania,TZA,1962,0.0808782,,,
Tanzania,TZA,1963,0.0808782,,,
Tanzania,TZA,1964,0.0808782,,,
Tanzania,TZA,1965,0.0879662,,0,
Tanzania,TZA,1966,0.0879342,,,
Tanzania,TZA,1967,0.0879342,,,
Tanzania,TZA,1968,0.0879342,,,
Tanzania,TZA,1969,0.0879342,,,
Tanzania,TZA,1970,0.109977886,,0,
Tanzania,TZA,1971,0.11065,,,
Tanzania,TZA,1972,0.11065,,,
Tanzania,TZA,1973,0.11065,,,
Tanzania,TZA,1974,0.11065,,,
Tanzania,TZA,1975,0.16656174,,0,
Tanzania,TZA,1976,0.17083044,,0,
Tanzania,TZA,1977,0.18205488,,0,
Tanzania,TZA,1978,0.19370016,,0,
Tanzania,TZA,1979,0.20473686,,0,
Tanzania,TZA,1980,0.20608717,,0,
Tanzania,TZA,1981,0.20463598,,0,
Tanzania,TZA,1982,0.20491298,,0,
Tanzania,TZA,1983,0.20777284,,0,
Tanzania,TZA,1984,0.21736111,,0,
Tanzania,TZA,1985,0.23068172,,0,
Tanzania,TZA,1986,0.23349069,,0,
Tanzania,TZA,1987,0.24448311,,0,
Tanzania,TZA,1988,0.26588959,,0,
Tanzania,TZA,1989,0.27677107,,0,
Tanzania,TZA,1990,0.28,,0,0
Tanzania,TZA,1991,0.285,,0,
Tanzania,TZA,1992,0.296,,0,
Tanzania,TZA,1993,0.3,,0,
Tanzania,TZA,1994,0.3,,0.001253449,
Tanzania,TZA,1995,0.297,,0.011452853,
Tanzania,TZA,1996,0.3,,0.02902308,0.00162
Tanzania,TZA,1997,0.333,,0.0635503,0.0079
Tanzania,TZA,1998,0.376,,0.116285846,0.00924
Tanzania,TZA,1999,0.449,,0.1520906,0.0751
Tanzania,TZA,2000,0.507,,0.322585,0.117194
Tanzania,TZA,2001,0.505,,0.782879,0.1713
Tanzania,TZA,2002,0.447,,1.68006,0.222484
Tanzania,TZA,2003,0.396,,3.49964,0.676963
Tanzania,TZA,2004,0.389,,5.09582,0.877575
Tanzania,TZA,2005,0.394,0.00660761,7.56468,1.1
Tanzania,TZA,2006,0.377,0.00744015,13.9199,1.3
Tanzania,TZA,2007,0.394,0.00819104,19.9153,1.6
Tanzania,TZA,2008,0.291,0.0150855,30.5534,1.9
Tanzania,TZA,2009,0.396,0.0159211,40.0364,2.4
Tanzania,TZA,2010,0.39,0.0168772,46.8824,2.9
Tanzania,TZA,2011,0.35,0.061413,55.761,3.2
Tanzania,TZA,2012,0.372,0.0872309,57.4558,3.95
Tanzania,TZA,2013,0.338,0.115568,56.2075,4.4
Tanzania,TZA,2014,0.3,0.168019,63.2804,7
Tanzania,TZA,2015,0.275,0.203764,76.2493,10
Tanzania,TZA,2016,0.241,0.591695,74.3984,13.5042
Tanzania,TZA,2017,0.228,1.37184,71.7912,14.4634
Tanzania,TZA,2018,0.216,1.49944,75.7302,15.4907
Tanzania,TZA,2019,0.129,1.75692,80.5836,16.5909
Tanzania,TZA,2020,0.119,1.86248,84.0051,17.7693
Tanzania,TZA,2021,0.114,1.97842,86.0163,19.0314
Tanzania,TZA,2022,0.131,2.20859,93.016,22.101
Tanzania,TZA,2023,0.114,2.49959,105.4,29.0638
Thailand,THA,1960,0.13967207,,0,
Thailand,THA,1961,0.13559,,,
Thailand,THA,1962,0.13559,,,
Thailand,THA,1963,0.13559,,,
Thailand,THA,1964,0.13559,,,
Thailand,THA,1965,0.17452982,,0,
Thailand,THA,1966,0.16969,,,
Thailand,THA,1967,0.16969,,,
Thailand,THA,1968,0.16969,,,
Thailand,THA,1969,0.16969,,,
Thailand,THA,1970,0.26542446,,0,
Thailand,THA,1971,0.257561,,,
Thailand,THA,1972,0.257561,,,
Thailand,THA,1973,0.257561,,,
Thailand,THA,1974,0.257561,,,
Thailand,THA,1975,0.53534144,,0,
Thailand,THA,1976,0.5658738,,0,
Thailand,THA,1977,0.6091896,,0,
Thailand,THA,1978,0.6756955,,0,
Thailand,THA,1979,0.7417322,,0,
Thailand,THA,1980,0.8002142,,0,
Thailand,THA,1981,0.818023,,0,
Thailand,THA,1982,0.91051763,,0,
Thailand,THA,1983,0.9517683,,0,
Thailand,THA,1984,1.046586,,0,
Thailand,THA,1985,1.2382622,,0,
Thailand,THA,1986,1.5500185,,0.001592873,
Thailand,THA,1987,1.7180566,,0.011208254,
Thailand,THA,1988,1.8832687,,0.03288276,
Thailand,THA,1989,2.1316803,,0.07351446,
Thailand,THA,1990,2.42,,0.1144755,0
Thailand,THA,1991,2.79,,0.22023404,0.0000522
Thailand,THA,1992,3.17,,0.44009188,0.000344
Thailand,THA,1993,3.86,,0.7157927,0.0136
Thailand,THA,1994,4.72,,1.2579472,0.0386
Thailand,THA,1995,5.89,,2.1839793,0.0748
Thailand,THA,1996,6.94,,3.0635998,0.115
Thailand,THA,1997,7.95,,3.6136043,0.361
Thailand,THA,1998,8.19,,3.2017977,1.09
Thailand,THA,1999,8.37,,3.7464793,2.43
Thailand,THA,2000,8.87,,4.85019,3.68904
Thailand,THA,2001,9.5,0.00253413,11.8615,5.55633
Thailand,THA,2002,10.2,,27.1524,7.53125
Thailand,THA,2003,10.2,0.0178994,33.3244,9.29903
Thailand,THA,2004,10.4,0.251749,41.1989,10.6773
Thailand,THA,2005,10.7,0.841437,46.1397,15.026
Thailand,THA,2006,10.6,1.34231,60.2777,17.1607
Thailand,THA,2007,10.5,1.92741,78.945,20.03
Thailand,THA,2008,10.9,3.06537,91.4483,18.2
Thailand,THA,2009,10.6,3.85237,96.8163,20.1
Thailand,THA,2010,9.97,4.74173,104.589,22.4
Thailand,THA,2011,9.65,5.64434,112.233,23.6699
Thailand,THA,2012,9.18,6.50814,122.432,26.46
Thailand,THA,2013,8.67,7.43359,134.367,28.94
Thailand,THA,2014,8.1,7.74748,138.281,34.8861
Thailand,THA,2015,7.53,8.83035,145.933,39.3161
Thailand,THA,2016,6.64,10.1877,168.881,47.505
Thailand,THA,2017,14,11.5345,170.784,52.8919
Thailand,THA,2018,8.49,12.8741,175.266,56.8175
Thailand,THA,2019,7.57,14.1338,181.222,66.6524
Thailand,THA,2020,6.98,16.0218,162.328,77.8437
Thailand,THA,2021,6.46,17.3169,168.485,85.2696
Thailand,THA,2022,6.09,17.5126,176.223,87.9772
Thailand,THA,2023,5.7,15.7473,168.643,89.5353
Thailand,THA,2024,,,,90.8672
Togo,TGO,1960,0.07048706,,0,
Togo,TGO,1961,0.073647,,,
Togo,TGO,1962,0.073647,,,
Togo,TGO,1963,0.073647,,,
Togo,TGO,1964,0.073647,,,
Togo,TGO,1965,,,0,
Togo,TGO,1966,0.073647,,,
Togo,TGO,1967,0.073647,,,
Togo,TGO,1968,0.073647,,,
Togo,TGO,1969,0.073647,,,
Togo,TGO,1970,0.13652603,,0,
Togo,TGO,1971,0.141809,,,
Togo,TGO,1972,0.141809,,,
Togo,TGO,1973,0.141809,,,
Togo,TGO,1974,0.141809,,,
Togo,TGO,1975,,,0,
Togo,TGO,1976,0.18679434,,0,
Togo,TGO,1977,0.22047985,,0,
Togo,TGO,1978,0.20791565,,0,
Togo,TGO,1979,0.20642899,,0,
Togo,TGO,1980,0.20376237,,0,
Togo,TGO,1981,0.20916884,,0,
Togo,TGO,1982,0.24558908,,0,
Togo,TGO,1983,0.2538192,,0,
Togo,TGO,1984,0.2583654,,0,
Togo,TGO,1985,0.25146052,,0,
Togo,TGO,1986,0.24582991,,0,
Togo,TGO,1987,0.26023102,,0,
Togo,TGO,1988,0.26263064,,0,
Togo,TGO,1989,0.26221836,,0,
Togo,TGO,1990,0.263,,0,0
Togo,TGO,1991,0.261,,0,0
Togo,TGO,1992,0.362,,0,0
Togo,TGO,1993,0.411,,0,0
Togo,TGO,1994,0.507,,0,0
Togo,TGO,1995,0.492,,0,0
Togo,TGO,1996,0.525,,0,0.0109
Togo,TGO,1997,0.532,,0.06521431,0.211
Togo,TGO,1998,0.646,,0.15861948,0.306
Togo,TGO,1999,0.763,,0.34922355,0.59
Togo,TGO,2000,0.832,,0.972756,0.8
Togo,TGO,2001,0.917,,1.80013,0.9
Togo,TGO,2002,0.945,,3.05061,1
Togo,TGO,2003,1.1,,4.38771,1.2
Togo,TGO,2004,1.16,,5.83805,1.5
Togo,TGO,2005,1.08,,7.41937,1.8
Togo,TGO,2006,1.37,,11.7791,2
Togo,TGO,2007,1.61,0.0194075,19.2349,2.2
Togo,TGO,2008,2.21,0.0300056,24.3302,2.4
Togo,TGO,2009,2.73,0.0635849,33.3849,2.6
Togo,TGO,2010,0.891,0.404376,38.652,3
Togo,TGO,2011,0.871,0.492144,38.9698,3.5
Togo,TGO,2012,0.867,0.584348,46.6464,4
Togo,TGO,2013,0.858,0.0949153,58.5139,4.5
Togo,TGO,2014,0.713,0.168753,60.4369,5.7
Togo,TGO,2015,0.688,0.862199,63.3575,7.12
Togo,TGO,2016,0.43,0.620529,70.0588,11.31
Togo,TGO,2017,0.448,0.627394,75.3357,12.3602
Togo,TGO,2018,0.456,0.316705,74.3997,15.5
Togo,TGO,2019,0.515,0.37692,73.7225,20.7273
Togo,TGO,2020,0.536,0.607932,75.164,29.0237
Togo,TGO,2021,0.614,0.749326,70.4497,30.3384
Togo,TGO,2022,0.722,1.03724,72.2148,35.5105
Togo,TGO,2023,0.715,1.22816,75.7907,37.0223
Tonga,TON,1960,0.78454053,,0,
Tonga,TON,1961,0.859087,,,
Tonga,TON,1962,0.859087,,,
Tonga,TON,1963,0.859087,,,
Tonga,TON,1964,0.859087,,,
Tonga,TON,1965,0.7208506,,0,
Tonga,TON,1966,0.753245,,,
Tonga,TON,1967,0.753245,,,
Tonga,TON,1968,0.753245,,,
Tonga,TON,1969,0.753245,,,
Tonga,TON,1970,0.6706443,,0,
Tonga,TON,1971,0.687603,,,
Tonga,TON,1972,0.687603,,,
Tonga,TON,1973,0.687603,,,
Tonga,TON,1974,0.687603,,,
Tonga,TON,1975,,,0,
Tonga,TON,1976,0.5267594,,0,
Tonga,TON,1977,0.52166474,,0,
Tonga,TON,1978,0.5300023,,0,
Tonga,TON,1979,0.9533086,,0,
Tonga,TON,1980,,,0,
Tonga,TON,1981,1.7450385,,0,
Tonga,TON,1982,,,0,
Tonga,TON,1983,2.8871634,,0,
Tonga,TON,1984,2.6457918,,0,
Tonga,TON,1985,2.678921,,0,
Tonga,TON,1986,2.7812686,,0,
Tonga,TON,1987,2.8749795,,0,
Tonga,TON,1988,3.4715486,,0,
Tonga,TON,1989,4.049645,,0,
Tonga,TON,1990,4.4,,0,0
Tonga,TON,1991,5.09,,0,
Tonga,TON,1992,5.49,,0,
Tonga,TON,1993,5.91,,0,
Tonga,TON,1994,6.45,,0,
Tonga,TON,1995,6.6,,0.300072,0.123
Tonga,TON,1996,7.76,,0.30141225,0.164
Tonga,TON,1997,7.25,,0.11921556,0.511
Tonga,TON,1998,8.38,,0.12827724,0.765
Tonga,TON,1999,8.92,,0.13727912,1.02
Tonga,TON,2000,9.45,,0.175307,2.4344
Tonga,TON,2001,10.5,,0.228487,2.82537
Tonga,TON,2002,10.8,0.0105898,3.22891,2.9073
Tonga,TON,2003,11.5,0.0210599,10.7214,2.98582
Tonga,TON,2004,12.4,0.31788,15.6085,3.95237
Tonga,TON,2005,13,0.610385,28.2689,4.90778
Tonga,TON,2006,17.4,0.595748,28.2825,5.85394
Tonga,TON,2007,19.7,0.730843,43.5929,7.17987
Tonga,TON,2008,23.9,0.673706,47.1613,8.11077
Tonga,TON,2009,28.9,0.93281,49.4389,10
Tonga,TON,2010,28.9,1.02421,50.5587,16
Tonga,TON,2011,27.9,1.20852,51.1295,25
Tonga,TON,2012,27.9,1.39587,52.1124,30
Tonga,TON,2013,29,1.58763,53.6992,32.754
Tonga,TON,2014,11.3,1.68841,63.7845,35.9544
Tonga,TON,2015,12.5,2.31679,69.2709,38.6513
Tonga,TON,2016,10.4,2.84296,75.8121,39.95
Tonga,TON,2017,13.9,2.84749,102.451,46.2
Tonga,TON,2018,13.9,2.38616,102.246,
Tonga,TON,2019,6.28,3.50434,58.7722,
Tonga,TON,2020,6.62,4.73019,58.6544,
Tonga,TON,2021,10.3,6.45748,60.9802,57.5486
Tonga,TON,2022,3.12,8.17387,61.7258,57.7181
Tonga,TON,2023,,,,58.5334
Trinidad and Tobago,TTO,1960,,,0,
Trinidad and Tobago,TTO,1965,2.391051,,0,
Trinidad and Tobago,TTO,1966,2.43491,,,
Trinidad and Tobago,TTO,1967,2.43491,,,
Trinidad and Tobago,TTO,1968,2.43491,,,
Trinidad and Tobago,TTO,1969,2.43491,,,
Trinidad and Tobago,TTO,1970,3.5494342,,0,
Trinidad and Tobago,TTO,1971,3.71287,,,
Trinidad and Tobago,TTO,1972,3.71287,,,
Trinidad and Tobago,TTO,1973,3.71287,,,
Trinidad and Tobago,TTO,1974,3.71287,,,
Trinidad and Tobago,TTO,1975,3.8709054,,0,
Trinidad and Tobago,TTO,1976,3.952436,,0,
Trinidad and Tobago,TTO,1977,4.0061274,,0,
Trinidad and Tobago,TTO,1978,4.0130625,,0,
Trinidad and Tobago,TTO,1979,3.9372118,,0,
Trinidad and Tobago,TTO,1980,3.8279846,,0,
Trinidad and Tobago,TTO,1981,3.9513607,,0,
Trinidad and Tobago,TTO,1982,4.0426397,,0,
Trinidad and Tobago,TTO,1983,5.6624713,,0,
Trinidad and Tobago,TTO,1984,6.9831786,,0,
Trinidad and Tobago,TTO,1985,9.841347,,0,
Trinidad and Tobago,TTO,1986,11.659199,,0,
Trinidad and Tobago,TTO,1987,12.899349,,0,
Trinidad and Tobago,TTO,1988,12.944378,,0,
Trinidad and Tobago,TTO,1989,12.594072,,0,
Trinidad and Tobago,TTO,1990,13.2,,0,0
Trinidad and Tobago,TTO,1991,13.8,,0.03337972,
Trinidad and Tobago,TTO,1992,14.2,,0.09933862,
Trinidad and Tobago,TTO,1993,15,,0.12975532,
Trinidad and Tobago,TTO,1994,15.8,,0.19970909,
Trinidad and Tobago,TTO,1995,16.2,,0.48576948,0.158
Trinidad and Tobago,TTO,1996,16.9,,0.7258834,0.393
Trinidad and Tobago,TTO,1997,18.6,,1.3002865,1.17
Trinidad and Tobago,TTO,1998,20.2,,1.9890789,2.72
Trinidad and Tobago,TTO,1999,21.2,,2.913127,5.81
Trinidad and Tobago,TTO,2000,24,,12.2642,7.72141
Trinidad and Tobago,TTO,2001,23.5,,19.3205,15.3846
Trinidad and Tobago,TTO,2002,23.9,0.0132131,19.7275,21.9987
Trinidad and Tobago,TTO,2003,23.8,0.0660338,25.1251,25.9718
Trinidad and Tobago,TTO,2004,24,0.314632,48.4019,27.0243
Trinidad and Tobago,TTO,2005,23.8,0.799018,68.3489,28.9767
Trinidad and Tobago,TTO,2006,24,1.51711,111.783,30.0037
Trinidad and Tobago,TTO,2007,22.5,2.59936,110.578,32.3
Trinidad and Tobago,TTO,2008,22.9,6.22753,131.633,34.8
Trinidad and Tobago,TTO,2009,22,9.43087,133.885,44.3
Trinidad and Tobago,TTO,2010,21.2,11.7441,136.605,48.5
Trinidad and Tobago,TTO,2011,20.9,12.3527,130.912,55.2
Trinidad and Tobago,TTO,2012,20.4,14.3474,134.184,57.5
Trinidad and Tobago,TTO,2013,20.6,15.0425,137.604,59.9
Trinidad and Tobago,TTO,2014,20.3,17.4585,139.365,62.4
Trinidad and Tobago,TTO,2015,19,19.4881,148.572,65.1
Trinidad and Tobago,TTO,2016,18.9,17.7853,150.717,67.8
Trinidad and Tobago,TTO,2017,17.8,22.6102,140.503,70.6
Trinidad and Tobago,TTO,2018,21.7,23.2707,134.143,72.8
Trinidad and Tobago,TTO,2019,23.1,22.8528,145.716,75
Trinidad and Tobago,TTO,2020,21.9,25.4399,134.231,77.2813
Trinidad and Tobago,TTO,2021,23,24.9299,134.222,84.3658
Trinidad and Tobago,TTO,2022,21.8,26.0332,133.632,84.4957
Trinidad and Tobago,TTO,2023,20.7,26.8942,134.231,84.6994
Tunisia,TUN,1960,0.62491256,,0,
Tunisia,TUN,1961,0.62749,,,
Tunisia,TUN,1962,0.62749,,,
Tunisia,TUN,1963,0.62749,,,
Tunisia,TUN,1964,0.62749,,,
Tunisia,TUN,1965,0.7403615,,0,
Tunisia,TUN,1966,0.725603,,,
Tunisia,TUN,1967,0.725603,,,
Tunisia,TUN,1968,0.725603,,,
Tunisia,TUN,1969,0.725603,,,
Tunisia,TUN,1970,0.9113596,,0,
Tunisia,TUN,1971,0.908407,,,
Tunisia,TUN,1972,0.908407,,,
Tunisia,TUN,1973,0.908407,,,
Tunisia,TUN,1974,0.908407,,,
Tunisia,TUN,1975,1.1266973,,0,
Tunisia,TUN,1976,1.2023612,,0,
Tunisia,TUN,1977,1.2900538,,0,
Tunisia,TUN,1978,1.3941123,,0,
Tunisia,TUN,1979,1.5585572,,0,
Tunisia,TUN,1980,1.7026048,,0,
Tunisia,TUN,1981,1.8006984,,0,
Tunisia,TUN,1982,2.0037704,,0,
Tunisia,TUN,1983,2.1436782,,0,
Tunisia,TUN,1984,2.3189502,,0,
Tunisia,TUN,1985,2.5325665,,,
Tunisia,TUN,1986,2.8227608,,,
Tunisia,TUN,1987,2.891215,,0.002844697,
Tunisia,TUN,1988,3.0845401,,0.004969767,
Tunisia,TUN,1989,3.3609095,,0.007703119,
Tunisia,TUN,1990,3.64,,0.011291437,0
Tunisia,TUN,1991,3.9,,0.014368794,
Tunisia,TUN,1992,4.32,,0.022425344,
Tunisia,TUN,1993,4.76,,0.025275217,
Tunisia,TUN,1994,5.26,,0.029628765,0.00738
Tunisia,TUN,1995,5.7,,0.034269046,0.0112
Tunisia,TUN,1996,6.29,,0.06892493,0.0276
Tunisia,TUN,1997,6.94,,0.08010087,0.0437
Tunisia,TUN,1998,7.88,,0.40299064,0.108
Tunisia,TUN,1999,8.81,,0.56454456,1.6
Tunisia,TUN,2000,9.78,,1.22034,2.75074
Tunisia,TUN,2001,10.7,,3.94347,4.29797
Tunisia,TUN,2002,11.5,0.000260743,5.75975,5.25289
Tunisia,TUN,2003,11.6,0.00257158,19.0389,6.49085
Tunisia,TUN,2004,11.8,0.027926,36.7464,8.52882
Tunisia,TUN,2005,12.3,0.171352,55.3921,9.65509
Tunisia,TUN,2006,12.3,0.42377,70.9333,12.9864
Tunisia,TUN,2007,12.2,0.918586,75.1086,17.1
Tunisia,TUN,2008,11.8,2.15627,81.5941,27.53
Tunisia,TUN,2009,12,3.50106,91.985,34.07
Tunisia,TUN,2010,12,4.47896,103.235,36.8
Tunisia,TUN,2011,11.2,5.13831,113.794,39.1
Tunisia,TUN,2012,9.98,4.78951,116.66,41.4416
Tunisia,TUN,2013,9.17,4.66715,114.101,43.8
Tunisia,TUN,2014,8.42,5.03392,126.692,46.16
Tunisia,TUN,2015,8.28,5.03389,128.009,46.5
Tunisia,TUN,2016,8.45,5.55369,123.883,49.6
Tunisia,TUN,2017,9.55,6.88198,123.034,55.5002
Tunisia,TUN,2018,11.1,8.6185,125.533,64.1908
Tunisia,TUN,2019,12.2,10.0542,124.387,66.7
Tunisia,TUN,2020,12.8,11.1468,124.042,68.5564
Tunisia,TUN,2021,13.8,12.422,129.846,68.3155
Tunisia,TUN,2022,14.8,13.9309,131.875,70.5532
Tunisia,TUN,2023,15.3,14.1436,134.136,72.3542
Turkey,TUR,1960,0.65439326,,0,
Turkey,TUR,1961,0.655314,,,
Turkey,TUR,1962,0.655314,,,
Turkey,TUR,1963,0.655314,,,
Turkey,TUR,1964,0.655314,,,
Turkey,TUR,1965,0.77566403,,0,
Turkey,TUR,1966,0.78572,,,
Turkey,TUR,1967,0.78572,,,
Turkey,TUR,1968,0.78572,,,
Turkey,TUR,1969,0.78572,,,
Turkey,TUR,1970,1.0607104,,0,
Turkey,TUR,1971,1.08093,,,
Turkey,TUR,1972,1.08093,,,
Turkey,TUR,1973,1.08093,,,
Turkey,TUR,1974,1.08093,,,
Turkey,TUR,1975,1.7154611,,0,
Turkey,TUR,1976,1.9009582,,0,
Turkey,TUR,1977,2.057121,,0,
Turkey,TUR,1978,2.3333945,,0,
Turkey,TUR,1979,2.5288281,,0,
Turkey,TUR,1980,2.6033256,,0,
Turkey,TUR,1981,2.8935165,,0,
Turkey,TUR,1982,3.268721,,0,
Turkey,TUR,1983,3.558057,,0,
Turkey,TUR,1984,4.0349584,,0,
Turkey,TUR,1985,4.5711303,,0,
Turkey,TUR,1986,5.5344486,,0.000726746,
Turkey,TUR,1987,7.2133875,,0.009953141,
Turkey,TUR,1988,9.3942175,,0.018834688,
Turkey,TUR,1989,10.996138,,0.029276675,
Turkey,TUR,1990,12.2,,0.058554076,0
Turkey,TUR,1991,14.3,,0.086455144,
Turkey,TUR,1992,16.2,,0.10904579,
Turkey,TUR,1993,18.5,,0.14693345,0.00846
Turkey,TUR,1994,20.3,,0.29973978,0.0499
Turkey,TUR,1995,21.5,,0.7370818,0.0817
Turkey,TUR,1996,23.1,,1.3373501,0.193
Turkey,TUR,1997,24.8,,2.6270833,0.474
Turkey,TUR,1998,26.4,,5.633038,0.699
Turkey,TUR,1999,27.7,,12.853427,2.29
Turkey,TUR,2000,28.1,,24.659,3.76169
Turkey,TUR,2001,28.5,0.0164767,29.5462,5.18948
Turkey,TUR,2002,28.2,0.0316262,34.7853,11.38
Turkey,TUR,2003,27.9,0.293851,41.1128,12.33
Turkey,TUR,2004,27.9,0.842556,50.5995,14.58
Turkey,TUR,2005,27.4,2.29306,62.901,15.46
Turkey,TUR,2006,26.9,3.95984,75.1837,18.24
Turkey,TUR,2007,25.7,6.71904,87.5976,28.63
Turkey,TUR,2008,24.5,8.04469,91.9815,34.37
Turkey,TUR,2009,22.8,8.90126,86.6345,36.4
Turkey,TUR,2010,22.1,9.67754,84.2159,39.82
Turkey,TUR,2011,20.5,10.2289,88.0167,43.0657
Turkey,TUR,2012,18.4,10.4644,90.0041,45.13
Turkey,TUR,2013,17.7,11.6401,91.1758,46.25
Turkey,TUR,2014,16.1,11.3619,92.1219,51.0374
Turkey,TUR,2015,14.4,11.8786,92.0327,53.745
Turkey,TUR,2016,13.6,12.8591,91.9287,58.3477
Turkey,TUR,2017,13.6,14.3529,93.6408,64.6846
Turkey,TUR,2018,13.8,15.8823,94.9086,71.0428
Turkey,TUR,2019,13.5,16.6733,94.6498,73.9767
Turkey,TUR,2020,14.5,19.4384,95.3961,77.6696
Turkey,TUR,2021,14.2,20.9211,99.5415,81.4084
Turkey,TUR,2022,12.9,21.823,103.721,83.4372
Turkey,TUR,2023,11.4,22.4592,105.684,85.9607
Turkey,TUR,2024,,,,87.3079
Turkmenistan,TKM,1960,,,0,
Turkmenistan,TKM,1965,,,0,
Turkmenistan,TKM,1970,,,0,
Turkmenistan,TKM,1975,2.3755226,,0,
Turkmenistan,TKM,1976,2.7003255,,0,
Turkmenistan,TKM,1977,3.0086284,,0,
Turkmenistan,TKM,1978,3.3011448,,0,
Turkmenistan,TKM,1979,3.5785959,,0,
Turkmenistan,TKM,1980,3.8422525,,0,
Turkmenistan,TKM,1981,4.091466,,0,
Turkmenistan,TKM,1982,4.324724,,0,
Turkmenistan,TKM,1983,4.5422072,,0,
Turkmenistan,TKM,1984,4.7435856,,0,
Turkmenistan,TKM,1985,4.927797,,0,
Turkmenistan,TKM,1986,5.094744,,0,
Turkmenistan,TKM,1987,5.2470484,,0,
Turkmenistan,TKM,1988,5.5033746,,0,
Turkmenistan,TKM,1989,5.799016,,0,
Turkmenistan,TKM,1990,5.85,,0,0
Turkmenistan,TKM,1991,6.15,,0,
Turkmenistan,TKM,1992,6.31,,0,
Turkmenistan,TKM,1993,6.57,,0,
Turkmenistan,TKM,1994,7.4,,0,
Turkmenistan,TKM,1995,7.64,,0,
Turkmenistan,TKM,1996,7.93,,0,
Turkmenistan,TKM,1997,8.16,,0.0572912,
Turkmenistan,TKM,1998,8.03,,0.06769689,
Turkmenistan,TKM,1999,7.99,,0.08886756,0.045
Turkmenistan,TKM,2000,7.95,,0.16366,0.133282
Turkmenistan,TKM,2001,8.29,,0.174808,0.17521
Turkmenistan,TKM,2002,7.84,,0.171361,0.302132
Turkmenistan,TKM,2003,7.73,,0.188883,0.425183
Turkmenistan,TKM,2004,7.83,,1.01047,0.754054
Turkmenistan,TKM,2005,7.88,,2.07828,0.997257
Turkmenistan,TKM,2006,8.23,,4.2134,1.31957
Turkmenistan,TKM,2007,8.74,,7.27816,1.40636
Turkmenistan,TKM,2008,8.94,0.00140317,21.2375,1.75
Turkmenistan,TKM,2009,9.07,0.00852962,39.1242,1.95
Turkmenistan,TKM,2010,9.35,0.0129934,57.4662,3
Turkmenistan,TKM,2011,9.62,0.0193546,93.2538,5
Turkmenistan,TKM,2012,9.9,0.0241024,101.574,7.1958
Turkmenistan,TKM,2013,10.1,0.0303064,103.131,9.6
Turkmenistan,TKM,2014,10.3,0.0378583,118.613,12.2
Turkmenistan,TKM,2015,10.4,0.453685,126.163,14.9968
Turkmenistan,TKM,2016,10.5,0.734366,134.826,17.9903
Turkmenistan,TKM,2017,10.5,1.15619,,21.251
Turkmenistan,TKM,2018,11.2,1.71364,87.773,
Turkmenistan,TKM,2019,11.2,2.59674,88.2099,
Turkmenistan,TKM,2020,11.2,3.40423,88.703,
Turkmenistan,TKM,2021,11.3,4.08263,88.1929,
Turkmenistan,TKM,2022,10.2,5.21711,,
Turks and Caicos Islands,TCA,1960,,,0,
Turks and Caicos Islands,TCA,1965,,,0,
Turks and Caicos Islands,TCA,1970,,,0,
Turks and Caicos Islands,TCA,1975,6.820648,,0,
Turks and Caicos Islands,TCA,1976,7.6484704,,0,
Turks and Caicos Islands,TCA,1977,7.4084835,,0,
Turks and Caicos Islands,TCA,1978,7.594937,,0,
Turks and Caicos Islands,TCA,1979,7.228587,,0,
Turks and Caicos Islands,TCA,1980,8.423269,,0,
Turks and Caicos Islands,TCA,1981,,,0,
Turks and Caicos Islands,TCA,1982,,,0,
Turks and Caicos Islands,TCA,1983,9.762503,,0,
Turks and Caicos Islands,TCA,1984,9.0770235,,0,
Turks and Caicos Islands,TCA,1985,9.418398,,0,
Turks and Caicos Islands,TCA,1986,,,0,
Turks and Caicos Islands,TCA,1987,,,0,
Turks and Caicos Islands,TCA,1988,,,0,
Turks and Caicos Islands,TCA,1989,,,0,
Turks and Caicos Islands,TCA,1990,,,0,0
Turks and Caicos Islands,TCA,1991,,,0,
Turks and Caicos Islands,TCA,1992,24.7,,0,
Turks and Caicos Islands,TCA,1993,23.7,,0,
Turks and Caicos Islands,TCA,1994,23,,0,
Turks and Caicos Islands,TCA,1995,24.7,,0,
Turks and Caicos Islands,TCA,1996,25.7,,0,
Turks and Caicos Islands,TCA,1997,26.8,,,
Turks and Caicos Islands,TCA,1998,14,,,
Turks and Caicos Islands,TCA,1999,15.7,,,
Turks and Caicos Islands,TCA,2000,18.1,,,
Turks and Caicos Islands,TCA,2001,19.5,,,
Turks and Caicos Islands,TCA,2002,17.6,,43.9481,
Turks and Caicos Islands,TCA,2003,17.1,,89.1103,
Turks and Caicos Islands,TCA,2004,16.3,,109.752,
Turks and Caicos Islands,TCA,2005,15.4,,,
Turks and Caicos Islands,TCA,2006,14.7,,,
Turks and Caicos Islands,TCA,2007,14.1,,,
Turks and Caicos Islands,TCA,2008,13.5,,,
Turks and Caicos Islands,TCA,2009,12.9,,,
Turks and Caicos Islands,TCA,2010,12.4,,,
Turks and Caicos Islands,TCA,2012,11.5,,,
Turks and Caicos Islands,TCA,2013,11.9,,,
Turks and Caicos Islands,TCA,2014,11.7,,,
Turks and Caicos Islands,TCA,2015,10.9,,,
Turks and Caicos Islands,TCA,2019,9.27,,,
Turks and Caicos Islands,TCA,2020,9.01,,,
Turks and Caicos Islands,TCA,2021,8.84,,,
Turks and Caicos Islands,TCA,2022,8.84,,,
Tuvalu,TUV,1960,,,0,
Tuvalu,TUV,1965,,,0,
Tuvalu,TUV,1970,,,0,
Tuvalu,TUV,1975,,,0,
Tuvalu,TUV,1976,,,0,
Tuvalu,TUV,1977,,,0,
Tuvalu,TUV,1978,,,0,
Tuvalu,TUV,1979,,,0,
Tuvalu,TUV,1980,,,0,
Tuvalu,TUV,1981,,,0,
Tuvalu,TUV,1982,,,0,
Tuvalu,TUV,1983,,,0,
Tuvalu,TUV,1984,,,0,
Tuvalu,TUV,1985,1.4407492,,0,
Tuvalu,TUV,1986,1.4124293,,0,
Tuvalu,TUV,1987,1.3848817,,0,
Tuvalu,TUV,1988,1.356852,,0,
Tuvalu,TUV,1989,1.3308196,,0,
Tuvalu,TUV,1990,1.36,,0,0
Tuvalu,TUV,1991,1.34,,0,
Tuvalu,TUV,1992,1.39,,0,
Tuvalu,TUV,1993,1.64,,0,
Tuvalu,TUV,1994,5.35,,0,
Tuvalu,TUV,1995,5.43,,0,
Tuvalu,TUV,1996,5.39,,0,
Tuvalu,TUV,1997,5.4,,0,
Tuvalu,TUV,1998,6.35,,0,
Tuvalu,TUV,1999,6.63,,0,
Tuvalu,TUV,2000,6.92,,0,5.24164
Tuvalu,TUV,2001,6.78,,0,5.7
Tuvalu,TUV,2002,6.86,,0,6.3
Tuvalu,TUV,2003,7.22,,0,6.9
Tuvalu,TUV,2004,7.64,0.509372,5.09372,7.6
Tuvalu,TUV,2005,8.95,1.50905,13.0785,8.3
Tuvalu,TUV,2006,10.9,2.48608,15.9109,9.1
Tuvalu,TUV,2007,12.8,2.65174,17.6783,10
Tuvalu,TUV,2008,9.69,2.80981,,11.2
Tuvalu,TUV,2009,7.65,0.955932,9.55932,12.8
Tuvalu,TUV,2010,11.3,2.26116,15.0744,14.6
Tuvalu,TUV,2011,13.5,4.1744,19.7588,16.5
Tuvalu,TUV,2012,13.3,4.1156,25.6082,18.7
Tuvalu,TUV,2013,13.2,4.09054,30.9063,21.2
Tuvalu,TUV,2014,13.7,4.09687,34.5958,24.1
Tuvalu,TUV,2015,18.2,4.10472,60.2025,27.3
Tuvalu,TUV,2016,18.3,4.11711,69.5334,31
Tuvalu,TUV,2017,18.4,4.14022,73.6038,35.2
Tuvalu,TUV,2018,,,79.0624,42.2865
Tuvalu,TUV,2019,18.9,,85.0581,50.7996
Tuvalu,TUV,2020,19.2,,86.5468,61.0265
Tuvalu,TUV,2021,19.6,4.41436,88.2872,73.3124
Tuvalu,TUV,2022,21.1,4.52362,98.8591,73.5846
Tuvalu,TUV,2023,,,,74.3146
Uganda,UGA,1960,0.0918907,,0,
Uganda,UGA,1961,0.103442,,,
Uganda,UGA,1962,0.103442,,,
Uganda,UGA,1963,0.103442,,,
Uganda,UGA,1964,0.103442,,,
Uganda,UGA,1965,0.11326239,,0,
Uganda,UGA,1966,0.125218,,,
Uganda,UGA,1967,0.125218,,,
Uganda,UGA,1968,0.125218,,,
Uganda,UGA,1969,0.125218,,,
Uganda,UGA,1970,0.13569558,,0,
Uganda,UGA,1971,0.148847,,,
Uganda,UGA,1972,0.148847,,,
Uganda,UGA,1973,0.148847,,,
Uganda,UGA,1974,0.148847,,,
Uganda,UGA,1975,0.1713415,,0,
Uganda,UGA,1976,0.16604087,,0,
Uganda,UGA,1977,0.16977583,,0,
Uganda,UGA,1978,0.17792474,,0,
Uganda,UGA,1979,0.15908991,,0,
Uganda,UGA,1980,0.14754564,,0,
Uganda,UGA,1981,0.15099283,,0,
Uganda,UGA,1982,0.16543166,,0,
Uganda,UGA,1983,0.1691413,,0,
Uganda,UGA,1984,0.14345382,,0,
Uganda,UGA,1985,0.17009206,,0,
Uganda,UGA,1986,0.16678713,,0,
Uganda,UGA,1987,0.16276228,,0,
Uganda,UGA,1988,0.16339664,,0,
Uganda,UGA,1989,0.16099146,,0,
Uganda,UGA,1990,0.159,,0,0
Uganda,UGA,1991,0.156,,0,
Uganda,UGA,1992,0.16,,0,
Uganda,UGA,1993,0.107,,0,
Uganda,UGA,1994,0.151,,0,
Uganda,UGA,1995,0.189,,0.008447436,0.00286
Uganda,UGA,1996,0.226,,0.018823909,0.00463
Uganda,UGA,1997,0.247,,0.022855122,0.0103
Uganda,UGA,1998,0.253,,0.13311055,0.0653
Uganda,UGA,1999,0.246,,0.24209546,0.106
Uganda,UGA,2000,0.257,,0.528801,0.163714
Uganda,UGA,2001,0.227,,1.14574,0.237945
Uganda,UGA,2002,0.215,,1.54041,0.384094
Uganda,UGA,2003,0.231,,2.94538,0.46485
Uganda,UGA,2004,0.264,,4.29039,0.719971
Uganda,UGA,2005,0.313,0.0030397,4.70367,1.74221
Uganda,UGA,2006,0.376,0.00420226,6.97652,2.52936
Uganda,UGA,2007,0.559,0.00627246,14.1477,3.67197
Uganda,UGA,2008,0.552,0.0157108,28.0124,3.88
Uganda,UGA,2009,0.743,0.0190772,29.8359,4.1
Uganda,UGA,2010,1.01,0.0432221,39.6047,4.3
Uganda,UGA,2011,1.39,0.106474,50.0591,4.6
Uganda,UGA,2012,0.917,0.111831,47.6343,4.8
Uganda,UGA,2013,0.772,0.117441,51.1323,5.1
Uganda,UGA,2014,0.891,0.151661,55.9572,5.4
Uganda,UGA,2015,0.876,0.215084,53.8756,5.8
Uganda,UGA,2016,0.949,0.237415,58.8634,5.9
Uganda,UGA,2017,0.653,,62.0968,
Uganda,UGA,2018,0.197,,58.8754,
Uganda,UGA,2019,0.199,0.0752797,59.0598,
Uganda,UGA,2020,0.204,0.0778188,62.2824,7.4
Uganda,UGA,2021,0.229,0.0838842,65.6221,10
Uganda,UGA,2022,0.223,0.0850849,70.1401,11.1246
Uganda,UGA,2023,0.237,0.091297,76.2967,15.2524
Uganda,UGA,2024,,,,8.94983
Ukraine,UKR,1960,2.8127978,,0,
Ukraine,UKR,1961,2.8128,,,
Ukraine,UKR,1962,2.8128,,,
Ukraine,UKR,1963,2.8128,,,
Ukraine,UKR,1964,2.8128,,,
Ukraine,UKR,1965,3.5349793,,0,
Ukraine,UKR,1966,3.53498,,,
Ukraine,UKR,1967,3.53498,,,
Ukraine,UKR,1968,3.53498,,,
Ukraine,UKR,1969,3.53498,,,
Ukraine,UKR,1970,4.459852,,0,
Ukraine,UKR,1971,4.45985,,,
Ukraine,UKR,1972,4.45985,,,
Ukraine,UKR,1973,4.45985,,,
Ukraine,UKR,1974,4.45985,,,
Ukraine,UKR,1975,5.7425313,,0,
Ukraine,UKR,1976,6.117897,,0,
Ukraine,UKR,1977,6.4920697,,0,
Ukraine,UKR,1978,6.864959,,0,
Ukraine,UKR,1979,7.235998,,0,
Ukraine,UKR,1980,7.6047435,,0,
Ukraine,UKR,1981,7.9714575,,0,
Ukraine,UKR,1982,8.535238,,0,
Ukraine,UKR,1983,9.115873,,0,
Ukraine,UKR,1984,9.654997,,0,
Ukraine,UKR,1985,10.211942,,0,
Ukraine,UKR,1986,10.767678,,0,
Ukraine,UKR,1987,11.323448,,0,
Ukraine,UKR,1988,12.140732,,0,
Ukraine,UKR,1989,12.998329,,0,
Ukraine,UKR,1990,13.7,,0,0
Ukraine,UKR,1991,14.3,,0,
Ukraine,UKR,1992,14.7,,0,
Ukraine,UKR,1993,15.2,,0.000126662,0.000777
Ukraine,UKR,1994,15.8,,0.00977526,0.0136
Ukraine,UKR,1995,16.3,,0.027501844,0.0431
Ukraine,UKR,1996,18.3,,0.059309103,0.0986
Ukraine,UKR,1997,18.7,,0.113968484,0.199
Ukraine,UKR,1998,19.5,,0.23216742,0.301
Ukraine,UKR,1999,20.4,,0.43936604,0.405
Ukraine,UKR,2000,21.3,,1.67593,0.716184
Ukraine,UKR,2001,22,,4.59601,1.23876
Ukraine,UKR,2002,22.6,,7.6964,1.87389
Ukraine,UKR,2003,23.3,,13.6577,3.14813
Ukraine,UKR,2004,25.7,,29.0897,3.48948
Ukraine,UKR,2005,24.9,0.277232,64.0054,3.74976
Ukraine,UKR,2006,26.6,1.11549,105.277,4.50612
Ukraine,UKR,2007,27.8,1.72465,119.088,6.55
Ukraine,UKR,2008,28.5,3.46422,120.558,11
Ukraine,UKR,2009,28.3,4.14771,119.456,17.9
Ukraine,UKR,2010,28.3,6.4549,117.768,23.3
Ukraine,UKR,2011,27.8,6.95621,121.942,28.7083
Ukraine,UKR,2012,26.9,8.03755,130.859,35.27
Ukraine,UKR,2013,26.2,8.85843,138.441,40.9541
Ukraine,UKR,2014,24.7,9.30621,144.279,46.236
Ukraine,UKR,2015,21.3,11.6437,142.003,48.8846
Ukraine,UKR,2016,19.8,12.0343,133.169,53.001
Ukraine,UKR,2017,16.9,12.3535,131.357,58.8895
Ukraine,UKR,2018,14.4,12.8033,127.754,62.5532
Ukraine,UKR,2019,9.96,16.1591,130.629,70.1248
Ukraine,UKR,2020,7.94,18.617,129.341,75.0379
Ukraine,UKR,2021,5.51,18.2678,135.026,79.2183
Ukraine,UKR,2022,4.24,17.5398,120.261,82.6753
Ukraine,UKR,2023,3.5,19.675,122.758,82.3755
United Arab Emirates,ARE,1975,4.7494082,,,
United Arab Emirates,ARE,1976,5.8714347,,,
United Arab Emirates,ARE,1977,7.0494766,,,
United Arab Emirates,ARE,1978,8.951706,,,
United Arab Emirates,ARE,1979,10.609917,,,
United Arab Emirates,ARE,1980,11.89204,,,
United Arab Emirates,ARE,1981,12.960697,,,
United Arab Emirates,ARE,1982,13.965591,,0.1995109,
United Arab Emirates,ARE,1983,14.370153,,0.28798324,
United Arab Emirates,ARE,1984,14.431058,,0.37727457,
United Arab Emirates,ARE,1985,15.008815,,0.574396,
United Arab Emirates,ARE,1986,15.025417,,0.7619674,
United Arab Emirates,ARE,1987,15.724258,,0.87003756,
United Arab Emirates,ARE,1988,17.58902,,0.8209987,
United Arab Emirates,ARE,1989,19.68535,,1.3922002,
United Arab Emirates,ARE,1990,20.9,,1.7671227,0
United Arab Emirates,ARE,1991,21.8,,2.1414242,
United Arab Emirates,ARE,1992,23.2,,2.3116097,
United Arab Emirates,ARE,1993,24.9,,3.174853,
United Arab Emirates,ARE,1994,26.4,,3.928169,
United Arab Emirates,ARE,1995,27.6,,5.2986293,0.103
United Arab Emirates,ARE,1996,28.4,,7.534161,0.375
United Arab Emirates,ARE,1997,29.6,,11.265831,3.3
United Arab Emirates,ARE,1998,30.1,,16.886547,6.91
United Arab Emirates,ARE,1999,29.9,0.011848024,26.868444,14.9
United Arab Emirates,ARE,2000,29.2,0.0564751,40.8783,23.6253
United Arab Emirates,ARE,2001,28.3,0.22489,51.2759,26.2718
United Arab Emirates,ARE,2002,27.6,0.420337,61.3641,28.3165
United Arab Emirates,ARE,2003,27.1,0.723371,70.8971,29.478
United Arab Emirates,ARE,2004,26.8,1.2677,83.1597,30.1313
United Arab Emirates,ARE,2005,26.5,2.77226,97.1993,40
United Arab Emirates,ARE,2006,26.1,4.80366,110.185,52
United Arab Emirates,ARE,2007,24.6,6.75244,137.458,61
United Arab Emirates,ARE,2008,25.3,8.84669,148.473,63
United Arab Emirates,ARE,2009,23.6,10.294,159.114,64
United Arab Emirates,ARE,2010,21.3,11.3401,157.473,68
United Arab Emirates,ARE,2011,25.4,12.0422,162.894,78
United Arab Emirates,ARE,2012,26.2,12.7381,183.741,85
United Arab Emirates,ARE,2013,26.6,13.3038,205.105,88
United Arab Emirates,ARE,2014,25.5,13.2546,204.192,90.4
United Arab Emirates,ARE,2015,26,14.2305,206.839,90.5
United Arab Emirates,ARE,2016,25.3,14.3683,220.412,90.6
United Arab Emirates,ARE,2017,25.1,29.9083,214.701,94.8199
United Arab Emirates,ARE,2018,25.1,32.3591,214.842,98.45
United Arab Emirates,ARE,2019,25.2,32.4803,209.033,99.15
United Arab Emirates,ARE,2020,25.2,34.3453,194.468,100
United Arab Emirates,ARE,2021,22.9,36.5005,186.301,100
United Arab Emirates,ARE,2022,22.3,36.8486,195.625,100
United Arab Emirates,ARE,2023,21.2,37.0968,199.424,100
United Arab Emirates,ARE,2024,,,,100
United Kingdom,GBR,1960,9.586431,,0,
United Kingdom,GBR,1961,9.61799,,,
United Kingdom,GBR,1962,9.61799,,,
United Kingdom,GBR,1963,9.61799,,,
United Kingdom,GBR,1964,9.61799,,,
United Kingdom,GBR,1965,12.048779,,0,
United Kingdom,GBR,1966,12.0463,,,
United Kingdom,GBR,1967,12.0463,,,
United Kingdom,GBR,1968,12.0463,,,
United Kingdom,GBR,1969,12.0463,,,
United Kingdom,GBR,1970,16.555206,,0,
United Kingdom,GBR,1971,16.5781,,,
United Kingdom,GBR,1972,16.5781,,,
United Kingdom,GBR,1973,16.5781,,,
United Kingdom,GBR,1974,16.5781,,,
United Kingdom,GBR,1975,23.51296,,0,
United Kingdom,GBR,1976,24.811941,,0,
United Kingdom,GBR,1977,26.79357,,0,
United Kingdom,GBR,1978,29.085663,,0,
United Kingdom,GBR,1979,30.793482,,0,
United Kingdom,GBR,1980,32.24247,,0,
United Kingdom,GBR,1981,33.330467,,0,
United Kingdom,GBR,1982,34.08495,,0,
United Kingdom,GBR,1983,35.168907,,0,
United Kingdom,GBR,1984,36.320724,,0,
United Kingdom,GBR,1985,37.383232,,0.08827209,
United Kingdom,GBR,1986,38.304424,,0.22918834,
United Kingdom,GBR,1987,39.882927,,0.51032686,
United Kingdom,GBR,1988,41.68375,,0.98327297,
United Kingdom,GBR,1989,43.445507,,1.7082456,
United Kingdom,GBR,1990,44.2,,1.947197,0.0874
United Kingdom,GBR,1991,45,,2.1966736,0.174
United Kingdom,GBR,1992,45.9,,2.6204486,0.261
United Kingdom,GBR,1993,47.2,,3.9342582,0.52
United Kingdom,GBR,1994,48.9,,6.818272,1.04
United Kingdom,GBR,1995,50.6,,9.901172,1.9
United Kingdom,GBR,1996,52.6,,12.480254,4.12
United Kingdom,GBR,1997,54.5,,15.17763,7.39
United Kingdom,GBR,1998,56,,25.459322,13.7
United Kingdom,GBR,1999,57.8,,46.362934,21.3
United Kingdom,GBR,2000,59.7,0.089557,73.576,26.8218
United Kingdom,GBR,2001,58.3,0.558223,78.0646,33.4811
United Kingdom,GBR,2002,58.3,2.27824,82.6795,56.48
United Kingdom,GBR,2003,57.8,5.20509,90.6985,64.82
United Kingdom,GBR,2004,57.5,10.1777,99.1988,65.61
United Kingdom,GBR,2005,56.2,16.3355,108.046,70
United Kingdom,GBR,2006,55.4,21.3149,114.786,68.82
United Kingdom,GBR,2007,54.4,25.3608,119.989,75.09
United Kingdom,GBR,2008,55.1,27.9071,120.819,78.39
United Kingdom,GBR,2009,53.6,28.6007,122.357,83.56
United Kingdom,GBR,2010,53,30.3961,121.781,85
United Kingdom,GBR,2011,52.4,32.4187,121.498,85.38
United Kingdom,GBR,2012,51.9,33.9048,122.465,87.48
United Kingdom,GBR,2013,51.8,35.782,122.185,89.8441
United Kingdom,GBR,2014,51.2,36.5828,120.958,91.6133
United Kingdom,GBR,2015,50.8,37.7215,121.212,92.0003
United Kingdom,GBR,2016,49.5,38.6589,119.787,94.7758
United Kingdom,GBR,2017,47.9,39.2489,119.207,90.4246
United Kingdom,GBR,2018,47.2,39.8294,118.184,90.692
United Kingdom,GBR,2019,48.8,40.0228,120.25,92.5166
United Kingdom,GBR,2020,48.6,40.5775,117.305,94.8182
United Kingdom,GBR,2021,47.1,41.1135,117.887,96.1965
United Kingdom,GBR,2022,44.1,41.2867,119.834,96.2989
United Kingdom,GBR,2023,38.8,41.4368,122.796,96.2988
United States,USA,1960,27.963787,,0,
United States,USA,1961,26.3865,,,
United States,USA,1962,26.3865,,,
United States,USA,1963,26.3865,,,
United States,USA,1964,26.3865,,,
United States,USA,1965,30.726406,,0,
United States,USA,1966,29.1834,,,
United States,USA,1967,29.1834,,,
United States,USA,1968,29.1834,,,
United States,USA,1969,29.1834,,,
United States,USA,1970,34.46292,,0,
United States,USA,1971,32.9521,,,
United States,USA,1972,32.9521,,,
United States,USA,1973,32.9521,,,
United States,USA,1974,32.9521,,,
United States,USA,1975,38.109184,,0,
United States,USA,1976,38.82496,,0,
United States,USA,1977,39.65235,,0,
United States,USA,1978,40.586754,,0,
United States,USA,1979,41.396946,,0,
United States,USA,1980,42.252396,,0,
United States,USA,1981,46.779236,,,
United States,USA,1982,47.157257,,,
United States,USA,1983,48.01107,,,
United States,USA,1984,48.353542,,0.03935278,
United States,USA,1985,49.32498,,0.14468148,
United States,USA,1986,49.803265,,0.28706875,
United States,USA,1987,51.19351,,0.5131702,
United States,USA,1988,52.45281,,0.8541251,
United States,USA,1989,53.685394,,1.4324905,
United States,USA,1990,53.7,,2.1295452,0.785
United States,USA,1991,54.4,,3.0041113,1.16
United States,USA,1992,55.2,,4.323597,1.72
United States,USA,1993,56.4,,6.18652,2.27
United States,USA,1994,57.8,,9.202002,4.86
United States,USA,1995,59.5,,12.717606,9.24
United States,USA,1996,61.5,,16.373812,16.4
United States,USA,1997,63.6,,20.305882,21.6
United States,USA,1998,65.1,0.25591385,25.09084,30.1
United States,USA,1999,68,0.9865572,30.821161,35.8
United States,USA,2000,68.4,2.51164,38.8931,43.0792
United States,USA,2001,67.4,4.50008,45.202,49.0808
United States,USA,2002,65.9,6.92533,49.3932,58.7854
United States,USA,2003,63.1,9.57005,55.4096,61.6971
United States,USA,2004,60.7,12.7576,63.1242,64.7583
United States,USA,2005,59.2,17.2991,68.8835,67.9681
United States,USA,2006,56.1,20.1646,76.8586,68.9312
United States,USA,2007,52.5,23.7553,82.5923,75
United States,USA,2008,53.4,25.291,85.6805,74
United States,USA,2009,49.6,25.9695,89.0461,71
United States,USA,2010,48.1,27.172,91.6593,71.69
United States,USA,2011,45.6,28.117,94.683,69.7295
United States,USA,2012,43.7,29.1736,96.1284,74.7
United States,USA,2013,41.6,29.9996,97.0595,71.4
United States,USA,2014,39.8,30.2709,99.8396,73
United States,USA,2015,38.3,31.3412,101.832,74.5542
United States,USA,2016,36.9,32.1144,102.752,85.5444
United States,USA,2017,35,32.5703,102.381,87.2749
United States,USA,2018,32.9,33.0559,103.935,88.4989
United States,USA,2019,31.5,33.8352,105.321,89.4303
United States,USA,2020,30,35.7157,103.855,90.3447
United States,USA,2021,28.6,37.0074,106.325,91.2684
United States,USA,2022,27.5,37.4888,108.786,92.2016
United States,USA,2023,25.6,38.1475,112.411,93.1444
United States Virgin Islands,VIR,1960,,,0,
United States Virgin Islands,VIR,1965,,,0,
United States Virgin Islands,VIR,1970,,,0,
United States Virgin Islands,VIR,1975,,,0,
United States Virgin Islands,VIR,1976,,,0,
United States Virgin Islands,VIR,1977,,,0,
United States Virgin Islands,VIR,1978,,,0,
United States Virgin Islands,VIR,1979,,,0,
United States Virgin Islands,VIR,1980,,,0,
United States Virgin Islands,VIR,1981,29.54631,,0,
United States Virgin Islands,VIR,1982,29.748083,,0,
United States Virgin Islands,VIR,1983,29.792229,,0,
United States Virgin Islands,VIR,1984,36.69673,,0,
United States Virgin Islands,VIR,1985,38.26831,,0,
United States Virgin Islands,VIR,1986,40.22921,,0,
United States Virgin Islands,VIR,1987,41.357315,,0,
United States Virgin Islands,VIR,1988,44.442795,,0,
United States Virgin Islands,VIR,1989,46.035038,,0,
United States Virgin Islands,VIR,1990,46.1,,0,0
United States Virgin Islands,VIR,1991,49.5,,,
United States Virgin Islands,VIR,1992,51.9,,,
United States Virgin Islands,VIR,1993,53.8,,,
United States Virgin Islands,VIR,1994,55.6,,,0.941
United States Virgin Islands,VIR,1995,54.5,,,2.8
United States Virgin Islands,VIR,1996,55.3,,,4.65
United States Virgin Islands,VIR,1997,57.5,,15.125018,6.95
United States Virgin Islands,VIR,1998,59.8,,23.393345,9.25
United States Virgin Islands,VIR,1999,61.9,,27.822346,11.1
United States Virgin Islands,VIR,2000,62.9,,32.2346,13.8151
United States Virgin Islands,VIR,2001,63.9,,37.7793,18.3758
United States Virgin Islands,VIR,2002,64,,41.6444,27.4944
United States Virgin Islands,VIR,2003,64.4,,45.5764,27.4291
United States Virgin Islands,VIR,2004,65.7,1.37618,59.5354,27.377
United States Virgin Islands,VIR,2005,66.6,2.75728,74.6241,27.3443
United States Virgin Islands,VIR,2006,67.5,,,27.3326
United States Virgin Islands,VIR,2007,68.5,5.53302,,27.3393
United States Virgin Islands,VIR,2008,69.4,6.93343,,27.3618
United States Virgin Islands,VIR,2009,70.3,8.4302,,27.3965
United States Virgin Islands,VIR,2010,71.3,8.55979,,31.22
United States Virgin Islands,VIR,2011,,,,35.6
United States Virgin Islands,VIR,2012,,,,40.5479
United States Virgin Islands,VIR,2013,73.7,8.82151,,45.3
United States Virgin Islands,VIR,2014,74.6,8.92166,,50.07
United States Virgin Islands,VIR,2015,75.8,8.97774,,54.8391
United States Virgin Islands,VIR,2016,,,,59.6083
United States Virgin Islands,VIR,2017,,,,64.3775
United States Virgin Islands,VIR,2019,85,,89.5125,
United States Virgin Islands,VIR,2020,86.7,,91.2128,
United States Virgin Islands,VIR,2021,87.1,,91.7189,
United States Virgin Islands,VIR,2022,87.7,10.0662,91.462,
Upper-middle-income countries,OWID_UMC,1960,,,0,
Upper-middle-income countries,OWID_UMC,1965,,,0,
Upper-middle-income countries,OWID_UMC,1970,,,0,
Upper-middle-income countries,OWID_UMC,1975,1.0601375,,0,
Upper-middle-income countries,OWID_UMC,1976,1.1367419,,0,
Upper-middle-income countries,OWID_UMC,1977,1.2209733,,0,
Upper-middle-income countries,OWID_UMC,1978,1.3151776,,0,
Upper-middle-income countries,OWID_UMC,1979,1.4018956,,0,
Upper-middle-income countries,OWID_UMC,1980,1.4905057,,0,
Upper-middle-income countries,OWID_UMC,1981,1.5958196,,0,
Upper-middle-income countries,OWID_UMC,1982,1.6969506,,0,
Upper-middle-income countries,OWID_UMC,1983,1.7832438,,0,
Upper-middle-income countries,OWID_UMC,1984,1.9001819,,9.28107E-05,
Upper-middle-income countries,OWID_UMC,1985,2.0218813,,0.000106555,
Upper-middle-income countries,OWID_UMC,1986,2.1477563,,0.000845936,
Upper-middle-income countries,OWID_UMC,1987,2.2972972,,0.001784432,
Upper-middle-income countries,OWID_UMC,1988,2.4967647,,0.003386497,
Upper-middle-income countries,OWID_UMC,1989,2.6807737,,0.006440227,
Upper-middle-income countries,OWID_UMC,1990,2.897952,,0.014673756,
Upper-middle-income countries,OWID_UMC,1991,3.1527503,,0.027898911,
Upper-middle-income countries,OWID_UMC,1992,3.5366483,,0.054544523,
Upper-middle-income countries,OWID_UMC,1993,4.0594616,,0.10665984,
Upper-middle-income countries,OWID_UMC,1994,4.7993455,,0.23103851,
Upper-middle-income countries,OWID_UMC,1995,5.6754875,,0.45291775,
Upper-middle-income countries,OWID_UMC,1996,6.658809,,0.7933733,
Upper-middle-income countries,OWID_UMC,1997,7.6712174,,1.4362541,
Upper-middle-income countries,OWID_UMC,1998,8.744997,,2.3304503,
Upper-middle-income countries,OWID_UMC,1999,10.051356,,4.193069,
Upper-middle-income countries,OWID_UMC,2000,12.017131,,,
Upper-middle-income countries,OWID_UMC,2001,13.927838,,,
Upper-middle-income countries,OWID_UMC,2002,15.510157,,,
Upper-middle-income countries,OWID_UMC,2003,17.671757,,,
Upper-middle-income countries,OWID_UMC,2004,19.905619,,,
Upper-middle-income countries,OWID_UMC,2005,21.708944,,,10.2
Upper-middle-income countries,OWID_UMC,2006,22.43386,,,12.5
Upper-middle-income countries,OWID_UMC,2007,22.516903,,,16.6
Upper-middle-income countries,OWID_UMC,2008,21.924427,,,21.2
Upper-middle-income countries,OWID_UMC,2009,20.87032,,,25.8
Upper-middle-income countries,OWID_UMC,2010,20.212675,,,30.6
Upper-middle-income countries,OWID_UMC,2011,19.686352,,,34.5
Upper-middle-income countries,OWID_UMC,2012,19.263588,,,38.3
Upper-middle-income countries,OWID_UMC,2013,18.308445,,,41.4
Upper-middle-income countries,OWID_UMC,2014,17.160238,,,44.3
Upper-middle-income countries,OWID_UMC,2015,15.7,14.2,105.5,47.9
Upper-middle-income countries,OWID_UMC,2016,14.7,16.1,109.5,53.3
Upper-middle-income countries,OWID_UMC,2017,14.3,19.1,114.3,57.7
Upper-middle-income countries,OWID_UMC,2018,13.7,19.9,116,62.2
Upper-middle-income countries,OWID_UMC,2019,13.2,21.6,121,67.5
Upper-middle-income countries,OWID_UMC,2020,12.8,23.39,119.7,74.9
Upper-middle-income countries,OWID_UMC,2021,12.6,25.76,122.9,79.4
Upper-middle-income countries,OWID_UMC,2022,12.3,27.95,124.1,82.7
Upper-middle-income countries,OWID_UMC,2023,12.3,29.83,127.5,85.3
Upper-middle-income countries,OWID_UMC,2024,11.6,31.37,129.9,86.9
Upper-middle-income countries,OWID_UMC,2025,11,33.01,132.4,88.8
Uruguay,URY,1960,4.3495092,,0,
Uruguay,URY,1961,4.33302,,,
Uruguay,URY,1962,4.33302,,,
Uruguay,URY,1963,4.33302,,,
Uruguay,URY,1964,4.33302,,,
Uruguay,URY,1965,5.297663,,0,
Uruguay,URY,1966,5.26992,,,
Uruguay,URY,1967,5.26992,,,
Uruguay,URY,1968,5.26992,,,
Uruguay,URY,1969,5.26992,,,
Uruguay,URY,1970,5.7342224,,0,
Uruguay,URY,1971,5.69437,,,
Uruguay,URY,1972,5.69437,,,
Uruguay,URY,1973,5.69437,,,
Uruguay,URY,1974,5.69437,,,
Uruguay,URY,1975,6.5112643,,0,
Uruguay,URY,1976,6.6756735,,0,
Uruguay,URY,1977,6.9431863,,0,
Uruguay,URY,1978,6.972357,,0,
Uruguay,URY,1979,7.209097,,0,
Uruguay,URY,1980,7.448159,,0,
Uruguay,URY,1981,7.634666,,0,
Uruguay,URY,1982,7.8177166,,0,
Uruguay,URY,1983,8.274585,,0,
Uruguay,URY,1984,8.63105,,0,
Uruguay,URY,1985,9.524082,,0,
Uruguay,URY,1986,10.09225,,0,
Uruguay,URY,1987,10.199598,,0,
Uruguay,URY,1988,11.222122,,0,
Uruguay,URY,1989,12.131814,,0,
Uruguay,URY,1990,13.4,,0,0
Uruguay,URY,1991,14.5,,0,
Uruguay,URY,1992,15.7,,0.054284893,
Uruguay,URY,1993,16.8,,0.1566644,
Uruguay,URY,1994,18.3,,0.21395352,0.0625
Uruguay,URY,1995,19.5,,1.2437739,0.31
Uruguay,URY,1996,20.9,,2.436006,1.85
Uruguay,URY,1997,23.6,,3.0580244,3.36
Uruguay,URY,1998,25.4,,4.6385446,6.99
Uruguay,URY,1999,27.6,,9.73268,9.97
Uruguay,URY,2000,28.4,,12.5769,10.5391
Uruguay,URY,2001,29,,15.8812,11.1214
Uruguay,URY,2002,28.9,,15.6618,11.4195
Uruguay,URY,2003,28.6,,15.1631,15.9371
Uruguay,URY,2004,30.4,0.822381,18.2681,17.0631
Uruguay,URY,2005,30.6,1.47725,35.1492,20.0882
Uruguay,URY,2006,30,3.24006,70.8316,29.4
Uruguay,URY,2007,29.3,5.0079,91.174,34
Uruguay,URY,2008,29.1,7.40515,106.227,39.3
Uruguay,URY,2009,28.8,9.5914,124.213,41.8
Uruguay,URY,2010,29,11.5576,133.707,46.4
Uruguay,URY,2011,29,14.214,143.002,51.4047
Uruguay,URY,2012,30.3,17.4093,149.771,54.4538
Uruguay,URY,2013,31.3,22.033,157.471,57.69
Uruguay,URY,2014,32.3,25.0351,163.783,61.4625
Uruguay,URY,2015,32.9,26.7497,153.368,64.5708
Uruguay,URY,2016,33,27.2743,151.415,66.4
Uruguay,URY,2017,33.6,28.1333,150.44,70.3224
Uruguay,URY,2018,34,28.7931,131.363,80.7268
Uruguay,URY,2019,34.3,29.8013,133.237,83.3515
Uruguay,URY,2020,35.4,31.2948,133.902,85.471
Uruguay,URY,2021,36.4,32.5451,138.113,87.6444
Uruguay,URY,2022,37.1,33.4866,139.829,89.873
Uruguay,URY,2023,35.6,32.4032,141.719,89.896
Uruguay,URY,2024,,,,91.9911
Uzbekistan,UZB,1960,,,0,
Uzbekistan,UZB,1965,,,0,
Uzbekistan,UZB,1970,,,0,
Uzbekistan,UZB,1975,2.5190098,,0,
Uzbekistan,UZB,1976,2.7258627,,0,
Uzbekistan,UZB,1977,3.1225164,,0,
Uzbekistan,UZB,1978,3.2993906,,0,
Uzbekistan,UZB,1979,3.5349526,,0,
Uzbekistan,UZB,1980,3.6370182,,0,
Uzbekistan,UZB,1981,4.040245,,0,
Uzbekistan,UZB,1982,4.302195,,0,
Uzbekistan,UZB,1983,4.5473475,,0,
Uzbekistan,UZB,1984,4.8310924,,0,
Uzbekistan,UZB,1985,5.148589,,0,
Uzbekistan,UZB,1986,5.441808,,0,
Uzbekistan,UZB,1987,5.7660546,,0,
Uzbekistan,UZB,1988,6.1224403,,0,
Uzbekistan,UZB,1989,6.7154484,,0,
Uzbekistan,UZB,1990,6.85,,0,0
Uzbekistan,UZB,1991,6.96,,0,
Uzbekistan,UZB,1992,7.12,,0,
Uzbekistan,UZB,1993,7.02,,0.002263886,
Uzbekistan,UZB,1994,6.93,,0.003997388,
Uzbekistan,UZB,1995,6.74,,0.016203277,0.00153
Uzbekistan,UZB,1996,6.56,,0.04052685,0.00429
Uzbekistan,UZB,1997,6.49,,0.072169,0.0105
Uzbekistan,UZB,1998,6.37,,0.110591784,0.0208
Uzbekistan,UZB,1999,6.53,,0.16416486,0.0307
Uzbekistan,UZB,2000,6.68,,0.214338,0.484347
Uzbekistan,UZB,2001,6.63,,0.510205,0.597568
Uzbekistan,UZB,2002,6.62,,0.735827,1.08194
Uzbekistan,UZB,2003,6.68,0.0107229,1.24776,1.9126
Uzbekistan,UZB,2004,6.72,0.0211838,2.09033,2.59373
Uzbekistan,UZB,2005,6.8,0.0313807,2.73172,3.34351
Uzbekistan,UZB,2006,6.9,0.032357,9.47736,6.38832
Uzbekistan,UZB,2007,6.73,0.0708376,21.0203,7.4906
Uzbekistan,UZB,2008,6.73,0.2399,45.0095,9.08011
Uzbekistan,UZB,2009,6.65,0.317599,58.7627,11.9
Uzbekistan,UZB,2010,6.67,0.415705,73.8123,15.9
Uzbekistan,UZB,2011,6.69,0.512643,88.2685,18.6
Uzbekistan,UZB,2012,6.77,0.753796,69.2849,23.6
Uzbekistan,UZB,2013,6.73,1.03048,72.332,26.8
Uzbekistan,UZB,2014,8.3,2.71465,71.5985,35.5
Uzbekistan,UZB,2015,9.16,5.81406,70.8415,42.8
Uzbekistan,UZB,2016,10.9,8.77864,74.367,46.7913
Uzbekistan,UZB,2017,10.8,10.4346,76.2605,48.7
Uzbekistan,UZB,2018,10.7,12.7373,71.7444,55.2
Uzbekistan,UZB,2019,17.2,10.5554,101.26,70.4
Uzbekistan,UZB,2020,16.3,15.807,99.4064,71.1
Uzbekistan,UZB,2021,16.8,21.8944,102.41,76.5904
Uzbekistan,UZB,2022,16.3,25.7992,105.472,83.9
Uzbekistan,UZB,2023,17.2,30.2699,106.885,89.0136
Vanuatu,VUT,1960,,,0,
Vanuatu,VUT,1965,,,0,
Vanuatu,VUT,1970,0.5745938,,0,
Vanuatu,VUT,1971,0.585638,,,
Vanuatu,VUT,1972,0.585638,,,
Vanuatu,VUT,1973,0.585638,,,
Vanuatu,VUT,1974,0.585638,,,
Vanuatu,VUT,1975,0.990099,,0,
Vanuatu,VUT,1976,1.0157489,,0,
Vanuatu,VUT,1977,1.0113176,,0,
Vanuatu,VUT,1978,1.0964032,,0,
Vanuatu,VUT,1979,,,0,
Vanuatu,VUT,1980,,,0,
Vanuatu,VUT,1981,,,0,
Vanuatu,VUT,1982,1.2848692,,0,
Vanuatu,VUT,1983,1.3673339,,0,
Vanuatu,VUT,1984,1.3759596,,0,
Vanuatu,VUT,1985,1.1771423,,0,
Vanuatu,VUT,1986,1.4997655,,0,
Vanuatu,VUT,1987,1.5719227,,0,
Vanuatu,VUT,1988,1.6024748,,0,
Vanuatu,VUT,1989,1.6306453,,0,
Vanuatu,VUT,1990,1.76,,0,0
Vanuatu,VUT,1991,2.01,,0,
Vanuatu,VUT,1992,2.29,,0,
Vanuatu,VUT,1993,2.56,,0,
Vanuatu,VUT,1994,2.7,,0.038424592,
Vanuatu,VUT,1995,2.52,,0.07092115,
Vanuatu,VUT,1996,2.62,,0.08814406,0.0568
Vanuatu,VUT,1997,2.75,,0.11572586,0.14
Vanuatu,VUT,1998,2.9,,0.120160796,0.274
Vanuatu,VUT,1999,3.02,,0.16005805,0.538
Vanuatu,VUT,2000,3.56,,0.195941,2.10834
Vanuatu,VUT,2001,3.54,,0.183216,2.83057
Vanuatu,VUT,2002,3.38,,2.50175,3.51004
Vanuatu,VUT,2003,3.26,0.00747213,3.88551,3.9033
Vanuatu,VUT,2004,3.29,0.0111807,5.10619,4.7466
Vanuatu,VUT,2005,3.3,0.0279939,6.02202,5.08233
Vanuatu,VUT,2006,3.47,0.0439972,6.94692,5.85059
Vanuatu,VUT,2007,3.99,0.0587502,11.75,6.8
Vanuatu,VUT,2008,4.58,0.0881461,15.8663,7.26912
Vanuatu,VUT,2009,3.1,0.21484,56.5812,7.5
Vanuatu,VUT,2010,2.98,0.209865,71.3269,8
Vanuatu,VUT,2011,2.41,0.138413,56.2508,9.2
Vanuatu,VUT,2012,1.95,0.124557,58.6959,10.598
Vanuatu,VUT,2013,2.16,0.121816,50.0012,11.3
Vanuatu,VUT,2014,2.2,1.75569,59.9643,18.8
Vanuatu,VUT,2015,1.8,1.6148,65.6961,22.3514
Vanuatu,VUT,2016,1.67,1.61198,80.3431,24
Vanuatu,VUT,2017,1.62,,81.8708,30.8
Vanuatu,VUT,2018,1.46,,88.1403,33.989
Vanuatu,VUT,2019,1.3,2.70151,90.8331,37.5081
Vanuatu,VUT,2020,1.16,0.931881,82.391,41.3916
Vanuatu,VUT,2021,1.19,1.03214,81.6914,45.6772
Vanuatu,VUT,2022,1.1,1.12635,81.6203,45.6747
Vanuatu,VUT,2023,,1.23342,89.2943,45.7313
Venezuela,VEN,1960,1.5324379,,0,
Venezuela,VEN,1961,1.53528,,,
Venezuela,VEN,1962,1.53528,,,
Venezuela,VEN,1963,1.53528,,,
Venezuela,VEN,1964,1.53528,,,
Venezuela,VEN,1965,1.8372984,,0,
Venezuela,VEN,1966,1.83651,,,
Venezuela,VEN,1967,1.83651,,,
Venezuela,VEN,1968,1.83651,,,
Venezuela,VEN,1969,1.83651,,,
Venezuela,VEN,1970,2.4569647,,0,
Venezuela,VEN,1971,2.44814,,,
Venezuela,VEN,1972,2.44814,,,
Venezuela,VEN,1973,2.44814,,,
Venezuela,VEN,1974,2.44814,,,
Venezuela,VEN,1975,3.8022563,,0,
Venezuela,VEN,1976,4.2606163,,0,
Venezuela,VEN,1977,4.4181094,,0,
Venezuela,VEN,1978,4.5780416,,0,
Venezuela,VEN,1979,4.740162,,0,
Venezuela,VEN,1980,5.259544,,0,
Venezuela,VEN,1981,5.497606,,0,
Venezuela,VEN,1982,5.9485974,,0,
Venezuela,VEN,1983,6.1850877,,0,
Venezuela,VEN,1984,6.469238,,0,
Venezuela,VEN,1985,6.973324,,0,
Venezuela,VEN,1986,7.4003778,,0,
Venezuela,VEN,1987,7.647768,,0,
Venezuela,VEN,1988,7.7537837,,0.009574076,
Venezuela,VEN,1989,7.60128,,0.019117739,
Venezuela,VEN,1990,7.5,,0.037578646,0
Venezuela,VEN,1991,7.87,,0.082071714,
Venezuela,VEN,1992,8.81,,0.37950847,0.0121
Venezuela,VEN,1993,9.8,,0.8624558,0.0416
Venezuela,VEN,1994,10.7,,1.4740653,0.0555
Venezuela,VEN,1995,11.1,,1.8265471,0.122
Venezuela,VEN,1996,11.8,,2.577074,0.248
Venezuela,VEN,1997,12.1,,4.6528363,0.391
Venezuela,VEN,1998,11,,8.550768,1.38
Venezuela,VEN,1999,10.6,,15.791469,2.84
Venezuela,VEN,2000,10.3,0.0182373,22.2091,3.3596
Venezuela,VEN,2001,10.8,0.146662,25.9111,4.636
Venezuela,VEN,2002,11.2,0.30725,25.7194,4.91045
Venezuela,VEN,2003,11.4,0.451853,27.093,7.49996
Venezuela,VEN,2004,12.7,0.798035,31.9693,8.40447
Venezuela,VEN,2005,13.6,1.3298,46.6505,12.553
Venezuela,VEN,2006,15.5,1.97478,69.0163,15.2247
Venezuela,VEN,2007,18.8,3.10247,86.1507,20.83
Venezuela,VEN,2008,22.9,3.97495,97.7211,25.88
Venezuela,VEN,2009,24.1,4.92838,98.8933,32.7
Venezuela,VEN,2010,24.6,5.80665,96.762,37.37
Venezuela,VEN,2011,25.1,6.22109,98.6184,40.22
Venezuela,VEN,2012,25.9,6.89152,103.435,49.0501
Venezuela,VEN,2013,26,7.46662,103.289,54.9
Venezuela,VEN,2014,25.8,7.93309,100.905,57
Venezuela,VEN,2015,25.4,8.47032,95.1578,58
Venezuela,VEN,2016,24.9,8.49644,89.7131,60
Venezuela,VEN,2017,19.4,8.53199,80.1355,61.6
Venezuela,VEN,2018,18.6,8.73797,69.55,
Venezuela,VEN,2019,18.5,8.85037,63.8474,
Venezuela,VEN,2020,18.5,9.00606,58.1626,
Venezuela,VEN,2021,11.4,9.24244,60.2345,
Venezuela,VEN,2022,9.51,9.58036,66.4668,
Venezuela,VEN,2023,,10.6381,70.2197,
Vietnam,VNM,1960,0.022057883,,0,
Vietnam,VNM,1961,0.0220906,,,
Vietnam,VNM,1962,0.0220906,,,
Vietnam,VNM,1963,0.0220906,,,
Vietnam,VNM,1964,0.0220906,,,
Vietnam,VNM,1965,,,0,
Vietnam,VNM,1966,0.0220906,,,
Vietnam,VNM,1967,0.0220906,,,
Vietnam,VNM,1968,0.0220906,,,
Vietnam,VNM,1969,0.0220906,,,
Vietnam,VNM,1970,,,0,
Vietnam,VNM,1971,0.0220906,,,
Vietnam,VNM,1972,0.0220906,,,
Vietnam,VNM,1973,0.0220906,,,
Vietnam,VNM,1974,0.0220906,,,
Vietnam,VNM,1975,,,0,
Vietnam,VNM,1976,,,0,
Vietnam,VNM,1977,,,0,
Vietnam,VNM,1978,,,0,
Vietnam,VNM,1979,,,0,
Vietnam,VNM,1980,,,0,
Vietnam,VNM,1981,,,0,
Vietnam,VNM,1982,0.11683891,,0,
Vietnam,VNM,1983,0.119274296,,0,
Vietnam,VNM,1984,0.11984893,,0,
Vietnam,VNM,1985,0.12037856,,0,
Vietnam,VNM,1986,0.124140196,,0,
Vietnam,VNM,1987,0.12294273,,0,
Vietnam,VNM,1988,0.121803604,,0,
Vietnam,VNM,1989,0.12220016,,0,
Vietnam,VNM,1990,0.15,,0,0
Vietnam,VNM,1991,0.205,,0,
Vietnam,VNM,1992,0.224,,0.001146317,
Vietnam,VNM,1993,0.374,,0.005704137,
Vietnam,VNM,1994,0.624,,0.01724112,
Vietnam,VNM,1995,1.08,,0.03186047,
Vietnam,VNM,1996,1.62,,0.091945656,0.000135
Vietnam,VNM,1997,1.8,,0.21096496,0.00398
Vietnam,VNM,1998,2.32,,0.2887392,0.0131
Vietnam,VNM,1999,2.76,,0.42070583,0.129
Vietnam,VNM,2000,3.3,,1.02206,0.254248
Vietnam,VNM,2001,3.91,,1.60473,1.26565
Vietnam,VNM,2002,4.99,0.00136596,2.41505,1.855
Vietnam,VNM,2003,5.53,0.0115379,3.44629,3.78028
Vietnam,VNM,2004,12.6,0.0656083,6.17384,7.64241
Vietnam,VNM,2005,,0.259006,11.8306,12.7399
Vietnam,VNM,2006,10.4,0.628675,22.9925,17.2546
Vietnam,VNM,2007,13.4,1.54736,53.835,20.7554
Vietnam,VNM,2008,17.3,2.40556,87.9033,23.92
Vietnam,VNM,2009,20.2,3.71753,113.606,26.55
Vietnam,VNM,2010,16.4,4.19566,127.574,30.65
Vietnam,VNM,2011,11.5,4.33851,143.914,35.07
Vietnam,VNM,2012,10.7,5.33499,147.104,36.8
Vietnam,VNM,2013,7.43,5.68886,136.614,38.5
Vietnam,VNM,2014,7.34,6.54511,148.504,41
Vietnam,VNM,2015,7.89,8.24968,129.627,45
Vietnam,VNM,2016,5.96,9.67902,128.298,53
Vietnam,VNM,2017,4.61,11.841,126.098,58.14
Vietnam,VNM,2018,4.46,13.5025,146.138,69.8479
Vietnam,VNM,2019,3.76,15.2329,140.193,68.6616
Vietnam,VNM,2020,3.27,17.0263,141.656,70.3
Vietnam,VNM,2021,3.16,19.5362,136.806,74.21
Vietnam,VNM,2022,2.4,21.3681,137.852,78.59
Vietnam,VNM,2023,2.31,22.6807,130.991,78.08
Vietnam,VNM,2024,,,,84.15
World,OWID_WRL,1960,,,0,
World,OWID_WRL,1965,,,0,
World,OWID_WRL,1966,5.1528687,,,
World,OWID_WRL,1967,5.1108775,,,
World,OWID_WRL,1968,5.0674043,,,
World,OWID_WRL,1969,5.0229063,,,
World,OWID_WRL,1970,,,0,
World,OWID_WRL,1971,6.082471,,,
World,OWID_WRL,1972,6.025873,,,
World,OWID_WRL,1973,5.9691076,,,
World,OWID_WRL,1974,5.911812,,,
World,OWID_WRL,1975,6.016521,,0,
World,OWID_WRL,1976,6.239853,,0,
World,OWID_WRL,1977,6.5334353,,0,
World,OWID_WRL,1978,6.859463,,0,
World,OWID_WRL,1979,7.158044,,0,
World,OWID_WRL,1980,7.52038,,0.000532359,
World,OWID_WRL,1981,7.689103,,0.001490809,
World,OWID_WRL,1982,7.727061,,0.002335595,
World,OWID_WRL,1983,7.9124103,,0.003391905,
World,OWID_WRL,1984,8.123695,,0.006874586,
World,OWID_WRL,1985,8.356484,,0.015903398,
World,OWID_WRL,1986,8.553916,,0.029605433,
World,OWID_WRL,1987,8.799355,,0.05098624,
World,OWID_WRL,1988,9.104479,,0.08511321,
World,OWID_WRL,1989,9.422376,,0.14208968,
World,OWID_WRL,1990,9.787228,,0.21159427,
World,OWID_WRL,1991,10.097741,,0.30229914,
World,OWID_WRL,1992,10.431549,,0.4277416,
World,OWID_WRL,1993,10.844656,,0.6191753,
World,OWID_WRL,1994,11.385706,,0.991495,
World,OWID_WRL,1995,12.023656,,1.5862496,
World,OWID_WRL,1996,12.713083,,2.4996634,
World,OWID_WRL,1997,13.456254,,3.6552563,
World,OWID_WRL,1998,14.049362,,5.333583,
World,OWID_WRL,1999,14.957031,,8.123129,
World,OWID_WRL,2000,15.91083,,,
World,OWID_WRL,2001,16.659107,,,
World,OWID_WRL,2002,17.220394,,,
World,OWID_WRL,2003,17.828634,,,
World,OWID_WRL,2004,18.694468,,,
World,OWID_WRL,2005,19.1,3.4,33.9,15.6
World,OWID_WRL,2006,19.2,4.3,41.7,17.2
World,OWID_WRL,2007,18.8,5.2,50.6,20.2
World,OWID_WRL,2008,18.5,6.1,59.7,22.8
World,OWID_WRL,2009,18.4,6.9,68,25.3
World,OWID_WRL,2010,17.8,7.6,76.6,28.4
World,OWID_WRL,2011,17.2,8.6,84.2,30.9
World,OWID_WRL,2012,16.7,9.2,88.5,33.3
World,OWID_WRL,2013,16,9.7,93.1,35.3
World,OWID_WRL,2014,15.1,10.1,96.7,37.4
World,OWID_WRL,2015,14.1,11.3,96.1,39.9
World,OWID_WRL,2016,13.4,12.2,99.3,43.6
World,OWID_WRL,2017,13,13.5,101.4,46.3
World,OWID_WRL,2018,12.4,14,103.1,49.4
World,OWID_WRL,2019,11.9,14.7,105.9,53.9
World,OWID_WRL,2020,11.5,15.58,104.8,60.1
World,OWID_WRL,2021,11.2,16.74,106.7,63.8
World,OWID_WRL,2022,10.9,17.73,108,67
World,OWID_WRL,2023,10.6,18.58,109.8,69.2
World,OWID_WRL,2024,10.2,19.31,110.4,71.2
World,OWID_WRL,2025,9.9,20.11,111.5,73.6
Yemen,YEM,1960,,,0,
Yemen,YEM,1965,,,0,
Yemen,YEM,1970,,,0,
Yemen,YEM,1975,,,0,
Yemen,YEM,1976,,,0,
Yemen,YEM,1977,,,0,
Yemen,YEM,1978,,,0,
Yemen,YEM,1979,,,0,
Yemen,YEM,1980,0.18424894,,0,
Yemen,YEM,1981,0.25365445,,0,
Yemen,YEM,1982,0.39311033,,0,
Yemen,YEM,1983,0.48722374,,0,
Yemen,YEM,1984,0.5457435,,0,
Yemen,YEM,1985,0.61145693,,0,
Yemen,YEM,1986,0.6491855,,0,
Yemen,YEM,1987,0.68122673,,0,
Yemen,YEM,1988,0.7047576,,0,
Yemen,YEM,1989,0.72092444,,0,
Yemen,YEM,1990,0.897,,0,0
Yemen,YEM,1991,0.907,,0,
Yemen,YEM,1992,0.957,,0.010738704,
Yemen,YEM,1993,1.04,,0.034494154,
Yemen,YEM,1994,1.07,,0.052664503,
Yemen,YEM,1995,1.12,,0.05123161,
Yemen,YEM,1996,1.18,,0.053026527,0.000621
Yemen,YEM,1997,1.23,,0.07157185,0.015
Yemen,YEM,1998,1.35,,0.091696255,0.0233
Yemen,YEM,1999,1.49,,0.15278876,0.0566
Yemen,YEM,2000,1.77,,0.163278,0.0825004
Yemen,YEM,2001,2.09,,0.73092,0.0908025
Yemen,YEM,2002,2.6,,2.33581,0.518796
Yemen,YEM,2003,3.23,,3.14667,0.604734
Yemen,YEM,2004,3.61,,6.68019,0.881223
Yemen,YEM,2005,3.96,0.00657303,9.99364,1.0486
Yemen,YEM,2006,4.11,0.0118124,12.6482,1.24782
Yemen,YEM,2007,4.2,0.0452338,17.8838,5.01
Yemen,YEM,2008,3.83,0.103536,25.6651,6.89
Yemen,YEM,2009,3.85,0.208271,32.0622,9.96
Yemen,YEM,2010,3.91,0.313967,41.4325,12.35
Yemen,YEM,2011,3.9,0.395172,42.3016,14.905
Yemen,YEM,2012,3.88,0.588387,48.8857,17.4465
Yemen,YEM,2013,3.9,0.876063,57.465,20
Yemen,YEM,2014,3.87,1.12485,56.5732,22.55
Yemen,YEM,2015,3.67,1.26768,48.2101,24.0854
Yemen,YEM,2016,3.63,0.860254,51.179,24.5792
Yemen,YEM,2017,3.6,1.11512,46.4111,26.7184
Yemen,YEM,2018,,1.13343,44.8811,
Yemen,YEM,2019,3.53,1.08797,43.399,
Yemen,YEM,2020,3.43,1.08206,42.0038,13.8152
Yemen,YEM,2021,1.96,1.09217,47.809,
Yemen,YEM,2022,1.9,1.27124,46.4534,
Yemen,YEM,2023,,,50.8938,
Zambia,ZMB,1960,0.48085707,,0,
Zambia,ZMB,1961,0.488476,,,
Zambia,ZMB,1962,0.488476,,,
Zambia,ZMB,1963,0.488476,,,
Zambia,ZMB,1964,0.488476,,,
Zambia,ZMB,1965,0.4674655,,0,
Zambia,ZMB,1966,0.478929,,,
Zambia,ZMB,1967,0.478929,,,
Zambia,ZMB,1968,0.478929,,,
Zambia,ZMB,1969,0.478929,,,
Zambia,ZMB,1970,0.54184455,,0,
Zambia,ZMB,1971,0.555148,,,
Zambia,ZMB,1972,0.555148,,,
Zambia,ZMB,1973,0.555148,,,
Zambia,ZMB,1974,0.555148,,,
Zambia,ZMB,1975,0.5759189,,0,
Zambia,ZMB,1976,0.55515397,,0,
Zambia,ZMB,1977,0.5636987,,0,
Zambia,ZMB,1978,0.5564464,,0,
Zambia,ZMB,1979,0.5527723,,0,
Zambia,ZMB,1980,0.57091784,,0,
Zambia,ZMB,1981,0.5922358,,0,
Zambia,ZMB,1982,0.5964716,,0,
Zambia,ZMB,1983,0.59597176,,0,
Zambia,ZMB,1984,0.64455205,,0,
Zambia,ZMB,1985,0.65463746,,0,
Zambia,ZMB,1986,0.68443227,,0,
Zambia,ZMB,1987,0.7176557,,0,
Zambia,ZMB,1988,0.80188364,,0,
Zambia,ZMB,1989,0.8776876,,0,
Zambia,ZMB,1990,0.836,,0,0
Zambia,ZMB,1991,0.864,,0,
Zambia,ZMB,1992,0.928,,0,
Zambia,ZMB,1993,0.931,,0,
Zambia,ZMB,1994,0.93,,0,0.00678
Zambia,ZMB,1995,0.874,,0.017814096,0.00878
Zambia,ZMB,1996,0.866,,0.0305661,0.00907
Zambia,ZMB,1997,0.838,,0.049818486,0.00933
Zambia,ZMB,1998,0.819,,0.088130824,0.0302
Zambia,ZMB,1999,0.853,,0.29299763,0.147
Zambia,ZMB,2000,0.832,0.00020963,0.98679,0.191072
Zambia,ZMB,2001,0.83,0.000300237,1.17383,0.23313
Zambia,ZMB,2002,0.823,0.000450791,1.30628,0.477751
Zambia,ZMB,2003,0.805,0.000828508,2.19418,0.980483
Zambia,ZMB,2004,0.809,0.00220494,4.09548,1.1
Zambia,ZMB,2005,0.808,0.00213332,8.10286,1.3
Zambia,ZMB,2006,0.77,0.0192835,13.713,1.6
Zambia,ZMB,2007,0.731,0.0318342,21.0029,1.9
Zambia,ZMB,2008,0.696,0.0437974,27.1785,2.2
Zambia,ZMB,2009,0.67,0.0793306,32.6653,2.5
Zambia,ZMB,2010,0.848,0.0735164,39.0029,3
Zambia,ZMB,2011,0.594,0.113695,56.5499,3.5
Zambia,ZMB,2012,0.553,0.100572,70.5709,4.1
Zambia,ZMB,2013,0.752,0.0873239,67.5096,4.8
Zambia,ZMB,2014,0.72,0.129101,63.6343,6.5
Zambia,ZMB,2015,0.708,0.14263,70.4778,8.8
Zambia,ZMB,2016,0.6,0.187911,71.0461,10.3
Zambia,ZMB,2017,0.582,0.205902,77.05,12.2
Zambia,ZMB,2018,0.559,0.401857,86.0723,14.3
Zambia,ZMB,2019,0.522,0.480133,93.0148,18.7
Zambia,ZMB,2020,0.377,0.431897,100.235,24.5
Zambia,ZMB,2021,0.336,0.411108,103.283,32.5
Zambia,ZMB,2022,0.478,0.42895,98.4373,15
Zambia,ZMB,2023,0.392,0.68139,102.062,33
Zimbabwe,ZWE,1960,1.444969,,0,
Zimbabwe,ZWE,1961,1.45631,,,
Zimbabwe,ZWE,1962,1.45631,,,
Zimbabwe,ZWE,1963,1.45631,,,
Zimbabwe,ZWE,1964,1.45631,,,
Zimbabwe,ZWE,1965,1.4616109,,0,
Zimbabwe,ZWE,1966,1.45376,,,
Zimbabwe,ZWE,1967,1.45376,,,
Zimbabwe,ZWE,1968,1.45376,,,
Zimbabwe,ZWE,1969,1.45376,,,
Zimbabwe,ZWE,1970,1.4414988,,0,
Zimbabwe,ZWE,1971,1.41796,,,
Zimbabwe,ZWE,1972,1.41796,,,
Zimbabwe,ZWE,1973,1.41796,,,
Zimbabwe,ZWE,1974,1.41796,,,
Zimbabwe,ZWE,1975,1.3395258,,0,
Zimbabwe,ZWE,1976,1.3466251,,0,
Zimbabwe,ZWE,1977,1.3362375,,0,
Zimbabwe,ZWE,1978,1.3844889,,0,
Zimbabwe,ZWE,1979,1.3970753,,0,
Zimbabwe,ZWE,1980,1.3562554,,0,
Zimbabwe,ZWE,1981,1.2927285,,0,
Zimbabwe,ZWE,1982,1.2651694,,0,
Zimbabwe,ZWE,1983,1.2712494,,0,
Zimbabwe,ZWE,1984,1.2364014,,0,
Zimbabwe,ZWE,1985,1.2040367,,0,
Zimbabwe,ZWE,1986,1.203356,,0,
Zimbabwe,ZWE,1987,1.231314,,0,
Zimbabwe,ZWE,1988,1.212887,,0,
Zimbabwe,ZWE,1989,1.2324877,,0,
Zimbabwe,ZWE,1990,1.22,,0,0
Zimbabwe,ZWE,1991,1.21,,0,
Zimbabwe,ZWE,1992,1.19,,0,
Zimbabwe,ZWE,1993,1.18,,0,
Zimbabwe,ZWE,1994,1.24,,0,0.00174
Zimbabwe,ZWE,1995,1.39,,0,0.00768
Zimbabwe,ZWE,1996,1.57,,0,0.0168
Zimbabwe,ZWE,1997,1.86,,0.050464682,0.0331
Zimbabwe,ZWE,1998,2.04,,0.16452546,0.0816
Zimbabwe,ZWE,1999,2.03,,1.485091,0.162
Zimbabwe,ZWE,2000,2.1,,2.2405,0.401434
Zimbabwe,ZWE,2001,2.12,0.00644008,2.62282,0.799846
Zimbabwe,ZWE,2002,2.38,0.023553,2.80269,1.1
Zimbabwe,ZWE,2003,2.46,0.0522059,2.97287,1.8
Zimbabwe,ZWE,2004,2.56,0.072514,3.4429,2.1
Zimbabwe,ZWE,2005,2.63,0.0815881,5.18375,2.4
Zimbabwe,ZWE,2006,2.66,0.0807189,6.71982,2.4
Zimbabwe,ZWE,2007,2.69,0.11879,9.57239,3
Zimbabwe,ZWE,2008,2.69,0.138898,12.7687,3.5
Zimbabwe,ZWE,2009,2.93,0.3586,30.3665,4
Zimbabwe,ZWE,2010,2.84,0.24707,57.6496,6.4
Zimbabwe,ZWE,2011,2.62,0.250084,67.6698,8.4
Zimbabwe,ZWE,2012,2.18,0.520376,91.287,12
Zimbabwe,ZWE,2013,2.17,0.741526,97.2838,15.5
Zimbabwe,ZWE,2014,2.32,1.07152,83.0461,16.3647
Zimbabwe,ZWE,2015,2.32,1.13888,88.5992,22.7428
Zimbabwe,ZWE,2016,2.09,1.1701,88.21,23.12
Zimbabwe,ZWE,2017,1.78,1.26454,95.1367,24.4
Zimbabwe,ZWE,2018,1.79,1.3506,85.8627,25
Zimbabwe,ZWE,2019,1.74,1.33861,86.4094,26.5883
Zimbabwe,ZWE,2020,1.62,1.31038,84.9604,29.2986
Zimbabwe,ZWE,2021,1.54,1.29981,90.2538,37.0967
Zimbabwe,ZWE,2022,1.81,1.6215,88.9958,37.8861
Zimbabwe,ZWE,2023,1.89,1.57458,91.6344,38.4266
