location_key,YEAR,country_code,country_name,aggregation_level,new_confirmed,new_deceased,new_recovered,new_tested,cumulative_confirmed,cumulative_deceased,cumulative_recovered,cumulative_tested,population,population_male,population_female,population_rural,population_urban,population_largest_city,population_clustered,population_density,human_development_index,population_age_00_09,population_age_10_19,population_age_20_29,population_age_30_39,population_age_40_49,population_age_50_59,population_age_60_69,population_age_70_79,population_age_80_and_older,X4
0,2020,0,Namibia,0,24536.0,208.0,0.0,199795.0,24536.0,208.0,0.0,209155.0,,,,,,,,,,,,,,,,,,,0.0
0,2021,0,Namibia,0,124942.0,3447.0,0.0,599977.0,149478.0,3655.0,0.0,872058.0,,,,,,,,,,,,,,,,,,,0.0
0,2022,0,Namibia,0,17167.0,422.0,0.0,47299.0,166645.0,4077.0,0.0,1056045.0,,,,,,,,,,,,,,,,,,,0.0
AD,2020,AD,Andorra,0,8117.0,84.0,0.0,0.0,8117.0,84.0,0.0,124804.0,77265.0,58625.0,55581.0,9269.0,67873.0,2159137.0,3137690.0,164.394,0.858,9370.0,12022.0,10727.0,12394.0,21001.0,20720.0,14433.0,8657.0,4881.0,0.0
AD,2021,AD,Andorra,0,15623.0,56.0,0.0,0.0,23740.0,140.0,0.0,266810.0,77265.0,58625.0,55581.0,9269.0,67873.0,2159137.0,3137690.0,164.394,0.858,9370.0,12022.0,10727.0,12394.0,21001.0,20720.0,14433.0,8657.0,4881.0,0.0
AD,2022,AD,Andorra,0,22407.0,15.0,0.0,0.0,46147.0,155.0,0.0,300307.0,77265.0,58625.0,55581.0,9269.0,67873.0,2159137.0,3137690.0,164.394,0.858,9370.0,12022.0,10727.0,12394.0,21001.0,20720.0,14433.0,8657.0,4881.0,0.0
AE,2020,AE,United Arab Emirates,0,209678.0,671.0,0.0,21035504.0,209678.0,671.0,0.0,21035504.0,9890400.0,6836349.0,3054051.0,1290785.0,8479744.0,2833079.0,5914068.0,118.306,0.863,1011713.0,842991.0,2149343.0,3169314.0,1608109.0,797913.0,242707.0,55884.0,12426.0,2126.860794305589
AE,2021,AE,United Arab Emirates,0,554815.0,1494.0,0.0,91095231.0,764493.0,2165.0,0.0,112130735.0,9890400.0,6836349.0,3054051.0,1290785.0,8479744.0,2833079.0,5914068.0,118.306,0.863,1011713.0,842991.0,2149343.0,3169314.0,1608109.0,797913.0,242707.0,55884.0,12426.0,9210.46984955108
AE,2022,AE,United Arab Emirates,0,256698.0,177.0,0.0,56391937.0,1021191.0,2342.0,0.0,168522672.0,9890400.0,6836349.0,3054051.0,1290785.0,8479744.0,2833079.0,5914068.0,118.306,0.863,1011713.0,842991.0,2149343.0,3169314.0,1608109.0,797913.0,242707.0,55884.0,12426.0,5701.684158375799
AF,2020,AF,Afghanistan,0,52586.0,2211.0,0.0,0.0,52586.0,2211.0,0.0,0.0,38928341.0,19976265.0,18952076.0,28244481.0,9797273.0,4114030.0,4114030.0,59.627,0.498,11088732.0,9821559.0,7035871.0,4534646.0,2963459.0,1840198.0,1057496.0,480455.0,105925.0,0.0
AF,2021,AF,Afghanistan,0,105526.0,5145.0,0.0,0.0,158112.0,7356.0,0.0,0.0,38928341.0,19976265.0,18952076.0,28244481.0,9797273.0,4114030.0,4114030.0,59.627,0.498,11088732.0,9821559.0,7035871.0,4534646.0,2963459.0,1840198.0,1057496.0,480455.0,105925.0,0.0
AF,2022,AF,Afghanistan,0,38551.0,435.0,0.0,0.0,196663.0,7791.0,0.0,994894.0,38928341.0,19976265.0,18952076.0,28244481.0,9797273.0,4114030.0,4114030.0,59.627,0.498,11088732.0,9821559.0,7035871.0,4534646.0,2963459.0,1840198.0,1057496.0,480455.0,105925.0,0.0
AG,2020,AG,Antigua and Barbuda,0,159.0,5.0,0.0,0.0,159.0,5.0,0.0,5784.0,97928.0,47269.0,50659.0,73318.0,23800.0,2159137.0,3137690.0,222.564,0.78,14583.0,13867.0,14894.0,14094.0,13860.0,12832.0,8043.0,4101.0,1654.0,0.0
AG,2021,AG,Antigua and Barbuda,0,4252.0,114.0,0.0,0.0,4411.0,119.0,0.0,16700.0,97928.0,47269.0,50659.0,73318.0,23800.0,2159137.0,3137690.0,222.564,0.78,14583.0,13867.0,14894.0,14094.0,13860.0,12832.0,8043.0,4101.0,1654.0,0.0
AG,2022,AG,Antigua and Barbuda,0,4597.0,26.0,0.0,0.0,9008.0,145.0,0.0,0.0,97928.0,47269.0,50659.0,73318.0,23800.0,2159137.0,3137690.0,222.564,0.78,14583.0,13867.0,14894.0,14094.0,13860.0,12832.0,8043.0,4101.0,1654.0,0.0
AI,2020,AI,Anguilla,0,14.0,0.0,0.0,0.0,14.0,0.0,0.0,0.0,15002.0,7151.0,7971.0,1758851.0,3850231.0,2159137.0,3137690.0,166.689,0.735,2196.0,2146.0,2005.0,2081.0,2187.0,2214.0,1351.0,641.0,301.0,0.0
AI,2021,AI,Anguilla,0,1660.0,5.0,0.0,0.0,1674.0,5.0,0.0,51382.0,15002.0,7151.0,7971.0,1758851.0,3850231.0,2159137.0,3137690.0,166.689,0.735,2196.0,2146.0,2005.0,2081.0,2187.0,2214.0,1351.0,641.0,301.0,0.0
AI,2022,AI,Anguilla,0,2182.0,7.0,0.0,0.0,3856.0,12.0,0.0,0.0,15002.0,7151.0,7971.0,1758851.0,3850231.0,2159137.0,3137690.0,166.689,0.735,2196.0,2146.0,2005.0,2081.0,2187.0,2214.0,1351.0,641.0,301.0,0.0
AL,2020,AL,Albania,0,58723.0,1186.0,0.0,249384.0,58723.0,1186.0,0.0,249384.0,2862427.0,1429594.0,1432833.0,1106598.0,1747593.0,484624.0,3137690.0,99.6,0.764,319074.0,381542.0,474360.0,366807.0,339697.0,398271.0,315510.0,190753.0,52224.0,87.12326986854163
AL,2021,AL,Albania,0,151983.0,2032.0,0.0,1177050.0,210706.0,3218.0,0.0,1426434.0,2862427.0,1429594.0,1432833.0,1106598.0,1747593.0,484624.0,3137690.0,99.6,0.764,319074.0,381542.0,474360.0,366807.0,339697.0,398271.0,315510.0,190753.0,52224.0,411.2069932263775
AL,2022,AL,Albania,0,119443.0,368.0,0.0,187436.0,330149.0,3586.0,0.0,1613870.0,2862427.0,1429594.0,1432833.0,1106598.0,1747593.0,484624.0,3137690.0,99.6,0.764,319074.0,381542.0,474360.0,366807.0,339697.0,398271.0,315510.0,190753.0,52224.0,65.48149524861245
AM,2020,AM,Armenia,0,159798.0,2836.0,0.0,596416.0,159798.0,2836.0,0.0,596416.0,2963234.0,1393747.0,1569487.0,1087883.0,1869848.0,1083323.0,1083323.0,104.083,0.743,418859.0,368930.0,408924.0,503953.0,353088.0,362653.0,328402.0,126743.0,91682.0,201.27198864483873
AM,2021,AM,Armenia,0,185209.0,5141.0,0.0,1979372.0,345007.0,7977.0,0.0,2575788.0,2963234.0,1393747.0,1569487.0,1087883.0,1869848.0,1083323.0,1083323.0,104.083,0.743,418859.0,368930.0,408924.0,503953.0,353088.0,362653.0,328402.0,126743.0,91682.0,667.9769468087907
AM,2022,AM,Armenia,0,94295.0,692.0,0.0,526479.0,439302.0,8669.0,0.0,3102267.0,2963234.0,1393747.0,1569487.0,1087883.0,1869848.0,1083323.0,1083323.0,104.083,0.743,418859.0,368930.0,408924.0,503953.0,353088.0,362653.0,328402.0,126743.0,91682.0,177.67041009923616
AO,2020,AO,Angola,0,17568.0,405.0,0.0,0.0,17568.0,405.0,0.0,0.0,32866267.0,16260870.0,16605398.0,10764270.0,21061025.0,8044735.0,8044735.0,26.363,0.581,10899168.0,7881779.0,5306037.0,3699729.0,2412735.0,1464602.0,785897.0,331729.0,84592.0,0.0
AO,2021,AO,Angola,0,64830.0,1367.0,0.0,0.0,82398.0,1772.0,0.0,0.0,32866267.0,16260870.0,16605398.0,10764270.0,21061025.0,8044735.0,8044735.0,26.363,0.581,10899168.0,7881779.0,5306037.0,3699729.0,2412735.0,1464602.0,785897.0,331729.0,84592.0,0.0
AO,2022,AO,Angola,0,20733.0,145.0,0.0,28136.0,103131.0,1917.0,0.0,1618566.0,32866267.0,16260870.0,16605398.0,10764270.0,21061025.0,8044735.0,8044735.0,26.363,0.581,10899168.0,7881779.0,5306037.0,3699729.0,2412735.0,1464602.0,785897.0,331729.0,84592.0,0.8560753188063615
AR,2019,AR,Argentina,0,0.0,0.0,0.0,4.0,0.0,0.0,0.0,4.0,44938712.0,19523766.0,20593330.0,3599141.0,41339571.0,15057273.0,19280518.0,16.515,0.825,6718871.0,7045513.0,6430658.0,5777148.0,4507125.0,3911943.0,2914251.0,1817557.0,994030.0,8.901011671184523e-05
AR,2020,AR,Argentina,0,1660182.0,46382.0,0.0,4330503.0,1660182.0,46382.0,0.0,4330433.0,44938712.0,19523766.0,20593330.0,3599141.0,41339571.0,15057273.0,19280518.0,16.515,0.825,6718871.0,7045513.0,6430658.0,5777148.0,4507125.0,3911943.0,2914251.0,1817557.0,994030.0,96.36464436274898
AR,2021,AR,Argentina,0,4107229.0,71240.0,0.0,17088937.0,5767411.0,117622.0,0.0,21419370.0,44938712.0,19523766.0,20593330.0,3599141.0,41339571.0,15057273.0,19280518.0,16.515,0.825,6718871.0,7045513.0,6430658.0,5777148.0,4507125.0,3911943.0,2914251.0,1817557.0,994030.0,380.27206921284255
AR,2022,AR,Argentina,0,3900515.0,12215.0,0.0,6831395.0,9697763.0,129830.0,0.0,28250765.0,44938712.0,19523766.0,20593330.0,3599141.0,41339571.0,15057273.0,19280518.0,16.515,0.825,6718871.0,7045513.0,6430658.0,5777148.0,4507125.0,3911943.0,2914251.0,1817557.0,994030.0,152.01581656367898
AS,2020,AS,American Samoa,0,0.0,0.0,0.0,0.0,0.0,0.0,0.0,0.0,55197.0,2723290.0,2761414.0,7109.0,48203.0,2159137.0,3137690.0,275.985,0.735,773779.0,718837.0,824456.0,846180.0,686435.0,535459.0,348752.0,171250.0,52206.0,0.0
AS,2021,AS,American Samoa,0,11.0,0.0,0.0,0.0,11.0,0.0,0.0,0.0,55197.0,2723290.0,2761414.0,7109.0,48203.0,2159137.0,3137690.0,275.985,0.735,773779.0,718837.0,824456.0,846180.0,686435.0,535459.0,348752.0,171250.0,52206.0,0.0
AS,2022,AS,American Samoa,0,8206.0,34.0,0.0,0.0,8217.0,34.0,0.0,0.0,55197.0,2723290.0,2761414.0,7109.0,48203.0,2159137.0,3137690.0,275.985,0.735,773779.0,718837.0,824456.0,846180.0,686435.0,535459.0,348752.0,171250.0,52206.0,0.0
AT,2020,AT,Austria,0,360651.0,7631.0,324465.0,3895442.0,360650.0,7631.0,324465.0,3836920.0,8858775.0,4357033.0,4501742.0,3682651.0,5194416.0,1915338.0,1915338.0,107.1,0.908,855419.0,862277.0,1134471.0,1203124.0,1209216.0,1382468.0,989286.0,779997.0,442517.0,439.7269374151618
AT,2021,AT,Austria,0,914858.0,9199.0,895925.0,119742289.0,1275508.0,16830.0,1220390.0,123579209.0,8858775.0,4357033.0,4501742.0,3682651.0,5194416.0,1915338.0,1915338.0,107.1,0.908,855419.0,862277.0,1134471.0,1203124.0,1209216.0,1382468.0,989286.0,779997.0,442517.0,13516.79989614817
AT,2022,AT,Austria,0,3733007.0,3834.0,3718291.0,73017509.0,5008515.0,20664.0,4938681.0,196596718.0,8858775.0,4357033.0,4501742.0,3682651.0,5194416.0,1915338.0,1915338.0,107.1,0.908,855419.0,862277.0,1134471.0,1203124.0,1209216.0,1382468.0,989286.0,779997.0,442517.0,8242.393446046433
AU,2020,AU,Australia,0,29760.0,909.0,25762.0,11263181.0,28408.0,909.0,25762.0,11260546.0,25499881.0,12698625.0,12801256.0,3519551.0,21844756.0,4870388.0,15446689.0,3.319,0.939,3308974.0,3130480.0,3375454.0,3718344.0,3306060.0,3107735.0,2651187.0,1846376.0,1055271.0,441.6954337943773
AU,2021,AU,Australia,0,371746.0,1330.0,226634.0,43698418.0,395504.0,2239.0,252396.0,54958964.0,25499881.0,12698625.0,12801256.0,3519551.0,21844756.0,4870388.0,15446689.0,3.319,0.939,3308974.0,3130480.0,3375454.0,3718344.0,3306060.0,3107735.0,2651187.0,1846376.0,1055271.0,1713.6714481138167
AU,2022,AU,Australia,0,9820737.0,12371.0,-252396.0,23687461.0,10144497.0,14610.0,10016828.0,78646425.0,25499881.0,12698625.0,12801256.0,3519551.0,21844756.0,4870388.0,15446689.0,3.319,0.939,3308974.0,3130480.0,3375454.0,3718344.0,3306060.0,3107735.0,2651187.0,1846376.0,1055271.0,928.9243741960992
AW,2020,AW,Aruba,0,5442.0,49.0,0.0,0.0,5442.0,49.0,0.0,0.0,106766.0,50642.0,56124.0,60019.0,46295.0,2159137.0,3137690.0,593.144,0.735,11757.0,14010.0,14980.0,11244.0,14271.0,17205.0,13754.0,6958.0,2587.0,0.0
AW,2021,AW,Aruba,0,14277.0,132.0,0.0,793.0,19719.0,181.0,0.0,793.0,106766.0,50642.0,56124.0,60019.0,46295.0,2159137.0,3137690.0,593.144,0.735,11757.0,14010.0,14980.0,11244.0,14271.0,17205.0,13754.0,6958.0,2587.0,7.427458179570275
AW,2022,AW,Aruba,0,23251.0,47.0,0.0,0.0,42970.0,228.0,0.0,0.0,106766.0,50642.0,56124.0,60019.0,46295.0,2159137.0,3137690.0,593.144,0.735,11757.0,14010.0,14980.0,11244.0,14271.0,17205.0,13754.0,6958.0,2587.0,0.0
AZ,2020,AZ,Azerbaijan,0,218700.0,2641.0,0.0,0.0,218700.0,2641.0,0.0,0.0,10139175.0,5064664.0,5074511.0,4407153.0,5616165.0,2313138.0,2313138.0,122.664,0.751,1686038.0,1335458.0,1608985.0,1766692.0,1280803.0,1281076.0,804308.0,242762.0,133053.0,0.0
AZ,2021,AZ,Azerbaijan,0,398611.0,5724.0,0.0,1510783.0,617311.0,8365.0,0.0,5876764.0,10139175.0,5064664.0,5074511.0,4407153.0,5616165.0,2313138.0,2313138.0,122.664,0.751,1686038.0,1335458.0,1608985.0,1766692.0,1280803.0,1281076.0,804308.0,242762.0,133053.0,149.00452946122343
AZ,2022,AZ,Azerbaijan,0,201323.0,1508.0,0.0,205652.0,818634.0,9873.0,0.0,6947820.0,10139175.0,5064664.0,5074511.0,4407153.0,5616165.0,2313138.0,2313138.0,122.664,0.751,1686038.0,1335458.0,1608985.0,1766692.0,1280803.0,1281076.0,804308.0,242762.0,133053.0,20.28291256438517
BA,2020,BA,Bosnia and Herzegovina,0,112143.0,4086.0,0.0,422719.0,112143.0,4086.0,0.0,517161.0,3280815.0,1606609.0,1674206.0,1695856.0,1605144.0,342743.0,3137690.0,64.33,0.733,295212.0,346275.0,403272.0,458385.0,447738.0,500182.0,463795.0,242498.0,123458.0,128.84572888139076
BA,2021,BA,Bosnia and Herzegovina,0,179994.0,9374.0,0.0,620799.0,292137.0,13460.0,0.0,1483234.0,3280815.0,1606609.0,1674206.0,1695856.0,1605144.0,342743.0,3137690.0,64.33,0.733,295212.0,346275.0,403272.0,458385.0,447738.0,500182.0,463795.0,242498.0,123458.0,189.22097100872801
BA,2022,BA,Bosnia and Herzegovina,0,105465.0,2644.0,0.0,0.0,397602.0,16104.0,0.0,1499302.0,3280815.0,1606609.0,1674206.0,1695856.0,1605144.0,342743.0,3137690.0,64.33,0.733,295212.0,346275.0,403272.0,458385.0,447738.0,500182.0,463795.0,242498.0,123458.0,0.0
BB,2020,BB,Barbados,0,383.0,7.0,0.0,0.0,383.0,7.0,0.0,0.0,287371.0,139084.0,148287.0,197594.0,89431.0,2159137.0,3137690.0,668.305,0.8,30618.0,36512.0,37578.0,37124.0,39067.0,39936.0,33573.0,20154.0,12809.0,0.0
BB,2021,BB,Barbados,0,28427.0,255.0,0.0,0.0,28810.0,262.0,0.0,0.0,287371.0,139084.0,148287.0,197594.0,89431.0,2159137.0,3137690.0,668.305,0.8,30618.0,36512.0,37578.0,37124.0,39067.0,39936.0,33573.0,20154.0,12809.0,0.0
BB,2022,BB,Barbados,0,73169.0,296.0,0.0,6351.0,101979.0,558.0,0.0,697476.0,287371.0,139084.0,148287.0,197594.0,89431.0,2159137.0,3137690.0,668.305,0.8,30618.0,36512.0,37578.0,37124.0,39067.0,39936.0,33573.0,20154.0,12809.0,22.100351114065095
BD,2020,BD,Bangladesh,0,515184.0,7599.0,0.0,3240537.0,515184.0,7599.0,0.0,3240537.0,164689383.0,83259108.0,81430275.0,102058744.0,60987417.0,20283552.0,25198185.0,1265.187,0.632,28972610.0,30674422.0,29765033.0,26511633.0,20651270.0,15005703.0,7296837.0,4095812.0,1716063.0,19.67666003096265
BD,2021,BD,Bangladesh,0,1071282.0,20478.0,0.0,8267520.0,1586466.0,28077.0,0.0,11508057.0,164689383.0,83259108.0,81430275.0,102058744.0,60987417.0,20283552.0,25198185.0,1265.187,0.632,28972610.0,30674422.0,29765033.0,26511633.0,20651270.0,15005703.0,7296837.0,4095812.0,1716063.0,50.200685978646234
BD,2022,BD,Bangladesh,0,430117.0,1260.0,0.0,2312847.0,2016583.0,29337.0,0.0,13820904.0,164689383.0,83259108.0,81430275.0,102058744.0,60987417.0,20283552.0,25198185.0,1265.187,0.632,28972610.0,30674422.0,29765033.0,26511633.0,20651270.0,15005703.0,7296837.0,4095812.0,1716063.0,14.043692178991284
BE,2020,BE,Belgium,0,650059.0,19888.0,0.0,6978829.0,650040.0,19888.0,0.0,6978829.0,11455519.0,5644826.0,5810693.0,224973.0,11259082.0,2065284.0,3102595.0,375.3,0.931,1282761.0,1288307.0,1416867.0,1488564.0,1508902.0,1594256.0,1326035.0,902858.0,646969.0,609.2110711003141
BE,2021,BE,Belgium,0,1475862.0,8534.0,0.0,20421844.0,2125902.0,28422.0,0.0,27400673.0,11455519.0,5644826.0,5810693.0,224973.0,11259082.0,2065284.0,3102595.0,375.3,0.931,1282761.0,1288307.0,1416867.0,1488564.0,1508902.0,1594256.0,1326035.0,902858.0,646969.0,1782.7078808040037
BE,2022,BE,Belgium,0,2385688.0,4183.0,0.0,6914932.0,4511590.0,32605.0,0.0,34315605.0,11455519.0,5644826.0,5810693.0,224973.0,11259082.0,2065284.0,3102595.0,375.3,0.931,1282761.0,1288307.0,1416867.0,1488564.0,1508902.0,1594256.0,1326035.0,902858.0,646969.0,603.6332356482495
BF,2020,BF,Burkina Faso,0,6940.0,86.0,0.0,0.0,6940.0,86.0,0.0,0.0,20903278.0,10444713.0,10458565.0,14229029.0,6092349.0,2652720.0,2652720.0,76.401,0.423,6552188.0,5029543.0,3508065.0,2428033.0,1587133.0,977490.0,538877.0,234237.0,47712.0,0.0
BF,2021,BF,Burkina Faso,0,10692.0,232.0,0.0,0.0,17632.0,318.0,0.0,0.0,20903278.0,10444713.0,10458565.0,14229029.0,6092349.0,2652720.0,2652720.0,76.401,0.423,6552188.0,5029543.0,3508065.0,2428033.0,1587133.0,977490.0,538877.0,234237.0,47712.0,0.0
BF,2022,BF,Burkina Faso,0,3496.0,69.0,0.0,547.0,21128.0,387.0,0.0,324773.0,20903278.0,10444713.0,10458565.0,14229029.0,6092349.0,2652720.0,2652720.0,76.401,0.423,6552188.0,5029543.0,3508065.0,2428033.0,1587133.0,977490.0,538877.0,234237.0,47712.0,0.026168144536947748
BG,2020,BG,Bulgaria,0,202540.0,7604.0,0.0,1010479.0,202540.0,7604.0,0.0,1155283.0,7000039.0,3395701.0,3604338.0,1719734.0,5256027.0,1276937.0,1276937.0,63.9,0.782,670392.0,650000.0,727368.0,969414.0,1062720.0,946529.0,954084.0,680922.0,338610.0,144.3533386028278
BG,2021,BG,Bulgaria,0,545644.0,23379.0,0.0,1962370.0,748184.0,30983.0,0.0,7419396.0,7000039.0,3395701.0,3604338.0,1719734.0,5256027.0,1276937.0,1276937.0,63.9,0.782,670392.0,650000.0,727368.0,969414.0,1062720.0,946529.0,954084.0,680922.0,338610.0,280.3370095509468
BG,2022,BG,Bulgaria,0,502066.0,6680.0,0.0,457406.0,1250250.0,37663.0,0.0,10080207.0,7000039.0,3395701.0,3604338.0,1719734.0,5256027.0,1276937.0,1276937.0,63.9,0.782,670392.0,650000.0,727368.0,969414.0,1062720.0,946529.0,954084.0,680922.0,338610.0,65.34335022990587
BH,2020,BH,Bahrain,0,92913.0,352.0,0.0,1995322.0,92913.0,352.0,0.0,2366275.0,1701583.0,1100474.0,601109.0,174063.0,1467109.0,600433.0,3137690.0,2238.925,0.824,218135.0,181855.0,306670.0,507733.0,256721.0,140231.0,66572.0,17818.0,5848.0,1172.6269009504679
BH,2021,BH,Bahrain,0,189764.0,1042.0,0.0,3713856.0,282677.0,1394.0,0.0,8005638.0,1701583.0,1100474.0,601109.0,174063.0,1467109.0,600433.0,3137690.0,2238.925,0.824,218135.0,181855.0,306670.0,507733.0,256721.0,140231.0,66572.0,17818.0,5848.0,2182.5888011340026
BH,2022,BH,Bahrain,0,392232.0,124.0,0.0,226347.0,674909.0,1518.0,0.0,9969082.0,1701583.0,1100474.0,601109.0,174063.0,1467109.0,600433.0,3137690.0,2238.925,0.824,218135.0,181855.0,306670.0,507733.0,256721.0,140231.0,66572.0,17818.0,5848.0,133.02142769409426
BI,2020,BI,Burundi,0,826.0,2.0,0.0,0.0,826.0,2.0,0.0,0.0,11890781.0,5899864.0,5990917.0,9989403.0,1541177.0,954424.0,3137690.0,463.037,0.417,3872447.0,2725292.0,2029581.0,1539547.0,747632.0,491974.0,339631.0,112129.0,32548.0,0.0
BI,2021,BI,Burundi,0,31250.0,12.0,0.0,0.0,32076.0,14.0,0.0,0.0,11890781.0,5899864.0,5990917.0,9989403.0,1541177.0,954424.0,3137690.0,463.037,0.417,3872447.0,2725292.0,2029581.0,1539547.0,747632.0,491974.0,339631.0,112129.0,32548.0,0.0
BI,2022,BI,Burundi,0,17806.0,1.0,0.0,18945.0,49882.0,15.0,0.0,1611285.0,11890781.0,5899864.0,5990917.0,9989403.0,1541177.0,954424.0,3137690.0,463.037,0.417,3872447.0,2725292.0,2029581.0,1539547.0,747632.0,491974.0,339631.0,112129.0,32548.0,1.5932511077279112
BJ,2020,BJ,Benin,0,3251.0,44.0,0.0,0.0,3251.0,44.0,0.0,0.0,12123198.0,6054248.0,6068950.0,6153002.0,5648149.0,991000.0,3137690.0,107.513,0.515,3596950.0,2779486.0,2061768.0,1436443.0,981832.0,650681.0,379183.0,184835.0,52020.0,0.0
BJ,2021,BJ,Benin,0,21793.0,117.0,0.0,0.0,25044.0,161.0,0.0,0.0,12123198.0,6054248.0,6068950.0,6153002.0,5648149.0,991000.0,3137690.0,107.513,0.515,3596950.0,2779486.0,2061768.0,1436443.0,981832.0,650681.0,379183.0,184835.0,52020.0,0.0
BJ,2022,BJ,Benin,0,2594.0,2.0,0.0,0.0,27638.0,163.0,0.0,604310.0,12123198.0,6054248.0,6068950.0,6153002.0,5648149.0,991000.0,3137690.0,107.513,0.515,3596950.0,2779486.0,2061768.0,1436443.0,981832.0,650681.0,379183.0,184835.0,52020.0,0.0
BM,2020,BM,Bermuda,0,604.0,10.0,0.0,0.0,604.0,10.0,0.0,0.0,62273.0,32322.0,34524.0,0.0,63918.0,2159137.0,3137690.0,1245.46,0.735,7430.0,7680.0,8063.0,7719.0,7253.0,10229.0,9484.0,5676.0,3313.0,0.0
BM,2021,BM,Bermuda,0,5816.0,100.0,0.0,0.0,6420.0,110.0,0.0,0.0,62273.0,32322.0,34524.0,0.0,63918.0,2159137.0,3137690.0,1245.46,0.735,7430.0,7680.0,8063.0,7719.0,7253.0,10229.0,9484.0,5676.0,3313.0,0.0
BM,2022,BM,Bermuda,0,11599.0,38.0,0.0,41927.0,18019.0,148.0,0.0,41927.0,62273.0,32322.0,34524.0,0.0,63918.0,2159137.0,3137690.0,1245.46,0.735,7430.0,7680.0,8063.0,7719.0,7253.0,10229.0,9484.0,5676.0,3313.0,673.2773433109052
BN,2020,BN,Brunei,0,157.0,3.0,0.0,0.0,157.0,3.0,0.0,0.0,437483.0,226987.0,210496.0,95574.0,337711.0,2159137.0,3137690.0,83.014,0.853,66355.0,65084.0,69696.0,76568.0,68003.0,50221.0,28513.0,9569.0,3474.0,0.0
BN,2021,BN,Brunei,0,15334.0,58.0,0.0,581.0,15491.0,61.0,0.0,93192.0,437483.0,226987.0,210496.0,95574.0,337711.0,2159137.0,3137690.0,83.014,0.853,66355.0,65084.0,69696.0,76568.0,68003.0,50221.0,28513.0,9569.0,3474.0,1.3280516042909096
BN,2022,BN,Brunei,0,209119.0,69.0,0.0,0.0,224610.0,130.0,0.0,0.0,437483.0,226987.0,210496.0,95574.0,337711.0,2159137.0,3137690.0,83.014,0.853,66355.0,65084.0,69696.0,76568.0,68003.0,50221.0,28513.0,9569.0,3474.0,0.0
BO,2020,BO,Bolivia,0,160124.0,9165.0,0.0,414379.0,160124.0,9165.0,0.0,416480.0,11673029.0,5858019.0,5815010.0,3480065.0,8033035.0,1835355.0,4782916.0,10.775,0.693,2364587.0,2297696.0,2039534.0,1639099.0,1238343.0,883592.0,615318.0,391941.0,202919.0,35.49884096064526
BO,2021,BO,Bolivia,0,439629.0,10515.0,0.0,2669053.0,599753.0,19680.0,0.0,3085533.0,11673029.0,5858019.0,5815010.0,3480065.0,8033035.0,1835355.0,4782916.0,10.775,0.693,2364587.0,2297696.0,2039534.0,1639099.0,1238343.0,883592.0,615318.0,391941.0,202919.0,228.65127808728994
BO,2022,BO,Bolivia,0,506785.0,2538.0,0.0,1354838.0,1106538.0,22218.0,0.0,4440371.0,11673029.0,5858019.0,5815010.0,3480065.0,8033035.0,1835355.0,4782916.0,10.775,0.693,2364587.0,2297696.0,2039534.0,1639099.0,1238343.0,883592.0,615318.0,391941.0,202919.0,116.06567584129192
BR,2020,BR,Brazil,0,7688326.0,194949.0,6707781.0,27075552.0,7675973.0,194949.0,6707781.0,27075552.0,212559409.0,104435783.0,108123626.0,27807886.0,183241641.0,21846507.0,88861474.0,25.431,0.754,29076910.0,31160446.0,34104643.0,34476762.0,29462006.0,24421202.0,16896862.0,8801551.0,4159027.0,127.3787508507798
BR,2021,BR,Brazil,0,14611548.0,424107.0,14876621.0,26375083.0,22287521.0,619056.0,21584402.0,66100617.0,212559409.0,104435783.0,108123626.0,27807886.0,183241641.0,21846507.0,88861474.0,25.431,0.754,29076910.0,31160446.0,34104643.0,34476762.0,29462006.0,24421202.0,16896862.0,8801551.0,4159027.0,124.08334744664255
BR,2022,BR,Brazil,0,12281312.0,66147.0,12121829.0,0.0,34568833.0,685203.0,33706231.0,70923215.0,212559409.0,104435783.0,108123626.0,27807886.0,183241641.0,21846507.0,88861474.0,25.431,0.754,29076910.0,31160446.0,34104643.0,34476762.0,29462006.0,24421202.0,16896862.0,8801551.0,4159027.0,0.0
BS,2020,BS,Bahamas,0,7887.0,171.0,0.0,0.0,7887.0,171.0,0.0,0.0,393248.0,191093.0,202155.0,65698.0,323784.0,2159137.0,3137690.0,39.286,0.807,53654.0,63795.0,66568.0,55457.0,56496.0,49222.0,29430.0,13645.0,4981.0,0.0
BS,2021,BS,Bahamas,0,17398.0,546.0,0.0,22575.0,25285.0,717.0,0.0,185893.0,393248.0,191093.0,202155.0,65698.0,323784.0,2159137.0,3137690.0,39.286,0.807,53654.0,63795.0,66568.0,55457.0,56496.0,49222.0,29430.0,13645.0,4981.0,57.40652209292864
BS,2022,BS,Bahamas,0,11886.0,113.0,0.0,21161.0,37171.0,830.0,0.0,241200.0,393248.0,191093.0,202155.0,65698.0,323784.0,2159137.0,3137690.0,39.286,0.807,53654.0,63795.0,66568.0,55457.0,56496.0,49222.0,29430.0,13645.0,4981.0,53.81082675563513
BT,2020,BT,Bhutan,0,710.0,0.0,0.0,287162.0,710.0,0.0,0.0,287162.0,771612.0,410087.0,361525.0,445554.0,317538.0,2159137.0,3137690.0,20.243,0.612,125828.0,135993.0,153314.0,138681.0,89604.0,59014.0,36908.0,22234.0,10036.0,372.158546004987
BT,2021,BT,Bhutan,0,1950.0,3.0,0.0,1003863.0,2660.0,3.0,0.0,1291025.0,771612.0,410087.0,361525.0,445554.0,317538.0,2159137.0,3137690.0,20.243,0.612,125828.0,135993.0,153314.0,138681.0,89604.0,59014.0,36908.0,22234.0,10036.0,1300.994541297958
BT,2022,BT,Bhutan,0,58759.0,18.0,0.0,420644.0,61419.0,21.0,0.0,1711669.0,771612.0,410087.0,361525.0,445554.0,317538.0,2159137.0,3137690.0,20.243,0.612,125828.0,135993.0,153314.0,138681.0,89604.0,59014.0,36908.0,22234.0,10036.0,545.1496347905423
BW,2020,BW,Botswana,0,15016.0,44.0,0.0,19426.0,15016.0,44.0,0.0,553859.0,2351625.0,1139099.0,1212526.0,687147.0,1616550.0,2159137.0,3137690.0,4.149,0.717,539005.0,472033.0,402509.0,365289.0,261015.0,146583.0,104251.0,48558.0,12382.0,8.260670812735874
BW,2021,BW,Botswana,0,207037.0,2408.0,0.0,0.0,222053.0,2452.0,0.0,2026898.0,2351625.0,1139099.0,1212526.0,687147.0,1616550.0,2159137.0,3137690.0,4.149,0.717,539005.0,472033.0,402509.0,365289.0,261015.0,146583.0,104251.0,48558.0,12382.0,0.0
BW,2022,BW,Botswana,0,104054.0,327.0,0.0,0.0,326107.0,2779.0,0.0,2285160.0,2351625.0,1139099.0,1212526.0,687147.0,1616550.0,2159137.0,3137690.0,4.149,0.717,539005.0,472033.0,402509.0,365289.0,261015.0,146583.0,104251.0,48558.0,12382.0,0.0
BY,2020,BY,Belarus,0,196223.0,1433.0,0.0,474181.0,196223.0,1433.0,0.0,3924079.0,9449321.0,4399367.0,5049954.0,1983874.0,7482982.0,2016677.0,2016677.0,46.569,0.798,1143840.0,928883.0,1077802.0,1530348.0,1285401.0,1345791.0,1243251.0,525562.0,368443.0,50.18148923081352
BY,2021,BY,Belarus,0,504198.0,4161.0,0.0,542166.0,700421.0,5594.0,0.0,11022249.0,9449321.0,4399367.0,5049954.0,1983874.0,7482982.0,2016677.0,2016677.0,46.569,0.798,1143840.0,928883.0,1077802.0,1530348.0,1285401.0,1345791.0,1243251.0,525562.0,368443.0,57.37618607728534
BY,2022,BY,Belarus,0,293616.0,1524.0,0.0,432120.0,994037.0,7118.0,0.0,13220483.0,9449321.0,4399367.0,5049954.0,1983874.0,7482982.0,2016677.0,2016677.0,46.569,0.798,1143840.0,928883.0,1077802.0,1530348.0,1285401.0,1345791.0,1243251.0,525562.0,368443.0,45.73026993156439
BZ,2020,BZ,Belize,0,10776.0,248.0,0.0,0.0,10776.0,248.0,0.0,0.0,397621.0,197761.0,199860.0,211314.0,179039.0,2159137.0,3137690.0,17.432,0.715,78106.0,77850.0,75819.0,59715.0,43958.0,31810.0,17814.0,8311.0,4238.0,0.0
BZ,2021,BZ,Belize,0,22064.0,354.0,0.0,2924.0,32840.0,602.0,0.0,363915.0,397621.0,197761.0,199860.0,211314.0,179039.0,2159137.0,3137690.0,17.432,0.715,78106.0,77850.0,75819.0,59715.0,43958.0,31810.0,17814.0,8311.0,4238.0,7.353736346923326
BZ,2022,BZ,Belize,0,35772.0,78.0,0.0,0.0,68612.0,680.0,0.0,572900.0,397621.0,197761.0,199860.0,211314.0,179039.0,2159137.0,3137690.0,17.432,0.715,78106.0,77850.0,75819.0,59715.0,43958.0,31810.0,17814.0,8311.0,4238.0,0.0
CA,2020,CA,Canada,0,267.0,15147.0,0.0,18095491.0,266.0,15146.0,0.0,18097623.0,37742157.0,18732178.0,19009979.0,6960780.0,30628482.0,6139404.0,17211244.0,4.15,0.926,3970921.0,3971320.0,5096616.0,5278661.0,4846667.0,5182433.0,4712744.0,3018676.0,1664119.0,479.4503663370379
CA,2021,CA,Canada,0,537.0,14744.0,0.0,34660670.0,803.0,29887.0,0.0,52758293.0,37742157.0,18732178.0,19009979.0,6960780.0,30628482.0,6139404.0,17211244.0,4.15,0.926,3970921.0,3971320.0,5096616.0,5278661.0,4846667.0,5182433.0,4712744.0,3018676.0,1664119.0,918.3542424456557
CA,2022,CA,Canada,0,425872.0,18538.0,0.0,9419337.0,4197701.0,44347.0,0.0,62177630.0,37742157.0,18732178.0,19009979.0,6960780.0,30628482.0,6139404.0,17211244.0,4.15,0.926,3970921.0,3971320.0,5096616.0,5278661.0,4846667.0,5182433.0,4712744.0,3018676.0,1664119.0,249.57071213497417
CD,2020,CD,Democratic Republic of the Congo,0,17997.0,596.0,0.0,0.0,17997.0,596.0,0.0,0.0,89561404.0,44710172.0,44851232.0,47694888.0,39095679.0,13743278.0,21141723.0,39.506,0.457,29487306.0,21000020.0,14169236.0,9762334.0,6605529.0,4347003.0,2585841.0,1268686.0,335449.0,0.0
CD,2021,CD,Democratic Republic of the Congo,0,61944.0,629.0,0.0,0.0,79941.0,1225.0,0.0,0.0,89561404.0,44710172.0,44851232.0,47694888.0,39095679.0,13743278.0,21141723.0,39.506,0.457,29487306.0,21000020.0,14169236.0,9762334.0,6605529.0,4347003.0,2585841.0,1268686.0,335449.0,0.0
CD,2022,CD,Democratic Republic of the Congo,0,12809.0,197.0,0.0,0.0,92750.0,1422.0,0.0,1045120.0,89561404.0,44710172.0,44851232.0,47694888.0,39095679.0,13743278.0,21141723.0,39.506,0.457,29487306.0,21000020.0,14169236.0,9762334.0,6605529.0,4347003.0,2585841.0,1268686.0,335449.0,0.0
CF,2020,CF,Central African Republic,0,5843.0,63.0,0.0,0.0,5843.0,63.0,0.0,0.0,4829764.0,2394042.0,2435722.0,2763121.0,1982064.0,869599.0,3137690.0,7.753,0.367,1435609.0,1264608.0,839990.0,501335.0,339529.0,232596.0,139061.0,61506.0,15530.0,0.0
CF,2021,CF,Central African Republic,0,6673.0,43.0,0.0,0.0,12516.0,106.0,0.0,0.0,4829764.0,2394042.0,2435722.0,2763121.0,1982064.0,869599.0,3137690.0,7.753,0.367,1435609.0,1264608.0,839990.0,501335.0,339529.0,232596.0,139061.0,61506.0,15530.0,0.0
CF,2022,CF,Central African Republic,0,2387.0,7.0,0.0,0.0,14903.0,113.0,0.0,94759.0,4829764.0,2394042.0,2435722.0,2763121.0,1982064.0,869599.0,3137690.0,7.753,0.367,1435609.0,1264608.0,839990.0,501335.0,339529.0,232596.0,139061.0,61506.0,15530.0,0.0
CG,2020,CG,Republic of the Congo,0,6450.0,112.0,0.0,0.0,6450.0,112.0,0.0,0.0,5518092.0,2756678.0,2761414.0,1755498.0,3625010.0,2308076.0,3483589.0,16.158,0.606,1592335.0,1257964.0,874261.0,680079.0,535814.0,327892.0,164737.0,69397.0,15613.0,0.0
CG,2021,CG,Republic of the Congo,0,14827.0,257.0,0.0,0.0,21277.0,369.0,0.0,0.0,5518092.0,2756678.0,2761414.0,1755498.0,3625010.0,2308076.0,3483589.0,16.158,0.606,1592335.0,1257964.0,874261.0,680079.0,535814.0,327892.0,164737.0,69397.0,15613.0,0.0
CG,2022,CG,Republic of the Congo,0,3498.0,17.0,0.0,0.0,24775.0,386.0,0.0,395040.0,5518092.0,2756678.0,2761414.0,1755498.0,3625010.0,2308076.0,3483589.0,16.158,0.606,1592335.0,1257964.0,874261.0,680079.0,535814.0,327892.0,164737.0,69397.0,15613.0,0.0
CH,2020,CH,Switzerland,0,454207.0,7610.0,0.0,3290938.0,454206.0,7610.0,0.0,3288426.0,8544527.0,4237121.0,4307406.0,2242404.0,6332428.0,1383092.0,1383092.0,213.6,0.93,868184.0,841274.0,1052733.0,1215196.0,1204432.0,1281878.0,931525.0,705653.0,443652.0,385.1515712923606
CH,2021,CH,Switzerland,0,896766.0,4335.0,0.0,11090426.0,1350972.0,11945.0,0.0,14378852.0,8544527.0,4237121.0,4307406.0,2242404.0,6332428.0,1383092.0,1383092.0,213.6,0.93,868184.0,841274.0,1052733.0,1215196.0,1204432.0,1281878.0,931525.0,705653.0,443652.0,1297.9566920439247
CH,2022,CH,Switzerland,0,2703025.0,1605.0,0.0,7828337.0,4053997.0,13550.0,0.0,22207189.0,8544527.0,4237121.0,4307406.0,2242404.0,6332428.0,1383092.0,1383092.0,213.6,0.93,868184.0,841274.0,1052733.0,1215196.0,1204432.0,1281878.0,931525.0,705653.0,443652.0,916.1814340337387
CI,2020,CI,Ivory Coast,0,22250.0,138.0,0.0,249308.0,22250.0,138.0,0.0,260851.0,26378275.0,13300380.0,13077895.0,12539644.0,13176900.0,5058550.0,5058550.0,82.951,0.492,7750286.0,6104858.0,4660994.0,3172215.0,2117552.0,1337226.0,822066.0,341744.0,71334.0,9.451262449875893
CI,2021,CI,Ivory Coast,0,49565.0,580.0,0.0,861632.0,71815.0,718.0,0.0,1236834.0,26378275.0,13300380.0,13077895.0,12539644.0,13176900.0,5058550.0,5058550.0,82.951,0.492,7750286.0,6104858.0,4660994.0,3172215.0,2117552.0,1337226.0,822066.0,341744.0,71334.0,32.66445588272925
CI,2022,CI,Ivory Coast,0,15158.0,104.0,0.0,99455.0,86973.0,822.0,0.0,1540831.0,26378275.0,13300380.0,13077895.0,12539644.0,13176900.0,5058550.0,5058550.0,82.951,0.492,7750286.0,6104858.0,4660994.0,3172215.0,2117552.0,1337226.0,822066.0,341744.0,71334.0,3.770337522070719
CK,2020,CK,Cook Islands,0,0.0,0.0,0.0,0.0,0.0,0.0,0.0,0.0,17564.0,9281.0,8768.0,1758851.0,3850231.0,2159137.0,3137690.0,73.183,0.735,2343.0,2596.0,2608.0,1747.0,2276.0,2977.0,1899.0,1105.0,499.0,0.0
CK,2021,CK,Cook Islands,0,0.0,0.0,0.0,0.0,0.0,0.0,0.0,0.0,17564.0,9281.0,8768.0,1758851.0,3850231.0,2159137.0,3137690.0,73.183,0.735,2343.0,2596.0,2608.0,1747.0,2276.0,2977.0,1899.0,1105.0,499.0,0.0
CK,2022,CK,Cook Islands,0,6389.0,1.0,0.0,0.0,6389.0,1.0,0.0,0.0,17564.0,9281.0,8768.0,1758851.0,3850231.0,2159137.0,3137690.0,73.183,0.735,2343.0,2596.0,2608.0,1747.0,2276.0,2977.0,1899.0,1105.0,499.0,0.0
CL,2020,CL,Chile,0,577177.0,16608.0,44946.0,6494042.0,608973.0,16608.0,44946.0,0.0,17574003.0,8972014.0,8601989.0,2341903.0,16610135.0,6723516.0,6723516.0,25.71,0.832,2428079.0,2493879.0,2995538.0,2945404.0,2578404.0,2352271.0,1791787.0,993126.0,537721.0,369.525486026149
CL,2021,CL,Chile,0,1201645.0,22507.0,0.0,20690254.0,1806494.0,39115.0,0.0,0.0,17574003.0,8972014.0,8601989.0,2341903.0,16610135.0,6723516.0,6723516.0,25.71,0.832,2428079.0,2493879.0,2995538.0,2945404.0,2578404.0,2352271.0,1791787.0,993126.0,537721.0,1177.3216381037378
CL,2022,CL,Chile,0,2589675.0,21707.0,0.0,12588917.0,4568495.0,60822.0,0.0,0.0,17574003.0,8972014.0,8601989.0,2341903.0,16610135.0,6723516.0,6723516.0,25.71,0.832,2428079.0,2493879.0,2995538.0,2945404.0,2578404.0,2352271.0,1791787.0,993126.0,537721.0,716.337478717854
CM,2020,CM,Cameroon,0,26848.0,448.0,0.0,0.0,26848.0,448.0,0.0,0.0,26545864.0,13277075.0,13268789.0,11135124.0,14741256.0,3822425.0,7358544.0,56.157,0.556,7846026.0,6176459.0,4551787.0,3399842.0,2141843.0,1288477.0,733299.0,332734.0,75397.0,0.0
CM,2021,CM,Cameroon,0,82818.0,1405.0,0.0,0.0,109666.0,1853.0,0.0,0.0,26545864.0,13277075.0,13268789.0,11135124.0,14741256.0,3822425.0,7358544.0,56.157,0.556,7846026.0,6176459.0,4551787.0,3399842.0,2141843.0,1288477.0,733299.0,332734.0,75397.0,0.0
CM,2022,CM,Cameroon,0,11986.0,82.0,0.0,0.0,121652.0,1935.0,0.0,2731181.0,26545864.0,13277075.0,13268789.0,11135124.0,14741256.0,3822425.0,7358544.0,56.157,0.556,7846026.0,6176459.0,4551787.0,3399842.0,2141843.0,1288477.0,733299.0,332734.0,75397.0,0.0
CN,2020,CN,China,0,97543.0,4818.0,22610.0,0.0,96675.0,4788.0,90486.0,160000000.0,1439323774.0,738247340.0,701076434.0,554781038.0,842933962.0,26317104.0,398976116.0,153.312,0.752,170667620.0,166604610.0,185147170.0,228830425.0,216111763.0,222185873.0,151663905.0,71494305.0,26618103.0,0.0
CN,2021,CN,China,0,38529.0,1199.0,30262.0,0.0,131780.0,5699.0,120748.0,0.0,1439323774.0,738247340.0,701076434.0,554781038.0,842933962.0,26317104.0,398976116.0,153.312,0.752,170667620.0,166604610.0,185147170.0,228830425.0,216111763.0,222185873.0,151663905.0,71494305.0,26618103.0,0.0
CN,2022,CN,China,0,7374895.0,21390.0,210821.0,0.0,6501193.0,25485.0,331569.0,9214000000.0,1439323774.0,738247340.0,701076434.0,554781038.0,842933962.0,26317104.0,398976116.0,153.312,0.752,170667620.0,166604610.0,185147170.0,228830425.0,216111763.0,222185873.0,151663905.0,71494305.0,26618103.0,0.0
CO,2020,CO,Colombia,0,1706680.0,50101.0,1449600.0,7776173.0,1706680.0,50101.0,1449600.0,8143559.0,50882884.0,24984564.0,25898320.0,9512141.0,40827302.0,10779376.0,22114342.0,45.861,0.747,7414155.0,8119876.0,8847061.0,7810299.0,6450787.0,5543980.0,3771358.0,1979761.0,945607.0,152.82492635441025
CO,2021,CO,Colombia,0,3486573.0,102369.0,3520449.0,21497783.0,5193253.0,152470.0,4970049.0,29641342.0,50882884.0,24984564.0,25898320.0,9512141.0,40827302.0,10779376.0,22114342.0,45.861,0.747,7414155.0,8119876.0,8847061.0,7810299.0,6450787.0,5543980.0,3771358.0,1979761.0,945607.0,422.49537192113564
CO,2022,CO,Colombia,0,1111064.0,12768.0,470972.0,4770370.0,6304317.0,155770.0,5441021.0,35241195.0,50882884.0,24984564.0,25898320.0,9512141.0,40827302.0,10779376.0,22114342.0,45.861,0.747,7414155.0,8119876.0,8847061.0,7810299.0,6450787.0,5543980.0,3771358.0,1979761.0,945607.0,93.751957927542
CR,2020,CR,Costa Rica,0,169321.0,2185.0,0.0,431013.0,169321.0,2185.0,0.0,431013.0,5094114.0,2545076.0,2549038.0,1005676.0,4041885.0,1378546.0,1378546.0,99.767,0.794,705598.0,718837.0,824456.0,825655.0,650562.0,602395.0,423008.0,230865.0,112738.0,84.61000283857017
CR,2021,CR,Costa Rica,0,403227.0,5172.0,0.0,1840029.0,572548.0,7357.0,0.0,2271042.0,5094114.0,2545076.0,2549038.0,1005676.0,4041885.0,1378546.0,1378546.0,99.767,0.794,705598.0,718837.0,824456.0,825655.0,650562.0,602395.0,423008.0,230865.0,112738.0,361.2068752289407
CR,2022,CR,Costa Rica,0,533244.0,1556.0,0.0,1406483.0,1105792.0,8913.0,0.0,3677525.0,5094114.0,2545076.0,2549038.0,1005676.0,4041885.0,1378546.0,1378546.0,99.767,0.794,705598.0,718837.0,824456.0,825655.0,650562.0,602395.0,423008.0,230865.0,112738.0,276.09963184962095
CU,2020,CU,Cuba,0,12056.0,146.0,0.0,1501492.0,12056.0,146.0,0.0,1502010.0,11326616.0,5623468.0,5703148.0,2594348.0,8739135.0,2138419.0,2138419.0,106.413,0.769,1199376.0,1246732.0,1421019.0,1523033.0,1561982.0,1967295.0,1174022.0,804207.0,428950.0,132.56315919953497
CU,2021,CU,Cuba,0,954417.0,8177.0,0.0,3794752.0,966473.0,8323.0,0.0,5296762.0,11326616.0,5623468.0,5703148.0,2594348.0,8739135.0,2138419.0,2138419.0,106.413,0.769,1199376.0,1246732.0,1421019.0,1523033.0,1561982.0,1967295.0,1174022.0,804207.0,428950.0,335.0296328576867
CU,2022,CU,Cuba,0,144475.0,207.0,0.0,0.0,1110948.0,8530.0,0.0,0.0,11326616.0,5623468.0,5703148.0,2594348.0,8739135.0,2138419.0,2138419.0,106.413,0.769,1199376.0,1246732.0,1421019.0,1523033.0,1561982.0,1967295.0,1174022.0,804207.0,428950.0,0.0
CV,2020,CV,Cape Verde,0,11872.0,113.0,0.0,76082.0,11872.0,113.0,0.0,0.0,555988.0,279117.0,276871.0,185906.0,364029.0,2159137.0,3137690.0,137.962,0.654,105076.0,99937.0,97845.0,98286.0,64906.0,47912.0,26373.0,9056.0,6597.0,136.8410829010698
CV,2021,CV,Cape Verde,0,30591.0,240.0,0.0,172749.0,42463.0,353.0,0.0,0.0,555988.0,279117.0,276871.0,185906.0,364029.0,2159137.0,3137690.0,137.962,0.654,105076.0,99937.0,97845.0,98286.0,64906.0,47912.0,26373.0,9056.0,6597.0,310.7063461801334
CV,2022,CV,Cape Verde,0,19883.0,57.0,0.0,36086.0,62346.0,410.0,0.0,0.0,555988.0,279117.0,276871.0,185906.0,364029.0,2159137.0,3137690.0,137.962,0.654,105076.0,99937.0,97845.0,98286.0,64906.0,47912.0,26373.0,9056.0,6597.0,64.90427850960812
CW,2020,CW,Curaçao,0,4230.0,14.0,0.0,0.0,4230.0,14.0,0.0,0.0,164100.0,75469.0,88631.0,17175.0,140363.0,2159137.0,3137690.0,369.595,0.89,19331.0,21574.0,19538.0,18723.0,20281.0,24426.0,20705.0,13005.0,6517.0,0.0
CW,2021,CW,Curaçao,0,16480.0,175.0,0.0,1342.0,20710.0,189.0,0.0,1342.0,164100.0,75469.0,88631.0,17175.0,140363.0,2159137.0,3137690.0,369.595,0.89,19331.0,21574.0,19538.0,18723.0,20281.0,24426.0,20705.0,13005.0,6517.0,8.17794028031688
CW,2022,CW,Curaçao,0,24635.0,98.0,0.0,20758.0,45345.0,287.0,0.0,22100.0,164100.0,75469.0,88631.0,17175.0,140363.0,2159137.0,3137690.0,369.595,0.89,19331.0,21574.0,19538.0,18723.0,20281.0,24426.0,20705.0,13005.0,6517.0,126.49603900060937
CY,2020,CY,Cyprus,0,23276.0,130.0,0.0,1034939.0,23276.0,130.0,0.0,1040856.0,875899.0,427831.0,448068.0,397867.0,800708.0,2159137.0,3137690.0,94.4,0.85,95734.0,94326.0,137873.0,139859.0,110212.0,108417.0,93559.0,63906.0,32013.0,1181.5734462535063
CY,2021,CY,Cyprus,0,144203.0,518.0,0.0,18400293.0,167479.0,648.0,0.0,19441149.0,875899.0,427831.0,448068.0,397867.0,800708.0,2159137.0,3137690.0,94.4,0.85,95734.0,94326.0,137873.0,139859.0,110212.0,108417.0,93559.0,63906.0,32013.0,21007.32276209928
CY,2022,CY,Cyprus,0,412420.0,525.0,0.0,10060622.0,579899.0,1173.0,0.0,29501771.0,875899.0,427831.0,448068.0,397867.0,800708.0,2159137.0,3137690.0,94.4,0.85,95734.0,94326.0,137873.0,139859.0,110212.0,108417.0,93559.0,63906.0,32013.0,11486.052615655459
CZ,2020,CZ,Czech Republic,0,733024.0,12017.0,625160.0,3810163.0,733024.0,12017.0,625160.0,3810183.0,10649800.0,5244194.0,5405606.0,2782553.0,7887156.0,1298804.0,1298804.0,137.7,0.888,1139146.0,1021305.0,1166994.0,1512166.0,1724438.0,1320174.0,1358902.0,973768.0,432907.0,357.7685026948863
CZ,2021,CZ,Czech Republic,0,1752212.0,24334.0,1738814.0,11964117.0,2485236.0,36351.0,2363974.0,15774300.0,10649800.0,5244194.0,5405606.0,2782553.0,7887156.0,1298804.0,1298804.0,137.7,0.888,1139146.0,1021305.0,1166994.0,1512166.0,1724438.0,1320174.0,1358902.0,973768.0,432907.0,1123.412364551447
CZ,2022,CZ,Czech Republic,0,1585677.0,4592.0,1646757.0,5984644.0,4070913.0,40943.0,4010731.0,21758944.0,10649800.0,5244194.0,5405606.0,2782553.0,7887156.0,1298804.0,1298804.0,137.7,0.888,1139146.0,1021305.0,1166994.0,1512166.0,1724438.0,1320174.0,1358902.0,973768.0,432907.0,561.9489567879209
DE,2020,DE,Germany,0,1764752.0,51554.0,0.0,0.0,1764752.0,51554.0,0.0,35172907.0,83019213.0,40966691.0,42052522.0,18807964.0,64324835.0,3556792.0,7977060.0,234.7,0.942,7588635.0,7705657.0,9800607.0,10646445.0,10426257.0,13474166.0,10302411.0,7685929.0,5389106.0,0.0
DE,2021,DE,Germany,0,5444711.0,66727.0,0.0,0.0,7209463.0,118281.0,0.0,92472500.0,83019213.0,40966691.0,42052522.0,18807964.0,64324835.0,3556792.0,7977060.0,234.7,0.942,7588635.0,7705657.0,9800607.0,10646445.0,10426257.0,13474166.0,10302411.0,7685929.0,5389106.0,0.0
DE,2022,DE,Germany,0,25395530.0,30447.0,0.0,0.0,32604993.0,148728.0,0.0,131286804.0,83019213.0,40966691.0,42052522.0,18807964.0,64324835.0,3556792.0,7977060.0,234.7,0.942,7588635.0,7705657.0,9800607.0,10646445.0,10426257.0,13474166.0,10302411.0,7685929.0,5389106.0,0.0
DJ,2020,DJ,Djibouti,0,5840.0,61.0,0.0,0.0,5840.0,61.0,0.0,0.0,988002.0,518993.0,469009.0,215011.0,758549.0,568804.0,3137690.0,42.623,0.476,197110.0,179320.0,177328.0,162416.0,120922.0,78077.0,44334.0,22330.0,6165.0,0.0
DJ,2021,DJ,Djibouti,0,7828.0,128.0,0.0,0.0,13668.0,189.0,0.0,0.0,988002.0,518993.0,469009.0,215011.0,758549.0,568804.0,3137690.0,42.623,0.476,197110.0,179320.0,177328.0,162416.0,120922.0,78077.0,44334.0,22330.0,6165.0,0.0
DJ,2022,DJ,Djibouti,0,2022.0,0.0,0.0,1233.0,15690.0,189.0,0.0,309732.0,988002.0,518993.0,469009.0,215011.0,758549.0,568804.0,3137690.0,42.623,0.476,197110.0,179320.0,177328.0,162416.0,120922.0,78077.0,44334.0,22330.0,6165.0,1.2479731822405218
DK,2020,DK,Denmark,0,167771.0,1347.0,0.0,10572230.0,167771.0,1347.0,0.0,10572230.0,5806081.0,2889073.0,2917008.0,698575.0,5119978.0,1333888.0,1333888.0,138.0,0.929,618216.0,683669.0,783879.0,681161.0,762648.0,797775.0,662929.0,552058.0,263746.0,1820.889167753602
DK,2021,DK,Denmark,0,658796.0,1938.0,0.0,43070902.0,826567.0,3285.0,0.0,53643132.0,5806081.0,2889073.0,2917008.0,698575.0,5119978.0,1333888.0,1333888.0,138.0,0.929,618216.0,683669.0,783879.0,681161.0,762648.0,797775.0,662929.0,552058.0,263746.0,7418.239945326288
DK,2022,DK,Denmark,0,2457139.0,3702.0,0.0,11006781.0,3283706.0,6987.0,0.0,64649913.0,5806081.0,2889073.0,2917008.0,698575.0,5119978.0,1333888.0,1333888.0,138.0,0.929,618216.0,683669.0,783879.0,681161.0,762648.0,797775.0,662929.0,552058.0,263746.0,1895.733283776096
DM,2020,DM,Dominica,0,96.0,0.0,0.0,0.0,96.0,0.0,0.0,0.0,71991.0,35041.0,36298.0,20978.0,50830.0,2159137.0,3137690.0,95.988,0.715,15280.0,15360.0,10894.0,12217.0,8926.0,5747.0,2629.0,178.0,110.0,0.0
DM,2021,DM,Dominica,0,6766.0,47.0,0.0,0.0,6862.0,47.0,0.0,0.0,71991.0,35041.0,36298.0,20978.0,50830.0,2159137.0,3137690.0,95.988,0.715,15280.0,15360.0,10894.0,12217.0,8926.0,5747.0,2629.0,178.0,110.0,0.0
DM,2022,DM,Dominica,0,7990.0,21.0,0.0,4032.0,14852.0,68.0,0.0,205366.0,71991.0,35041.0,36298.0,20978.0,50830.0,2159137.0,3137690.0,95.988,0.715,15280.0,15360.0,10894.0,12217.0,8926.0,5747.0,2629.0,178.0,110.0,56.00700087510939
DO,2020,DO,Dominican Republic,0,172218.0,2416.0,0.0,841770.0,172218.0,2416.0,0.0,878581.0,10847904.0,5418206.0,5429698.0,1951483.0,8787475.0,3245021.0,3245021.0,224.501,0.736,1999348.0,1935875.0,1854317.0,1564382.0,1274489.0,1014335.0,682139.0,341500.0,181519.0,77.5974787387499
DO,2021,DO,Dominican Republic,0,247709.0,1831.0,0.0,390405.0,419927.0,4247.0,0.0,2191882.0,10847904.0,5418206.0,5429698.0,1951483.0,8787475.0,3245021.0,3245021.0,224.501,0.736,1999348.0,1935875.0,1854317.0,1564382.0,1274489.0,1014335.0,682139.0,341500.0,181519.0,35.98897999097337
DO,2022,DO,Dominican Republic,0,221750.0,137.0,0.0,292157.0,641677.0,4384.0,0.0,3444251.0,10847904.0,5418206.0,5429698.0,1951483.0,8787475.0,3245021.0,3245021.0,224.501,0.736,1999348.0,1935875.0,1854317.0,1564382.0,1274489.0,1014335.0,682139.0,341500.0,181519.0,26.932115180960302
DZ,2020,DZ,Algeria,0,99897.0,2756.0,0.0,0.0,99897.0,2756.0,0.0,0.0,43851043.0,22153808.0,21697235.0,11542954.0,31510100.0,2729325.0,2729325.0,18.411,0.754,9677490.0,6731747.0,6573715.0,7275235.0,5448619.0,3800056.0,2530542.0,1237834.0,575805.0,0.0
DZ,2021,DZ,Algeria,0,118921.0,3528.0,0.0,0.0,218818.0,6284.0,0.0,0.0,43851043.0,22153808.0,21697235.0,11542954.0,31510100.0,2729325.0,2729325.0,18.411,0.754,9677490.0,6731747.0,6573715.0,7275235.0,5448619.0,3800056.0,2530542.0,1237834.0,575805.0,0.0
DZ,2022,DZ,Algeria,0,51752.0,595.0,0.0,0.0,270570.0,6879.0,0.0,230553.0,43851043.0,22153808.0,21697235.0,11542954.0,31510100.0,2729325.0,2729325.0,18.411,0.754,9677490.0,6731747.0,6573715.0,7275235.0,5448619.0,3800056.0,2530542.0,1237834.0,575805.0,0.0
EC,2020,EC,Ecuador,0,213378.0,14051.0,0.0,695311.0,213378.0,14051.0,0.0,708824.0,17643060.0,8823827.0,8819233.0,6256951.0,11116711.0,2946158.0,4793906.0,71.038,0.746,3277730.0,3115985.0,3036188.0,2592839.0,2088240.0,1591139.0,1087738.0,570124.0,283077.0,39.40988694704887
EC,2021,EC,Ecuador,0,336040.0,19630.0,0.0,1338047.0,549418.0,33681.0,0.0,2048815.0,17643060.0,8823827.0,8819233.0,6256951.0,11116711.0,2946158.0,4793906.0,71.038,0.746,3277730.0,3115985.0,3036188.0,2592839.0,2088240.0,1591139.0,1087738.0,570124.0,283077.0,75.83984864303585
EC,2022,EC,Ecuador,0,450419.0,2203.0,0.0,821870.0,999837.0,35884.0,0.0,2870685.0,17643060.0,8823827.0,8819233.0,6256951.0,11116711.0,2946158.0,4793906.0,71.038,0.746,3277730.0,3115985.0,3036188.0,2592839.0,2088240.0,1591139.0,1087738.0,570124.0,283077.0,46.58318908397977
EE,2020,EE,Estonia,0,28428.0,241.0,0.0,638401.0,28428.0,241.0,0.0,638401.0,1324820.0,625635.0,699185.0,410566.0,916024.0,441321.0,3137690.0,30.4,0.892,144911.0,133739.0,152825.0,192519.0,182048.0,171824.0,162450.0,109787.0,74717.0,481.8775380806449
EE,2021,EE,Estonia,0,214114.0,1697.0,0.0,1890055.0,242542.0,1938.0,0.0,2528456.0,1324820.0,625635.0,699185.0,410566.0,916024.0,441321.0,3137690.0,30.4,0.892,144911.0,133739.0,152825.0,192519.0,182048.0,171824.0,162450.0,109787.0,74717.0,1426.650412886279
EE,2022,EE,Estonia,0,357177.0,723.0,0.0,972154.0,599719.0,2661.0,0.0,3500610.0,1324820.0,625635.0,699185.0,410566.0,916024.0,441321.0,3137690.0,30.4,0.892,144911.0,133739.0,152825.0,192519.0,182048.0,171824.0,162450.0,109787.0,74717.0,733.8008182243626
EG,2020,EG,Egypt,0,139471.0,7687.0,0.0,0.0,139471.0,7687.0,0.0,0.0,102334403.0,51702862.0,50631541.0,57492249.0,42895824.0,20484965.0,25667415.0,102.802,0.696,25028540.0,18385431.0,16511130.0,15198349.0,10948602.0,7844892.0,5122657.0,2530980.0,763822.0,0.0
EG,2021,EG,Egypt,0,246887.0,14081.0,0.0,0.0,386358.0,21768.0,0.0,0.0,102334403.0,51702862.0,50631541.0,57492249.0,42895824.0,20484965.0,25667415.0,102.802,0.696,25028540.0,18385431.0,16511130.0,15198349.0,10948602.0,7844892.0,5122657.0,2530980.0,763822.0,0.0
EG,2022,EG,Egypt,0,128990.0,3028.0,0.0,0.0,515348.0,24796.0,0.0,11954884.0,102334403.0,51702862.0,50631541.0,57492249.0,42895824.0,20484965.0,25667415.0,102.802,0.696,25028540.0,18385431.0,16511130.0,15198349.0,10948602.0,7844892.0,5122657.0,2530980.0,763822.0,0.0
EH,2022,EH,Western Sahara,0,0.0,0.0,0.0,0.0,0.0,0.0,0.0,3943.0,597330.0,312260.0,285070.0,1758851.0,3850231.0,2159137.0,3137690.0,2.246,0.735,112594.0,98369.0,104985.0,108715.0,82794.0,51951.0,28374.0,7612.0,1936.0,0.0
ER,2020,ER,Eritrea,0,1320.0,3.0,0.0,0.0,1320.0,3.0,0.0,0.0,3546427.0,1777548.0,1768879.0,1758851.0,3850231.0,2159137.0,3137690.0,35.113,0.44,971770.0,860625.0,572236.0,460764.0,280842.0,171950.0,128327.0,77082.0,22831.0,0.0
ER,2021,ER,Eritrea,0,6706.0,73.0,0.0,0.0,8026.0,76.0,0.0,0.0,3546427.0,1777548.0,1768879.0,1758851.0,3850231.0,2159137.0,3137690.0,35.113,0.44,971770.0,860625.0,572236.0,460764.0,280842.0,171950.0,128327.0,77082.0,22831.0,0.0
ER,2022,ER,Eritrea,0,2137.0,27.0,0.0,0.0,10163.0,103.0,0.0,23693.0,3546427.0,1777548.0,1768879.0,1758851.0,3850231.0,2159137.0,3137690.0,35.113,0.44,971770.0,860625.0,572236.0,460764.0,280842.0,171950.0,128327.0,77082.0,22831.0,0.0
ES,2020,ES,Spain,0,1991951.0,54580.0,0.0,0.0,1991951.0,54580.0,0.0,0.0,46937060.0,23009259.0,23927801.0,9149372.0,37927409.0,6559041.0,12100168.0,93.1,0.876,4424389.0,4837889.0,4813442.0,6238063.0,7796721.0,6913603.0,5213631.0,3818438.0,2880884.0,0.0
ES,2021,ES,Spain,0,4770015.0,36683.0,0.0,0.0,6761966.0,91263.0,0.0,0.0,46937060.0,23009259.0,23927801.0,9149372.0,37927409.0,6559041.0,12100168.0,93.1,0.876,4424389.0,4837889.0,4813442.0,6238063.0,7796721.0,6913603.0,5213631.0,3818438.0,2880884.0,0.0
ES,2022,ES,Spain,0,6621044.0,21831.0,0.0,0.0,13374116.0,113279.0,0.0,0.0,46937060.0,23009259.0,23927801.0,9149372.0,37927409.0,6559041.0,12100168.0,93.1,0.876,4424389.0,4837889.0,4813442.0,6238063.0,7796721.0,6913603.0,5213631.0,3818438.0,2880884.0,0.0
ET,2020,ET,Ethiopia,0,124652.0,1937.0,0.0,1805236.0,124652.0,1937.0,0.0,1806046.0,114963583.0,57516835.0,57446748.0,88290020.0,23788710.0,4591983.0,4591983.0,114.964,0.463,32037548.0,26828994.0,21439045.0,13792878.0,9038653.0,5704066.0,3624554.0,1929368.0,568477.0,15.702676907695196
ET,2021,ET,Ethiopia,0,299688.0,5010.0,0.0,1721469.0,424340.0,6947.0,0.0,4112267.0,114963583.0,57516835.0,57446748.0,88290020.0,23788710.0,4591983.0,4591983.0,114.964,0.463,32037548.0,26828994.0,21439045.0,13792878.0,9038653.0,5704066.0,3624554.0,1929368.0,568477.0,14.97403747411039
ET,2022,ET,Ethiopia,0,69027.0,625.0,0.0,58424.0,493367.0,7572.0,0.0,5024643.0,114963583.0,57516835.0,57446748.0,88290020.0,23788710.0,4591983.0,4591983.0,114.964,0.463,32037548.0,26828994.0,21439045.0,13792878.0,9038653.0,5704066.0,3624554.0,1929368.0,568477.0,0.5081957127240893
FI,2020,FI,Finland,0,36965.0,601.0,0.0,2512010.0,36107.0,601.0,0.0,2512010.0,5517919.0,2723290.0,2794629.0,803426.0,4716888.0,1292232.0,1292232.0,18.1,0.883,576696.0,601705.0,675248.0,706147.0,657943.0,732782.0,724769.0,539919.0,302710.0,455.2458997676479
FI,2021,FI,Finland,0,224544.0,1157.0,0.0,6251221.0,260292.0,1758.0,0.0,8763231.0,5517919.0,2723290.0,2794629.0,803426.0,4716888.0,1292232.0,1292232.0,18.1,0.883,576696.0,601705.0,675248.0,706147.0,657943.0,732782.0,724769.0,539919.0,302710.0,1132.8946655432962
FI,2022,FI,Finland,0,1169266.0,4100.0,0.0,2275659.0,1277473.0,5858.0,0.0,11038890.0,5517919.0,2723290.0,2794629.0,803426.0,4716888.0,1292232.0,1292232.0,18.1,0.883,576696.0,601705.0,675248.0,706147.0,657943.0,732782.0,724769.0,539919.0,302710.0,412.41254175713703
FJ,2020,FJ,Fiji,0,49.0,2.0,0.0,17060.0,49.0,2.0,0.0,21365.0,896444.0,454018.0,442426.0,384905.0,505048.0,2159137.0,3137690.0,49.066,0.741,177140.0,158135.0,141945.0,134954.0,106523.0,91437.0,57119.0,23633.0,5558.0,19.03074815604767
FJ,2021,FJ,Fiji,0,53842.0,696.0,0.0,385028.0,53891.0,698.0,0.0,468972.0,896444.0,454018.0,442426.0,384905.0,505048.0,2159137.0,3137690.0,49.066,0.741,177140.0,158135.0,141945.0,134954.0,106523.0,91437.0,57119.0,23633.0,5558.0,429.5059144798783
FJ,2022,FJ,Fiji,0,14316.0,180.0,0.0,0.0,68207.0,878.0,0.0,558519.0,896444.0,454018.0,442426.0,384905.0,505048.0,2159137.0,3137690.0,49.066,0.741,177140.0,158135.0,141945.0,134954.0,106523.0,91437.0,57119.0,23633.0,5558.0,0.0
FK,2020,FK,Falkland Islands,0,29.0,0.0,0.0,0.0,29.0,0.0,0.0,0.0,3483.0,1385.0,1296.0,1758851.0,3850231.0,2159137.0,3137690.0,0.286,0.735,414.0,270.0,311.0,314.0,319.0,337.0,316.0,273.0,126.0,0.0
FK,2021,FK,Falkland Islands,0,53.0,0.0,0.0,0.0,82.0,0.0,0.0,0.0,3483.0,1385.0,1296.0,1758851.0,3850231.0,2159137.0,3137690.0,0.286,0.735,414.0,270.0,311.0,314.0,319.0,337.0,316.0,273.0,126.0,0.0
FK,2022,FK,Falkland Islands,0,1804.0,0.0,0.0,0.0,1886.0,0.0,0.0,0.0,3483.0,1385.0,1296.0,1758851.0,3850231.0,2159137.0,3137690.0,0.286,0.735,414.0,270.0,311.0,314.0,319.0,337.0,316.0,273.0,126.0,0.0
FM,2020,FM,Micronesia,0,0.0,0.0,0.0,0.0,0.0,0.0,0.0,0.0,115021.0,58480.0,56541.0,87852.0,25963.0,2159137.0,3137690.0,164.316,0.735,24048.0,23299.0,22348.0,15088.0,11429.0,9785.0,6732.0,1929.0,363.0,0.0
FM,2021,FM,Micronesia,0,9.0,0.0,0.0,0.0,9.0,0.0,0.0,0.0,115021.0,58480.0,56541.0,87852.0,25963.0,2159137.0,3137690.0,164.316,0.735,24048.0,23299.0,22348.0,15088.0,11429.0,9785.0,6732.0,1929.0,363.0,0.0
FM,2022,FM,Micronesia,0,10256.0,30.0,0.0,0.0,9933.0,30.0,0.0,0.0,115021.0,58480.0,56541.0,87852.0,25963.0,2159137.0,3137690.0,164.316,0.735,24048.0,23299.0,22348.0,15088.0,11429.0,9785.0,6732.0,1929.0,363.0,0.0
FO,2020,FO,Faroe Islands,0,613.0,0.0,0.0,0.0,613.0,0.0,0.0,0.0,48865.0,27785.0,25775.0,28124.0,20554.0,2159137.0,3137690.0,35.004,0.735,7165.0,7068.0,7773.0,6229.0,6056.0,6837.0,5844.0,4321.0,2267.0,0.0
FO,2021,FO,Faroe Islands,0,5473.0,14.0,0.0,0.0,6086.0,14.0,0.0,641176.0,48865.0,27785.0,25775.0,28124.0,20554.0,2159137.0,3137690.0,35.004,0.735,7165.0,7068.0,7773.0,6229.0,6056.0,6837.0,5844.0,4321.0,2267.0,0.0
FO,2022,FO,Faroe Islands,0,28572.0,14.0,0.0,7060.0,34658.0,28.0,0.0,777845.0,48865.0,27785.0,25775.0,28124.0,20554.0,2159137.0,3137690.0,35.004,0.735,7165.0,7068.0,7773.0,6229.0,6056.0,6837.0,5844.0,4321.0,2267.0,144.47968893891334
FR,2020,FR,France,0,2622023.0,44853.0,25918163.0,36227201.0,2617683.0,44852.0,25918163.0,36227201.0,67012883.0,32386507.0,34626376.0,12936523.0,54123364.0,10958187.0,15324817.0,105.6,0.901,7864258.0,8319867.0,7526449.0,8298645.0,8663535.0,8788270.0,7999231.0,5445963.0,4106665.0,540.6005439282472
FR,2021,FR,France,0,7716636.0,55532.0,130643886.0,160164368.0,3558022.0,123741.0,156562049.0,196391569.0,67012883.0,32386507.0,34626376.0,12936523.0,54123364.0,10958187.0,15324817.0,105.6,0.901,7864258.0,8319867.0,7526449.0,8298645.0,8663535.0,8788270.0,7999231.0,5445963.0,4106665.0,2390.0533871972048
FR,2022,FR,France,0,24864498.0,30903.0,78022091.0,82056386.0,33766090.0,154644.0,234584140.0,278234000.0,67012883.0,32386507.0,34626376.0,12936523.0,54123364.0,10958187.0,15324817.0,105.6,0.901,7864258.0,8319867.0,7526449.0,8298645.0,8663535.0,8788270.0,7999231.0,5445963.0,4106665.0,1224.4867304097334
GA,2020,GA,Gabon,0,9571.0,64.0,0.0,0.0,9571.0,64.0,0.0,0.0,2225728.0,1132854.0,1092874.0,222885.0,1949694.0,823870.0,3137690.0,8.638,0.702,600006.0,422770.0,367413.0,350066.0,232164.0,134152.0,71303.0,36693.0,11161.0,0.0
GA,2021,GA,Gabon,0,32227.0,224.0,0.0,91730.0,41798.0,288.0,0.0,1394773.0,2225728.0,1132854.0,1092874.0,222885.0,1949694.0,823870.0,3137690.0,8.638,0.702,600006.0,422770.0,367413.0,350066.0,232164.0,134152.0,71303.0,36693.0,11161.0,41.21348161140984
GA,2022,GA,Gabon,0,6870.0,18.0,0.0,2256.0,48668.0,306.0,0.0,1599902.0,2225728.0,1132854.0,1092874.0,222885.0,1949694.0,823870.0,3137690.0,8.638,0.702,600006.0,422770.0,367413.0,350066.0,232164.0,134152.0,71303.0,36693.0,11161.0,1.0136009431520832
GB,2020,GB,United Kingdom,0,2689670.0,76724.0,0.0,54242039.0,2689670.0,76724.0,0.0,55406379.0,66647112.0,32901036.0,33746076.0,10926089.0,55908316.0,9176530.0,18018197.0,273.8,0.922,8031553.0,7570117.0,8697520.0,8872959.0,8465444.0,9020629.0,7101044.0,5567890.0,3319956.0,813.8693091457586
GB,2021,GB,United Kingdom,0,11176985.0,73561.0,0.0,331197492.0,13866655.0,150285.0,0.0,407981020.0,66647112.0,32901036.0,33746076.0,10926089.0,55908316.0,9176530.0,18018197.0,273.8,0.922,8031553.0,7570117.0,8697520.0,8872959.0,8465444.0,9020629.0,7101044.0,5567890.0,3319956.0,4969.420010277415
GB,2022,GB,United Kingdom,0,9687864.0,38745.0,0.0,105116329.0,23554971.0,189026.0,0.0,523004361.0,66647112.0,32901036.0,33746076.0,10926089.0,55908316.0,9176530.0,18018197.0,273.8,0.922,8031553.0,7570117.0,8697520.0,8872959.0,8465444.0,9020629.0,7101044.0,5567890.0,3319956.0,1577.2075615219455
GD,2020,GD,Grenada,0,128.0,0.0,0.0,0.0,128.0,0.0,0.0,0.0,112519.0,56666.0,55853.0,71238.0,40765.0,2159137.0,3137690.0,330.938,0.772,18131.0,16137.0,18289.0,18210.0,12871.0,12145.0,9576.0,4788.0,2372.0,0.0
GD,2021,GD,Grenada,0,6053.0,200.0,0.0,0.0,6181.0,200.0,0.0,0.0,112519.0,56666.0,55853.0,71238.0,40765.0,2159137.0,3137690.0,330.938,0.772,18131.0,16137.0,18289.0,18210.0,12871.0,12145.0,9576.0,4788.0,2372.0,0.0
GD,2022,GD,Grenada,0,13292.0,36.0,0.0,3187.0,19473.0,236.0,0.0,169195.0,112519.0,56666.0,55853.0,71238.0,40765.0,2159137.0,3137690.0,330.938,0.772,18131.0,16137.0,18289.0,18210.0,12871.0,12145.0,9576.0,4788.0,2372.0,28.324105262222382
GE,2020,GE,Georgia,0,228752.0,2572.0,0.0,379399.0,228752.0,2572.0,0.0,379399.0,3989175.0,1901227.0,2087947.0,1523906.0,2196476.0,1077346.0,1077346.0,57.406,0.735,553163.0,471057.0,500698.0,565076.0,517946.0,523623.0,459858.0,248786.0,148968.0,95.1071336805229
GE,2021,GE,Georgia,0,708888.0,11333.0,0.0,10799572.0,937640.0,13905.0,0.0,11178971.0,3989175.0,1901227.0,2087947.0,1523906.0,2196476.0,1077346.0,1077346.0,57.406,0.735,553163.0,471057.0,500698.0,565076.0,517946.0,523623.0,459858.0,248786.0,148968.0,2707.2194125351734
GE,2022,GE,Georgia,0,824566.0,2995.0,0.0,2473534.0,1762206.0,16900.0,0.0,13652505.0,3989175.0,1901227.0,2087947.0,1523906.0,2196476.0,1077346.0,1077346.0,57.406,0.735,553163.0,471057.0,500698.0,565076.0,517946.0,523623.0,459858.0,248786.0,148968.0,620.061541546811
GF,2020,GF,French Guiana,0,13273.0,71.0,0.0,0.0,13273.0,71.0,0.0,0.0,298682.0,147750.0,150932.0,1758851.0,3850231.0,2159137.0,3137690.0,3.634,0.735,66121.0,57553.0,46109.0,38719.0,36990.0,26711.0,17226.0,7222.0,2031.0,0.0
GF,2021,GF,French Guiana,0,35664.0,268.0,0.0,0.0,48937.0,339.0,0.0,0.0,298682.0,147750.0,150932.0,1758851.0,3850231.0,2159137.0,3137690.0,3.634,0.735,66121.0,57553.0,46109.0,38719.0,36990.0,26711.0,17226.0,7222.0,2031.0,0.0
GF,2022,GF,French Guiana,0,44900.0,70.0,0.0,0.0,93837.0,409.0,0.0,0.0,298682.0,147750.0,150932.0,1758851.0,3850231.0,2159137.0,3137690.0,3.634,0.735,66121.0,57553.0,46109.0,38719.0,36990.0,26711.0,17226.0,7222.0,2031.0,0.0
GG,2020,GG,Guernsey,0,299.0,16.0,0.0,0.0,299.0,16.0,0.0,0.0,63276.0,28003.0,28368.0,1758851.0,3850231.0,2159137.0,3137690.0,92.85499999999999,0.735,5407.0,5513.0,6844.0,7366.0,7524.0,8677.0,6759.0,5038.0,3243.0,0.0
GG,2021,GG,Guernsey,0,8030.0,8.0,0.0,0.0,8329.0,24.0,0.0,0.0,63276.0,28003.0,28368.0,1758851.0,3850231.0,2159137.0,3137690.0,92.85499999999999,0.735,5407.0,5513.0,6844.0,7366.0,7524.0,8677.0,6759.0,5038.0,3243.0,0.0
GG,2022,GG,Guernsey,0,22663.0,38.0,0.0,0.0,30992.0,62.0,0.0,0.0,63276.0,28003.0,28368.0,1758851.0,3850231.0,2159137.0,3137690.0,92.85499999999999,0.735,5407.0,5513.0,6844.0,7366.0,7524.0,8677.0,6759.0,5038.0,3243.0,0.0
GH,2020,GH,Ghana,0,55168.0,335.0,0.0,532027.0,55168.0,335.0,0.0,672364.0,31072945.0,15749999.0,15322946.0,13168802.0,17249054.0,3205586.0,5680794.0,136.56,0.592,8057871.0,6616721.0,5398591.0,4190418.0,3031250.0,2134979.0,1091067.0,456790.0,95258.0,17.12187241988167
GH,2021,GH,Ghana,0,92911.0,978.0,0.0,775321.0,148079.0,1313.0,0.0,2142004.0,31072945.0,15749999.0,15322946.0,13168802.0,17249054.0,3205586.0,5680794.0,136.56,0.592,8057871.0,6616721.0,5398591.0,4190418.0,3031250.0,2134979.0,1091067.0,456790.0,95258.0,24.951642015264405
GH,2022,GH,Ghana,0,20537.0,146.0,0.0,17669.0,168616.0,1459.0,0.0,2465238.0,31072945.0,15749999.0,15322946.0,13168802.0,17249054.0,3205586.0,5680794.0,136.56,0.592,8057871.0,6616721.0,5398591.0,4190418.0,3031250.0,2134979.0,1091067.0,456790.0,95258.0,0.5686297195196657
GI,2020,GI,Gibraltar,0,2032.0,7.0,0.0,0.0,2032.0,7.0,0.0,0.0,33691.0,17279.0,17225.0,0.0,33701.0,2159137.0,3137690.0,3369.1,0.735,4658.0,4385.0,5133.0,5068.0,4573.0,3222.0,3350.0,2640.0,1475.0,0.0
GI,2021,GI,Gibraltar,0,6762.0,93.0,0.0,0.0,8794.0,100.0,0.0,0.0,33691.0,17279.0,17225.0,0.0,33701.0,2159137.0,3137690.0,3369.1,0.735,4658.0,4385.0,5133.0,5068.0,4573.0,3222.0,3350.0,2640.0,1475.0,0.0
GI,2022,GI,Gibraltar,0,11275.0,8.0,0.0,514.0,20069.0,108.0,0.0,533268.0,33691.0,17279.0,17225.0,0.0,33701.0,2159137.0,3137690.0,3369.1,0.735,4658.0,4385.0,5133.0,5068.0,4573.0,3222.0,3350.0,2640.0,1475.0,15.256299902050992
GL,2020,GL,Greenland,0,27.0,0.0,0.0,0.0,27.0,0.0,0.0,0.0,56772.0,25310.0,24138.0,7280.0,48945.0,2159137.0,3137690.0,0.138,0.735,6847.0,6865.0,7738.0,6648.0,4838.0,8106.0,5267.0,2337.0,803.0,0.0
GL,2021,GL,Greenland,0,2589.0,1.0,0.0,0.0,2616.0,1.0,0.0,0.0,56772.0,25310.0,24138.0,7280.0,48945.0,2159137.0,3137690.0,0.138,0.735,6847.0,6865.0,7738.0,6648.0,4838.0,8106.0,5267.0,2337.0,803.0,0.0
GL,2022,GL,Greenland,0,9355.0,20.0,0.0,0.0,11971.0,21.0,0.0,0.0,56772.0,25310.0,24138.0,7280.0,48945.0,2159137.0,3137690.0,0.138,0.735,6847.0,6865.0,7738.0,6648.0,4838.0,8106.0,5267.0,2337.0,803.0,0.0
GM,2020,GM,Gambia,0,3802.0,124.0,0.0,0.0,3802.0,124.0,0.0,0.0,2416664.0,1198540.0,1218124.0,893748.0,1453958.0,443428.0,3137690.0,238.801,0.46,762310.0,556857.0,429179.0,283131.0,174067.0,115911.0,59281.0,30008.0,5920.0,0.0
GM,2021,GM,Gambia,0,6692.0,219.0,0.0,0.0,10494.0,343.0,0.0,132861.0,2416664.0,1198540.0,1218124.0,893748.0,1453958.0,443428.0,3137690.0,238.801,0.46,762310.0,556857.0,429179.0,283131.0,174067.0,115911.0,59281.0,30008.0,5920.0,0.0
GM,2022,GM,Gambia,0,1921.0,29.0,0.0,0.0,12415.0,372.0,0.0,155686.0,2416664.0,1198540.0,1218124.0,893748.0,1453958.0,443428.0,3137690.0,238.801,0.46,762310.0,556857.0,429179.0,283131.0,174067.0,115911.0,59281.0,30008.0,5920.0,0.0
GN,2020,GN,Guinea,0,13784.0,81.0,0.0,0.0,13784.0,81.0,0.0,0.0,13132792.0,6353234.0,6779558.0,8109741.0,4661505.0,1889233.0,1889233.0,53.446,0.459,3965624.0,3199454.0,2365739.0,1470866.0,898439.0,614524.0,408149.0,171250.0,38747.0,0.0
GN,2021,GN,Guinea,0,19083.0,310.0,0.0,0.0,32867.0,391.0,0.0,0.0,13132792.0,6353234.0,6779558.0,8109741.0,4661505.0,1889233.0,1889233.0,53.446,0.459,3965624.0,3199454.0,2365739.0,1470866.0,898439.0,614524.0,408149.0,171250.0,38747.0,0.0
GN,2022,GN,Guinea,0,4785.0,58.0,0.0,0.0,37652.0,449.0,0.0,708410.0,13132792.0,6353234.0,6779558.0,8109741.0,4661505.0,1889233.0,1889233.0,53.446,0.459,3965624.0,3199454.0,2365739.0,1470866.0,898439.0,614524.0,408149.0,171250.0,38747.0,0.0
GQ,2020,GQ,Equatorial Guinea,0,5277.0,86.0,0.0,0.0,5277.0,86.0,0.0,0.0,1402985.0,780380.0,622605.0,371174.0,984812.0,395403.0,3137690.0,50.017,0.591,371663.0,265297.0,286385.0,248981.0,115362.0,62217.0,34879.0,14721.0,3480.0,0.0
GQ,2021,GQ,Equatorial Guinea,0,8433.0,89.0,0.0,16919.0,13710.0,175.0,0.0,267432.0,1402985.0,780380.0,622605.0,371174.0,984812.0,395403.0,3137690.0,50.017,0.591,371663.0,265297.0,286385.0,248981.0,115362.0,62217.0,34879.0,14721.0,3480.0,12.059287875494038
GQ,2022,GQ,Equatorial Guinea,0,3184.0,8.0,0.0,501.0,16894.0,183.0,0.0,484554.0,1402985.0,780380.0,622605.0,371174.0,984812.0,395403.0,3137690.0,50.017,0.591,371663.0,265297.0,286385.0,248981.0,115362.0,62217.0,34879.0,14721.0,3480.0,0.35709576367530654
GR,2020,GR,Greece,0,139447.0,4881.0,0.0,2962080.0,139447.0,4881.0,0.0,3411127.0,10724599.0,5208293.0,5516306.0,2208848.0,8507474.0,3154152.0,3154152.0,82.5,0.865,994709.0,1088503.0,1121294.0,1375885.0,1608239.0,1500790.0,1278758.0,995987.0,760434.0,276.1949421139196
GR,2021,GR,Greece,0,1101415.0,15968.0,0.0,33462493.0,1240862.0,20849.0,0.0,47750471.0,10724599.0,5208293.0,5516306.0,2208848.0,8507474.0,3154152.0,3154152.0,82.5,0.865,994709.0,1088503.0,1121294.0,1375885.0,1608239.0,1500790.0,1278758.0,995987.0,760434.0,3120.162627991965
GR,2022,GR,Greece,0,3597949.0,12045.0,0.0,12136822.0,4838811.0,32894.0,0.0,84483362.0,10724599.0,5208293.0,5516306.0,2208848.0,8507474.0,3154152.0,3154152.0,82.5,0.865,994709.0,1088503.0,1121294.0,1375885.0,1608239.0,1500790.0,1278758.0,995987.0,760434.0,1131.680727643057
GT,2020,GT,Guatemala,0,138236.0,4820.0,0.0,610355.0,138236.0,4820.0,0.0,610355.0,17915567.0,8827109.0,9088458.0,8063081.0,8540945.0,2891230.0,2891230.0,167.185,0.627,4047467.0,3871605.0,3413159.0,2532064.0,1701993.0,1053817.0,718852.0,382507.0,194103.0,34.06841658988521
GT,2021,GT,Guatemala,0,490123.0,11287.0,0.0,2671594.0,628359.0,16107.0,0.0,3281949.0,17915567.0,8827109.0,9088458.0,8063081.0,8540945.0,2891230.0,2891230.0,167.185,0.627,4047467.0,3871605.0,3413159.0,2532064.0,1701993.0,1053817.0,718852.0,382507.0,194103.0,149.12137584035156
GT,2022,GT,Guatemala,0,484191.0,3577.0,0.0,785826.0,1112550.0,19684.0,0.0,4067775.0,17915567.0,8827109.0,9088458.0,8063081.0,8540945.0,2891230.0,2891230.0,167.185,0.627,4047467.0,3871605.0,3413159.0,2532064.0,1701993.0,1053817.0,718852.0,382507.0,194103.0,43.862747966614734
GU,2020,GU,Guam,0,7148.0,122.0,0.0,81171.0,7148.0,122.0,0.0,81171.0,168783.0,85140.0,83643.0,8601.0,158693.0,2159137.0,3137690.0,312.561,0.735,26980.0,27161.0,27031.0,21835.0,19936.0,20164.0,14331.0,7781.0,3564.0,480.9192868950072
GU,2021,GU,Guam,0,8204.0,148.0,0.0,132995.0,15352.0,270.0,0.0,214166.0,168783.0,85140.0,83643.0,8601.0,158693.0,2159137.0,3137690.0,312.561,0.735,26980.0,27161.0,27031.0,21835.0,19936.0,20164.0,14331.0,7781.0,3564.0,787.9644276971022
GU,2022,GU,Guam,0,33317.0,124.0,0.0,109350.0,48669.0,394.0,0.0,323516.0,168783.0,85140.0,83643.0,8601.0,158693.0,2159137.0,3137690.0,312.561,0.735,26980.0,27161.0,27031.0,21835.0,19936.0,20164.0,14331.0,7781.0,3564.0,647.8733047759549
GW,2020,GW,Guinea-Bissau,0,2452.0,45.0,0.0,0.0,2452.0,45.0,0.0,0.0,1967998.0,962695.0,1005303.0,1080000.0,840922.0,578829.0,3137690.0,69.986,0.455,582349.0,450029.0,342384.0,254506.0,156575.0,92188.0,60416.0,24637.0,4914.0,0.0
GW,2021,GW,Guinea-Bissau,0,4047.0,104.0,0.0,0.0,6499.0,149.0,0.0,0.0,1967998.0,962695.0,1005303.0,1080000.0,840922.0,578829.0,3137690.0,69.986,0.455,582349.0,450029.0,342384.0,254506.0,156575.0,92188.0,60416.0,24637.0,4914.0,0.0
GW,2022,GW,Guinea-Bissau,0,2297.0,26.0,0.0,390.0,8796.0,175.0,0.0,142948.0,1967998.0,962695.0,1005303.0,1080000.0,840922.0,578829.0,3137690.0,69.986,0.455,582349.0,450029.0,342384.0,254506.0,156575.0,92188.0,60416.0,24637.0,4914.0,0.19817093310054176
GY,2020,GY,Guyana,0,6332.0,164.0,0.0,0.0,6332.0,164.0,0.0,38548.0,786559.0,395549.0,391010.0,573854.0,208912.0,2159137.0,3137690.0,3.996,0.654,147628.0,145351.0,145306.0,93109.0,90525.0,79337.0,51356.0,22940.0,11007.0,0.0
GY,2021,GY,Guyana,0,33241.0,890.0,0.0,0.0,39573.0,1054.0,0.0,387266.0,786559.0,395549.0,391010.0,573854.0,208912.0,2159137.0,3137690.0,3.996,0.654,147628.0,145351.0,145306.0,93109.0,90525.0,79337.0,51356.0,22940.0,11007.0,0.0
GY,2022,GY,Guyana,0,31636.0,225.0,0.0,0.0,71209.0,1279.0,0.0,442695.0,786559.0,395549.0,391010.0,573854.0,208912.0,2159137.0,3137690.0,3.996,0.654,147628.0,145351.0,145306.0,93109.0,90525.0,79337.0,51356.0,22940.0,11007.0,0.0
HK,2020,HK,Hong Kong,0,8847.0,181.0,0.0,0.0,8847.0,181.0,0.0,5809821.0,7496988.0,3439666.0,4057322.0,0.0,7507400.0,7490776.0,7490776.0,7139.989,0.933,664195.0,552659.0,867629.0,1122165.0,1129130.0,1207906.0,1048881.0,525084.0,379339.0,0.0
HK,2021,HK,Hong Kong,0,3808.0,32.0,0.0,0.0,12655.0,213.0,0.0,30289486.0,7496988.0,3439666.0,4057322.0,0.0,7507400.0,7490776.0,7490776.0,7139.989,0.933,664195.0,552659.0,867629.0,1122165.0,1129130.0,1207906.0,1048881.0,525084.0,379339.0,0.0
HK,2022,HK,Hong Kong,0,2786.0,3.0,0.0,0.0,15441.0,216.0,0.0,49426686.0,7496988.0,3439666.0,4057322.0,0.0,7507400.0,7490776.0,7490776.0,7139.989,0.933,664195.0,552659.0,867629.0,1122165.0,1129130.0,1207906.0,1048881.0,525084.0,379339.0,0.0
HN,2020,HN,Honduras,0,122763.0,3141.0,0.0,0.0,122763.0,3141.0,0.0,0.0,9904608.0,4948880.0,4955728.0,4119684.0,5626433.0,1403162.0,1403162.0,88.521,0.606,2005992.0,2064638.0,1905418.0,1470937.0,1047736.0,680011.0,420078.0,205311.0,104487.0,0.0
HN,2021,HN,Honduras,0,256779.0,7293.0,0.0,0.0,379542.0,10434.0,0.0,0.0,9904608.0,4948880.0,4955728.0,4119684.0,5626433.0,1403162.0,1403162.0,88.521,0.606,2005992.0,2064638.0,1905418.0,1470937.0,1047736.0,680011.0,420078.0,205311.0,104487.0,0.0
HN,2022,HN,Honduras,0,76127.0,555.0,0.0,0.0,455669.0,10989.0,0.0,0.0,9904608.0,4948880.0,4955728.0,4119684.0,5626433.0,1403162.0,1403162.0,88.521,0.606,2005992.0,2064638.0,1905418.0,1470937.0,1047736.0,680011.0,420078.0,205311.0,104487.0,0.0
HR,2020,HR,Croatia,0,212007.0,3961.0,0.0,983152.0,212007.0,3961.0,0.0,1024740.0,4076246.0,1972572.0,2103674.0,1739182.0,2328318.0,685233.0,3137690.0,73.2,0.831,387321.0,404914.0,479988.0,544058.0,542154.0,581554.0,560437.0,358187.0,217633.0,241.1905463998002
HR,2021,HR,Croatia,0,508531.0,8610.0,0.0,1435721.0,720538.0,12571.0,0.0,3757416.0,4076246.0,1972572.0,2103674.0,1739182.0,2328318.0,685233.0,3137690.0,73.2,0.831,387321.0,404914.0,479988.0,544058.0,542154.0,581554.0,560437.0,358187.0,217633.0,352.2164756494088
HR,2022,HR,Croatia,0,501469.0,4246.0,0.0,307282.0,1222007.0,16817.0,0.0,4922712.0,4076246.0,1972572.0,2103674.0,1739182.0,2328318.0,685233.0,3137690.0,73.2,0.831,387321.0,404914.0,479988.0,544058.0,542154.0,581554.0,560437.0,358187.0,217633.0,75.38357596671055
HT,2020,HT,Haiti,0,10015.0,236.0,0.0,0.0,10015.0,236.0,0.0,0.0,11402533.0,5626445.0,5776088.0,4934129.0,6328948.0,2704187.0,2704187.0,413.735,0.498,2500779.0,2346529.0,2044457.0,1731656.0,1106487.0,789624.0,523932.0,260215.0,98854.0,0.0
HT,2021,HT,Haiti,0,16240.0,537.0,0.0,0.0,26255.0,773.0,0.0,153254.0,11402533.0,5626445.0,5776088.0,4934129.0,6328948.0,2704187.0,2704187.0,413.735,0.498,2500779.0,2346529.0,2044457.0,1731656.0,1106487.0,789624.0,523932.0,260215.0,98854.0,0.0
HT,2022,HT,Haiti,0,7447.0,84.0,0.0,598.0,33702.0,857.0,0.0,206594.0,11402533.0,5626445.0,5776088.0,4934129.0,6328948.0,2704187.0,2704187.0,413.735,0.498,2500779.0,2346529.0,2044457.0,1731656.0,1106487.0,789624.0,523932.0,260215.0,98854.0,0.05244448755377424
HU,2020,HU,Hungary,0,326688.0,9781.0,0.0,2245155.0,326688.0,9781.0,0.0,2245155.0,9772756.0,4675821.0,5096935.0,2770367.0,6999582.0,1763913.0,1763913.0,107.1,0.828,927784.0,981009.0,1191157.0,1293534.0,1576171.0,1218271.0,1312208.0,839589.0,433033.0,229.73611538034922
HU,2021,HU,Hungary,0,929727.0,29405.0,0.0,6473364.0,1256415.0,39186.0,0.0,8718519.0,9772756.0,4675821.0,5096935.0,2770367.0,6999582.0,1763913.0,1763913.0,107.1,0.828,927784.0,981009.0,1191157.0,1293534.0,1576171.0,1218271.0,1312208.0,839589.0,433033.0,662.3887877687728
HU,2022,HU,Hungary,0,814028.0,8223.0,0.0,2225201.0,2070443.0,47409.0,0.0,10943720.0,9772756.0,4675821.0,5096935.0,2770367.0,6999582.0,1763913.0,1763913.0,107.1,0.828,927784.0,981009.0,1191157.0,1293534.0,1576171.0,1218271.0,1312208.0,839589.0,433033.0,227.6943167311248
ID,2020,ID,Indonesia,0,743202.0,22138.0,611097.0,0.0,743198.0,22138.0,611097.0,0.0,273523621.0,137717861.0,135805760.0,119115844.0,151509724.0,10638689.0,36532764.0,150.987,0.694,47956446.0,46303005.0,43571426.0,41166622.0,37846725.0,29155099.0,17531211.0,7574475.0,2418612.0,0.0
ID,2021,ID,Indonesia,0,3519522.0,121956.0,3503237.0,34639602.0,4262720.0,144094.0,4114334.0,42614359.0,273523621.0,137717861.0,135805760.0,119115844.0,151509724.0,10638689.0,36532764.0,150.987,0.694,47956446.0,46303005.0,43571426.0,41166622.0,37846725.0,29155099.0,17531211.0,7574475.0,2418612.0,126.64208624234321
ID,2022,ID,Indonesia,0,2139966.0,13755.0,2101377.0,16889376.0,6402686.0,157849.0,6215711.0,59503735.0,273523621.0,137717861.0,135805760.0,119115844.0,151509724.0,10638689.0,36532764.0,150.987,0.694,47956446.0,46303005.0,43571426.0,41166622.0,37846725.0,29155099.0,17531211.0,7574475.0,2418612.0,61.747413032383044
IE,2020,IE,Ireland,0,94610.0,2296.0,0.0,2395942.0,94610.0,2296.0,0.0,2402399.0,4904240.0,2428881.0,2475359.0,1808321.0,3133123.0,1214666.0,1214666.0,70.9,0.735,668830.0,658265.0,585903.0,729757.0,725606.0,593152.0,469668.0,309235.0,163824.0,488.5450141102393
IE,2021,IE,Ireland,0,721766.0,3832.0,0.0,7668159.0,816376.0,6128.0,0.0,10070558.0,4904240.0,2428881.0,2475359.0,1808321.0,3133123.0,1214666.0,1214666.0,70.9,0.735,668830.0,658265.0,585903.0,729757.0,725606.0,593152.0,469668.0,309235.0,163824.0,1563.5774350358058
IE,2022,IE,Ireland,0,844259.0,1773.0,0.0,2276755.0,1660635.0,7901.0,0.0,12347313.0,4904240.0,2428881.0,2475359.0,1808321.0,3133123.0,1214666.0,1214666.0,70.9,0.735,668830.0,658265.0,585903.0,729757.0,725606.0,593152.0,469668.0,309235.0,163824.0,464.24216596251404
IL,2020,IL,Israel,0,431544.0,3406.0,0.0,7985356.0,431544.0,3406.0,0.0,7985356.0,8655541.0,4308117.0,4347424.0,678907.0,8374393.0,4096963.0,5237807.0,399.979,0.903,1671096.0,1405063.0,1196975.0,1122245.0,1040177.0,795496.0,703643.0,459660.0,261186.0,922.5715642731055
IL,2021,IL,Israel,0,960146.0,4857.0,0.0,25900932.0,1391690.0,8263.0,0.0,33886288.0,8655541.0,4308117.0,4347424.0,678907.0,8374393.0,4096963.0,5237807.0,399.979,0.903,1671096.0,1405063.0,1196975.0,1122245.0,1040177.0,795496.0,703643.0,459660.0,261186.0,2992.4105263899737
IL,2022,IL,Israel,0,3255182.0,3404.0,0.0,17893726.0,4646872.0,11667.0,0.0,51780014.0,8655541.0,4308117.0,4347424.0,678907.0,8374393.0,4096963.0,5237807.0,399.979,0.903,1671096.0,1405063.0,1196975.0,1122245.0,1040177.0,795496.0,703643.0,459660.0,261186.0,2067.314567627835
IM,2020,IM,Isle of Man,0,382.0,35.0,0.0,0.0,382.0,35.0,0.0,0.0,85032.0,47027.0,46709.0,39979.0,44605.0,2159137.0,3137690.0,149.179,0.735,10146.0,10137.0,10876.0,10570.0,12225.0,14013.0,11359.0,8980.0,5428.0,0.0
IM,2021,IM,Isle of Man,0,15925.0,32.0,0.0,0.0,16307.0,67.0,0.0,0.0,85032.0,47027.0,46709.0,39979.0,44605.0,2159137.0,3137690.0,149.179,0.735,10146.0,10137.0,10876.0,10570.0,12225.0,14013.0,11359.0,8980.0,5428.0,0.0
IM,2022,IM,Isle of Man,0,21701.0,49.0,0.0,0.0,38008.0,116.0,0.0,0.0,85032.0,47027.0,46709.0,39979.0,44605.0,2159137.0,3137690.0,149.179,0.735,10146.0,10137.0,10876.0,10570.0,12225.0,14013.0,11359.0,8980.0,5428.0,0.0
IN,2020,IN,India,0,10305788.0,149218.0,0.0,171039133.0,10305788.0,149218.0,0.0,173111694.0,1380004385.0,717100970.0,662903415.0,895386226.0,471031528.0,29399141.0,214179435.0,464.149,0.64,234861634.0,252201518.0,239902073.0,215636276.0,169660174.0,128132230.0,87150811.0,39175398.0,13284271.0,123.94100689759765
IN,2021,IN,India,0,24583344.0,332552.0,0.0,495819630.0,34889132.0,481770.0,0.0,678989110.0,1380004385.0,717100970.0,662903415.0,895386226.0,471031528.0,29399141.0,214179435.0,464.149,0.64,234861634.0,252201518.0,239902073.0,215636276.0,169660174.0,128132230.0,87150811.0,39175398.0,13284271.0,359.28844530446906
IN,2022,IN,India,0,9627347.0,46480.0,0.0,171939875.0,44516479.0,528250.0,0.0,858526354.0,1380004385.0,717100970.0,662903415.0,895386226.0,471031528.0,29399141.0,214179435.0,464.149,0.64,234861634.0,252201518.0,239902073.0,215636276.0,169660174.0,128132230.0,87150811.0,39175398.0,13284271.0,124.5937164177924
IQ,2020,IQ,Iraq,0,596193.0,12824.0,0.0,3714327.0,596193.0,12824.0,0.0,4511833.0,40222503.0,20357778.0,19864725.0,11526415.0,27783368.0,6974439.0,9877181.0,92.61,0.685,10610230.0,8710757.0,7165590.0,5403683.0,3936620.0,2341152.0,1292393.0,573718.0,188360.0,92.34450178299446
IQ,2021,IQ,Iraq,0,1497698.0,11339.0,0.0,8827210.0,2093891.0,24163.0,0.0,16789447.0,40222503.0,20357778.0,19864725.0,11526415.0,27783368.0,6974439.0,9877181.0,92.61,0.685,10610230.0,8710757.0,7165590.0,5403683.0,3936620.0,2341152.0,1292393.0,573718.0,188360.0,219.45949012670843
IQ,2022,IQ,Iraq,0,364618.0,1185.0,0.0,454814.0,2458509.0,25348.0,0.0,19002710.0,40222503.0,20357778.0,19864725.0,11526415.0,27783368.0,6974439.0,9877181.0,92.61,0.685,10610230.0,8710757.0,7165590.0,5403683.0,3936620.0,2341152.0,1292393.0,573718.0,188360.0,11.307451453232535
IR,2020,IR,Iran,0,1231429.0,55337.0,0.0,4171866.0,1231429.0,55337.0,0.0,7670268.0,83992953.0,42408406.0,41584547.0,20404283.0,62509623.0,9013663.0,21550514.0,51.575,0.798,14565856.0,11747928.0,12342907.0,16739446.0,11655616.0,8295331.0,5396905.0,2354607.0,894357.0,49.66923832288644
IR,2021,IR,Iran,0,4963974.0,76302.0,0.0,11275304.0,6195403.0,131639.0,0.0,42078937.0,83992953.0,42408406.0,41584547.0,20404283.0,62509623.0,9013663.0,21550514.0,51.575,0.798,14565856.0,11747928.0,12342907.0,16739446.0,11655616.0,8295331.0,5396905.0,2354607.0,894357.0,134.2410713908344
IR,2022,IR,Iran,0,1345559.0,12604.0,0.0,2627262.0,7540962.0,144243.0,0.0,52269202.0,83992953.0,42408406.0,41584547.0,20404283.0,62509623.0,9013663.0,21550514.0,51.575,0.798,14565856.0,11747928.0,12342907.0,16739446.0,11655616.0,8295331.0,5396905.0,2354607.0,894357.0,31.279552702474934
IS,2020,IS,Iceland,0,5771.0,29.0,0.0,241496.0,5771.0,29.0,0.0,241496.0,356991.0,182837.0,174154.0,22203.0,339110.0,2159137.0,3137690.0,3.5,0.899,44848.0,44914.0,55484.0,51650.0,45597.0,43927.0,36377.0,21716.0,12478.0,676.4764377813445
IS,2021,IS,Iceland,0,23737.0,8.0,0.0,607838.0,29508.0,37.0,0.0,849334.0,356991.0,182837.0,174154.0,22203.0,339110.0,2159137.0,3137690.0,3.5,0.899,44848.0,44914.0,55484.0,51650.0,45597.0,43927.0,36377.0,21716.0,12478.0,1702.6703754436385
IS,2022,IS,Iceland,0,175776.0,176.0,0.0,524451.0,205284.0,213.0,0.0,1373785.0,356991.0,182837.0,174154.0,22203.0,339110.0,2159137.0,3137690.0,3.5,0.899,44848.0,44914.0,55484.0,51650.0,45597.0,43927.0,36377.0,21716.0,12478.0,1469.0874559862855
IT,2020,IT,Italy,0,2110785.0,74159.0,1463110.0,26594283.0,2107166.0,74159.0,1463111.0,26598607.0,60359546.0,29384766.0,30974780.0,17645430.0,42651966.0,4234019.0,11351117.0,202.9,0.873,5090482.0,5768874.0,6201270.0,7074218.0,9242654.0,9352231.0,7337210.0,5962533.0,4330074.0,440.5977970742192
IT,2021,IT,Italy,0,4008769.0,63243.0,3624186.0,113538999.0,6125683.0,137402.0,5087297.0,140137606.0,60359546.0,29384766.0,30974780.0,17645430.0,42651966.0,4234019.0,11351117.0,202.9,0.873,5090482.0,5768874.0,6201270.0,7074218.0,9242654.0,9352231.0,7337210.0,5962533.0,4330074.0,1881.044615544325
IT,2022,IT,Italy,0,15695415.0,39062.0,16406452.0,104384581.0,22114423.0,176464.0,21493749.0,244522187.0,60359546.0,29384766.0,30974780.0,17645430.0,42651966.0,4234019.0,11351117.0,202.9,0.873,5090482.0,5768874.0,6201270.0,7074218.0,9242654.0,9352231.0,7337210.0,5962533.0,4330074.0,1729.3798233671273
JE,2020,JE,Jersey,0,2766.0,44.0,0.0,0.0,2766.0,44.0,0.0,0.0,105500.0,53600.0,55205.0,1758851.0,3850231.0,2159137.0,3137690.0,92.85499999999999,0.735,12508.0,11599.0,17285.0,16050.0,10505.0,15721.0,12008.0,7982.0,5147.0,0.0
JE,2021,JE,Jersey,0,16989.0,45.0,0.0,0.0,19755.0,89.0,0.0,0.0,105500.0,53600.0,55205.0,1758851.0,3850231.0,2159137.0,3137690.0,92.85499999999999,0.735,12508.0,11599.0,17285.0,16050.0,10505.0,15721.0,12008.0,7982.0,5147.0,0.0
JE,2022,JE,Jersey,0,39515.0,48.0,0.0,0.0,59270.0,137.0,0.0,0.0,105500.0,53600.0,55205.0,1758851.0,3850231.0,2159137.0,3137690.0,92.85499999999999,0.735,12508.0,11599.0,17285.0,16050.0,10505.0,15721.0,12008.0,7982.0,5147.0,0.0
JM,2020,JM,Jamaica,0,12915.0,303.0,0.0,126880.0,12915.0,303.0,0.0,138342.0,2961161.0,1469641.0,1491520.0,1297685.0,1650594.0,589849.0,3137690.0,273.422,0.732,464789.0,466600.0,515496.0,443383.0,357430.0,320533.0,214541.0,119521.0,58868.0,42.84805858242763
JM,2021,JM,Jamaica,0,81734.0,2173.0,0.0,212576.0,94649.0,2476.0,0.0,710661.0,2961161.0,1469641.0,1491520.0,1297685.0,1650594.0,589849.0,3137690.0,273.422,0.732,464789.0,466600.0,515496.0,443383.0,357430.0,320533.0,214541.0,119521.0,58868.0,71.7880588053132
JM,2022,JM,Jamaica,0,56260.0,810.0,0.0,212612.0,150909.0,3286.0,0.0,1124299.0,2961161.0,1469641.0,1491520.0,1297685.0,1650594.0,589849.0,3137690.0,273.422,0.732,464789.0,466600.0,515496.0,443383.0,357430.0,320533.0,214541.0,119521.0,58868.0,71.80021619898412
JO,2020,JO,Jordan,0,295765.0,3851.0,0.0,1445131.0,295765.0,3851.0,0.0,3196868.0,10203140.0,5165979.0,5037161.0,888646.0,9213048.0,2108509.0,2108509.0,114.926,0.735,2212563.0,2179853.0,1802536.0,1490608.0,1141345.0,755591.0,366278.0,190751.0,63615.0,141.63590816160516
JO,2021,JO,Jordan,0,768512.0,8833.0,0.0,5494723.0,1064277.0,12684.0,0.0,13243053.0,10203140.0,5165979.0,5037161.0,888646.0,9213048.0,2108509.0,2108509.0,114.926,0.735,2212563.0,2179853.0,1802536.0,1490608.0,1141345.0,755591.0,366278.0,190751.0,63615.0,538.532549783694
JO,2022,JO,Jordan,0,677979.0,1430.0,0.0,627739.0,1742256.0,14114.0,0.0,16803235.0,10203140.0,5165979.0,5037161.0,888646.0,9213048.0,2108509.0,2108509.0,114.926,0.735,2212563.0,2179853.0,1802536.0,1490608.0,1141345.0,755591.0,366278.0,190751.0,63615.0,61.52409944389668
JP,2020,JP,Japan,0,234268.0,3467.0,0.0,4511789.0,218521.0,3459.0,0.0,4511789.0,126476458.0,61753045.0,64723413.0,10482515.0,115782416.0,37435191.0,81716514.0,346.934,0.919,10179969.0,11267171.0,12147325.0,14455416.0,18473075.0,16541515.0,15875235.0,16185375.0,11351377.0,35.67295504116663
JP,2021,JP,Japan,0,1492875.0,14926.0,0.0,23488248.0,1711396.0,18385.0,0.0,28000037.0,126476458.0,61753045.0,64723413.0,10482515.0,115782416.0,37435191.0,81716514.0,346.934,0.919,10179969.0,11267171.0,12147325.0,14455416.0,18473075.0,16541515.0,15875235.0,16185375.0,11351377.0,185.71241139596114
JP,2022,JP,Japan,0,18156892.0,24954.0,0.0,25504904.0,19868288.0,43339.0,0.0,53504941.0,126476458.0,61753045.0,64723413.0,10482515.0,115782416.0,37435191.0,81716514.0,346.934,0.919,10179969.0,11267171.0,12147325.0,14455416.0,18473075.0,16541515.0,15875235.0,16185375.0,11351377.0,201.6573234522428
KE,2020,KE,Kenya,0,96614.0,1681.0,0.0,571950.0,96614.0,1681.0,0.0,1041679.0,53771300.0,26718527.0,27052773.0,38112450.0,14461523.0,4556381.0,5810192.0,94.478,0.548,14013910.0,12746879.0,9594274.0,7470146.0,4903045.0,2805603.0,1518826.0,574339.0,144278.0,10.63671512498303
KE,2021,KE,Kenya,0,200541.0,3700.0,0.0,1779.0,297155.0,5381.0,0.0,2908081.0,53771300.0,26718527.0,27052773.0,38112450.0,14461523.0,4556381.0,5810192.0,94.478,0.548,14013910.0,12746879.0,9594274.0,7470146.0,4903045.0,2805603.0,1518826.0,574339.0,144278.0,0.03308456369847856
KE,2022,KE,Kenya,0,41153.0,294.0,0.0,36703.0,338308.0,5675.0,0.0,3728165.0,53771300.0,26718527.0,27052773.0,38112450.0,14461523.0,4556381.0,5810192.0,94.478,0.548,14013910.0,12746879.0,9594274.0,7470146.0,4903045.0,2805603.0,1518826.0,574339.0,144278.0,0.6825760210372448
KG,2020,KG,Kyrgyzstan,0,81214.0,1358.0,0.0,0.0,81214.0,1358.0,0.0,0.0,6524191.0,3227270.0,3296921.0,4094256.0,2362644.0,1017166.0,3137690.0,34.016,0.672,1529450.0,1100701.0,1082940.0,1014705.0,686435.0,581435.0,363824.0,111214.0,53487.0,0.0
KG,2021,KG,Kyrgyzstan,0,103572.0,1446.0,0.0,0.0,184786.0,2804.0,0.0,0.0,6524191.0,3227270.0,3296921.0,4094256.0,2362644.0,1017166.0,3137690.0,34.016,0.672,1529450.0,1100701.0,1082940.0,1014705.0,686435.0,581435.0,363824.0,111214.0,53487.0,0.0
KG,2022,KG,Kyrgyzstan,0,21134.0,187.0,0.0,0.0,205920.0,2991.0,0.0,0.0,6524191.0,3227270.0,3296921.0,4094256.0,2362644.0,1017166.0,3137690.0,34.016,0.672,1529450.0,1100701.0,1082940.0,1014705.0,686435.0,581435.0,363824.0,111214.0,53487.0,0.0
KH,2020,KH,Cambodia,0,379.0,0.0,0.0,0.0,379.0,0.0,0.0,0.0,16718971.0,8162424.0,8556547.0,12561921.0,3924621.0,2014015.0,2014015.0,94.714,0.582,3530587.0,3100069.0,3117605.0,2889268.0,1429087.0,1387484.0,816776.0,352445.0,95650.0,0.0
KH,2021,KH,Cambodia,0,120128.0,3012.0,0.0,294099.0,120507.0,3012.0,0.0,2289480.0,16718971.0,8162424.0,8556547.0,12561921.0,3924621.0,2014015.0,2014015.0,94.714,0.582,3530587.0,3100069.0,3117605.0,2889268.0,1429087.0,1387484.0,816776.0,352445.0,95650.0,17.590735697789054
KH,2022,KH,Cambodia,0,17232.0,44.0,0.0,26375.0,137739.0,3056.0,0.0,2977609.0,16718971.0,8162424.0,8556547.0,12561921.0,3924621.0,2014015.0,2014015.0,94.714,0.582,3530587.0,3100069.0,3117605.0,2889268.0,1429087.0,1387484.0,816776.0,352445.0,95650.0,1.57754924032107
KI,2020,KI,Kiribati,0,0.0,0.0,0.0,0.0,0.0,0.0,0.0,0.0,119446.0,58744.0,60702.0,53117.0,64489.0,2159137.0,3137690.0,147.464,0.612,29463.0,23632.0,20524.0,16604.0,11173.0,9988.0,5141.0,2330.0,591.0,0.0
KI,2021,KI,Kiribati,0,0.0,0.0,0.0,0.0,0.0,0.0,0.0,0.0,119446.0,58744.0,60702.0,53117.0,64489.0,2159137.0,3137690.0,147.464,0.612,29463.0,23632.0,20524.0,16604.0,11173.0,9988.0,5141.0,2330.0,591.0,0.0
KI,2022,KI,Kiribati,0,3430.0,13.0,0.0,0.0,3430.0,13.0,0.0,0.0,119446.0,58744.0,60702.0,53117.0,64489.0,2159137.0,3137690.0,147.464,0.612,29463.0,23632.0,20524.0,16604.0,11173.0,9988.0,5141.0,2330.0,591.0,0.0
KM,2020,KM,Comoros,0,754.0,10.0,0.0,0.0,754.0,10.0,0.0,0.0,869595.0,438653.0,430942.0,602734.0,248152.0,2159137.0,3137690.0,467.273,0.503,237638.0,191268.0,150845.0,117377.0,77036.0,50892.0,29656.0,11659.0,3224.0,0.0
KM,2021,KM,Comoros,0,6081.0,148.0,0.0,0.0,6835.0,158.0,0.0,0.0,869595.0,438653.0,430942.0,602734.0,248152.0,2159137.0,3137690.0,467.273,0.503,237638.0,191268.0,150845.0,117377.0,77036.0,50892.0,29656.0,11659.0,3224.0,0.0
KM,2022,KM,Comoros,0,1632.0,2.0,0.0,0.0,8467.0,161.0,0.0,100289.0,869595.0,438653.0,430942.0,602734.0,248152.0,2159137.0,3137690.0,467.273,0.503,237638.0,191268.0,150845.0,117377.0,77036.0,50892.0,29656.0,11659.0,3224.0,0.0
KN,2020,KN,Saint Kitts and Nevis,0,32.0,0.0,0.0,0.0,32.0,0.0,0.0,0.0,53192.0,30289.0,30759.0,36554.0,16269.0,2159137.0,3137690.0,204.585,0.778,8554.0,8458.0,5438.0,9689.0,9470.0,9136.0,6486.0,2500.0,1316.0,0.0
KN,2021,KN,Saint Kitts and Nevis,0,3011.0,28.0,0.0,13712.0,3043.0,28.0,0.0,58933.0,53192.0,30289.0,30759.0,36554.0,16269.0,2159137.0,3137690.0,204.585,0.778,8554.0,8458.0,5438.0,9689.0,9470.0,9136.0,6486.0,2500.0,1316.0,257.78312528199734
KN,2022,KN,Saint Kitts and Nevis,0,3493.0,18.0,0.0,1915.0,6536.0,46.0,0.0,94440.0,53192.0,30289.0,30759.0,36554.0,16269.0,2159137.0,3137690.0,204.585,0.778,8554.0,8458.0,5438.0,9689.0,9470.0,9136.0,6486.0,2500.0,1316.0,36.00165438411791
KP,2020,KP,North Korea,0,0.0,0.0,0.0,3189.0,0.0,0.0,0.0,26244.0,25778815.0,12608379.0,13170436.0,9718749.0,15947412.0,3060864.0,3060864.0,214.092,0.735,3430371.0,3561229.0,3925716.0,3641894.0,3714316.0,3622786.0,2134683.0,1303959.0,443861.0,0.1237062293204711
KP,2021,KP,North Korea,0,0.0,0.0,0.0,0.0,0.0,0.0,0.0,99608.0,25778815.0,12608379.0,13170436.0,9718749.0,15947412.0,3060864.0,3060864.0,214.092,0.735,3430371.0,3561229.0,3925716.0,3641894.0,3714316.0,3622786.0,2134683.0,1303959.0,443861.0,0.0
KP,2022,KP,North Korea,0,0.0,0.0,0.0,0.0,0.0,0.0,0.0,182968.0,25778815.0,12608379.0,13170436.0,9718749.0,15947412.0,3060864.0,3060864.0,214.092,0.735,3430371.0,3561229.0,3925716.0,3641894.0,3714316.0,3622786.0,2134683.0,1303959.0,443861.0,0.0
KR,2020,KR,South Korea,0,62574.0,942.0,0.0,4910461.0,62574.0,942.0,0.0,4910461.0,51269183.0,25665854.0,25603329.0,9602379.0,42106719.0,9962393.0,25963874.0,527.298,0.903,4153813.0,4753258.0,6716294.0,7079839.0,8218844.0,8476699.0,6453706.0,3560646.0,1856084.0,95.77802322303438
KR,2021,KR,South Korea,0,576504.0,4752.0,0.0,40639863.0,639078.0,5694.0,0.0,45550324.0,51269183.0,25665854.0,25603329.0,9602379.0,42106719.0,9962393.0,25963874.0,527.298,0.903,4153813.0,4753258.0,6716294.0,7079839.0,8218844.0,8476699.0,6453706.0,3560646.0,1856084.0,792.6762359368979
KR,2022,KR,South Korea,0,23625392.0,21971.0,0.0,54719128.0,24264470.0,27665.0,0.0,100269452.0,51269183.0,25665854.0,25603329.0,9602379.0,42106719.0,9962393.0,25963874.0,527.298,0.903,4153813.0,4753258.0,6716294.0,7079839.0,8218844.0,8476699.0,6453706.0,3560646.0,1856084.0,1067.2908128846132
KW,2020,KW,Kuwait,0,150869.0,936.0,0.0,1031993.0,150869.0,936.0,0.0,1258993.0,4270563.0,2614446.0,1656117.0,0.0,4207083.0,3052493.0,3052493.0,239.65,0.803,608326.0,533226.0,444882.0,878556.0,965369.0,561299.0,220263.0,48550.0,10092.0,241.65268139118896
KW,2021,KW,Kuwait,0,266854.0,1532.0,0.0,4633669.0,417723.0,2468.0,0.0,5984074.0,4270563.0,2614446.0,1656117.0,0.0,4207083.0,3052493.0,3052493.0,239.65,0.803,608326.0,533226.0,444882.0,878556.0,965369.0,561299.0,220263.0,48550.0,10092.0,1085.0253233590045
KW,2022,KW,Kuwait,0,240022.0,95.0,0.0,1713386.0,657745.0,2563.0,0.0,8208880.0,4270563.0,2614446.0,1656117.0,0.0,4207083.0,3052493.0,3052493.0,239.65,0.803,608326.0,533226.0,444882.0,878556.0,965369.0,561299.0,220263.0,48550.0,10092.0,401.2084589315273
KY,2020,KY,Cayman Islands,0,338.0,2.0,0.0,0.0,338.0,2.0,0.0,0.0,65720.0,37180.0,39213.0,0.0,64948.0,2159137.0,3137690.0,273.833,0.735,9182.0,8787.0,9727.0,10004.0,10819.0,11693.0,9471.0,4638.0,2072.0,0.0
KY,2021,KY,Cayman Islands,0,8742.0,10.0,0.0,0.0,9080.0,12.0,0.0,0.0,65720.0,37180.0,39213.0,0.0,64948.0,2159137.0,3137690.0,273.833,0.735,9182.0,8787.0,9727.0,10004.0,10819.0,11693.0,9471.0,4638.0,2072.0,0.0
KY,2022,KY,Cayman Islands,0,21465.0,19.0,0.0,9358.0,30545.0,31.0,0.0,9358.0,65720.0,37180.0,39213.0,0.0,64948.0,2159137.0,3137690.0,273.833,0.735,9182.0,8787.0,9727.0,10004.0,10819.0,11693.0,9471.0,4638.0,2072.0,142.3919659160073
KZ,2020,KZ,Kazakhstan,0,202159.0,2749.0,0.0,5519252.0,202159.0,2749.0,0.0,5570389.0,18776707.0,9112939.0,9663768.0,7861015.0,10652915.0,1862809.0,2980430.0,6.955,0.8,3868010.0,2720923.0,2573192.0,2993495.0,2286421.0,2039441.0,1438909.0,552505.0,303811.0,293.94142434027435
KZ,2021,KZ,Kazakhstan,0,870840.0,15487.0,0.0,6273174.0,1072999.0,18236.0,0.0,11965068.0,18776707.0,9112939.0,9663768.0,7861015.0,10652915.0,1862809.0,2980430.0,6.955,0.8,3868010.0,2720923.0,2573192.0,2993495.0,2286421.0,2039441.0,1438909.0,552505.0,303811.0,334.0934062612789
KZ,2022,KZ,Kazakhstan,0,409095.0,811.0,0.0,0.0,1482094.0,19047.0,0.0,0.0,18776707.0,9112939.0,9663768.0,7861015.0,10652915.0,1862809.0,2980430.0,6.955,0.8,3868010.0,2720923.0,2573192.0,2993495.0,2286421.0,2039441.0,1438909.0,552505.0,303811.0,0.0
LA,2020,LA,Laos,0,41.0,0.0,0.0,0.0,41.0,0.0,0.0,0.0,7275556.0,3651794.0,3623762.0,4613903.0,2555552.0,673061.0,3137690.0,31.523,0.601,1566742.0,1466251.0,1362625.0,1086529.0,772684.0,526577.0,317971.0,136164.0,40013.0,0.0
LA,2021,LA,Laos,0,112042.0,374.0,0.0,853362.0,112083.0,374.0,0.0,853362.0,7275556.0,3651794.0,3623762.0,4613903.0,2555552.0,673061.0,3137690.0,31.523,0.601,1566742.0,1466251.0,1362625.0,1086529.0,772684.0,526577.0,317971.0,136164.0,40013.0,117.29165441101684
LA,2022,LA,Laos,0,103074.0,383.0,0.0,176875.0,215157.0,757.0,0.0,1030237.0,7275556.0,3651794.0,3623762.0,4613903.0,2555552.0,673061.0,3137690.0,31.523,0.601,1566742.0,1466251.0,1362625.0,1086529.0,772684.0,526577.0,317971.0,136164.0,40013.0,24.310856792250654
LB,2020,LB,Lebanon,0,183888.0,1466.0,0.0,0.0,183888.0,1466.0,0.0,0.0,6825442.0,3435746.0,3389696.0,770719.0,6084994.0,2406875.0,2406875.0,667.199,0.757,1152157.0,1134997.0,1176574.0,1009646.0,862743.0,724778.0,447767.0,211573.0,105207.0,0.0
LB,2021,LB,Lebanon,0,547400.0,7670.0,0.0,237492.0,731288.0,9136.0,0.0,4731376.0,6825442.0,3435746.0,3389696.0,770719.0,6084994.0,2406875.0,2406875.0,667.199,0.757,1152157.0,1134997.0,1176574.0,1009646.0,862743.0,724778.0,447767.0,211573.0,105207.0,34.79510923981187
LB,2022,LB,Lebanon,0,481912.0,1514.0,0.0,0.0,1213200.0,10650.0,0.0,0.0,6825442.0,3435746.0,3389696.0,770719.0,6084994.0,2406875.0,2406875.0,667.199,0.757,1152157.0,1134997.0,1176574.0,1009646.0,862743.0,724778.0,447767.0,211573.0,105207.0,0.0
LC,2020,LC,Saint Lucia,0,353.0,5.0,0.0,0.0,353.0,5.0,0.0,0.0,183629.0,90422.0,93207.0,148510.0,34280.0,2159137.0,3137690.0,301.031,0.747,21812.0,24335.0,32816.0,28447.0,25517.0,23375.0,14555.0,8357.0,4415.0,0.0
LC,2021,LC,Saint Lucia,0,13287.0,296.0,0.0,0.0,13640.0,301.0,0.0,0.0,183629.0,90422.0,93207.0,148510.0,34280.0,2159137.0,3137690.0,301.031,0.747,21812.0,24335.0,32816.0,28447.0,25517.0,23375.0,14555.0,8357.0,4415.0,0.0
LC,2022,LC,Saint Lucia,0,15319.0,92.0,0.0,1562.0,28959.0,393.0,0.0,208560.0,183629.0,90422.0,93207.0,148510.0,34280.0,2159137.0,3137690.0,301.031,0.747,21812.0,24335.0,32816.0,28447.0,25517.0,23375.0,14555.0,8357.0,4415.0,8.506281687533015
LI,2020,LI,Liechtenstein,0,2247.0,44.0,1810.0,21838.0,2247.0,44.0,1810.0,20941.0,38378.0,19025.0,19353.0,32555.0,5464.0,2159137.0,3137690.0,242.1,0.908,3737.0,3891.0,4539.0,4888.0,5571.0,6339.0,4694.0,3263.0,1456.0,569.0239199541404
LI,2021,LI,Liechtenstein,0,4082.0,25.0,3905.0,67625.0,6329.0,69.0,5715.0,88566.0,38378.0,19025.0,19353.0,32555.0,5464.0,2159137.0,3137690.0,242.1,0.908,3737.0,3891.0,4539.0,4888.0,5571.0,6339.0,4694.0,3263.0,1456.0,1762.0772317473552
LI,2022,LI,Liechtenstein,0,13027.0,16.0,13478.0,32021.0,19390.0,86.0,19193.0,120587.0,38378.0,19025.0,19353.0,32555.0,5464.0,2159137.0,3137690.0,242.1,0.908,3737.0,3891.0,4539.0,4888.0,5571.0,6339.0,4694.0,3263.0,1456.0,834.3582260670175
LK,2020,LK,Sri Lanka,0,44371.0,211.0,0.0,1265017.0,44371.0,211.0,0.0,1265017.0,21413250.0,10267351.0,11145899.0,17750912.0,4052088.0,606158.0,3137690.0,341.465,0.77,3350035.0,3386220.0,2901857.0,2820021.0,2881105.0,2554818.0,2013196.0,1146337.0,359661.0,59.07636626854868
LK,2021,LK,Sri Lanka,0,543564.0,14808.0,0.0,5438586.0,587935.0,15019.0,0.0,6703603.0,21413250.0,10267351.0,11145899.0,17750912.0,4052088.0,606158.0,3137690.0,341.465,0.77,3350035.0,3386220.0,2901857.0,2820021.0,2881105.0,2554818.0,2013196.0,1146337.0,359661.0,253.9822773282897
LK,2022,LK,Sri Lanka,0,82584.0,1718.0,0.0,987442.0,670519.0,16737.0,0.0,7691045.0,21413250.0,10267351.0,11145899.0,17750912.0,4052088.0,606158.0,3137690.0,341.465,0.77,3350035.0,3386220.0,2901857.0,2820021.0,2881105.0,2554818.0,2013196.0,1146337.0,359661.0,46.11359788915741
LR,2020,LR,Liberia,0,1856.0,89.0,0.0,0.0,1856.0,89.0,0.0,0.0,5057677.0,2542539.0,2515138.0,2388948.0,2548426.0,1467026.0,1467026.0,52.509,0.435,1418816.0,1175025.0,840853.0,629808.0,444196.0,283828.0,168470.0,76455.0,20226.0,0.0
LR,2021,LR,Liberia,0,4888.0,198.0,0.0,0.0,6744.0,287.0,0.0,0.0,5057677.0,2542539.0,2515138.0,2388948.0,2548426.0,1467026.0,1467026.0,52.509,0.435,1418816.0,1175025.0,840853.0,629808.0,444196.0,283828.0,168470.0,76455.0,20226.0,0.0
LR,2022,LR,Liberia,0,1185.0,7.0,0.0,0.0,7929.0,294.0,0.0,139824.0,5057677.0,2542539.0,2515138.0,2388948.0,2548426.0,1467026.0,1467026.0,52.509,0.435,1418816.0,1175025.0,840853.0,629808.0,444196.0,283828.0,168470.0,76455.0,20226.0,0.0
LS,2020,LS,Lesotho,0,2577.0,64.0,0.0,0.0,2577.0,64.0,0.0,0.0,2142252.0,1056950.0,1085302.0,1517760.0,607508.0,2159137.0,3137690.0,70.562,0.52,478748.0,428821.0,395192.0,327281.0,210251.0,140771.0,96813.0,48309.0,16066.0,0.0
LS,2021,LS,Lesotho,0,27411.0,609.0,0.0,0.0,29988.0,673.0,0.0,0.0,2142252.0,1056950.0,1085302.0,1517760.0,607508.0,2159137.0,3137690.0,70.562,0.52,478748.0,428821.0,395192.0,327281.0,210251.0,140771.0,96813.0,48309.0,16066.0,0.0
LS,2022,LS,Lesotho,0,4299.0,31.0,0.0,553.0,34287.0,704.0,0.0,459732.0,2142252.0,1056950.0,1085302.0,1517760.0,607508.0,2159137.0,3137690.0,70.562,0.52,478748.0,428821.0,395192.0,327281.0,210251.0,140771.0,96813.0,48309.0,16066.0,0.25813956527990173
LT,2020,LT,Lithuania,0,149105.0,1893.0,0.0,1646429.0,149105.0,1893.0,0.0,1646429.0,2794184.0,1295591.0,1498593.0,895831.0,1891013.0,537563.0,3137690.0,44.7,0.839,292389.0,266287.0,345322.0,350470.0,374254.0,425044.0,343396.0,235483.0,161539.0,589.2342809206552
LT,2021,LT,Lithuania,0,378801.0,5541.0,0.0,5265312.0,527906.0,7434.0,0.0,6911741.0,2794184.0,1295591.0,1498593.0,895831.0,1891013.0,537563.0,3137690.0,44.7,0.839,292389.0,266287.0,345322.0,350470.0,374254.0,425044.0,343396.0,235483.0,161539.0,1884.3827035012725
LT,2022,LT,Lithuania,0,704461.0,1867.0,0.0,1806445.0,1232367.0,9301.0,0.0,8718186.0,2794184.0,1295591.0,1498593.0,895831.0,1891013.0,537563.0,3137690.0,44.7,0.839,292389.0,266287.0,345322.0,350470.0,374254.0,425044.0,343396.0,235483.0,161539.0,646.5018051781844
LU,2020,LU,Luxembourg,0,46736.0,509.0,0.0,787441.0,46736.0,509.0,0.0,1651995.0,613894.0,308720.0,305174.0,54408.0,565488.0,2159137.0,3137690.0,235.1,0.916,65947.0,65866.0,84163.0,95974.0,92360.0,87825.0,60143.0,37334.0,24282.0,1282.698641785064
LU,2021,LU,Luxembourg,0,58282.0,407.0,0.0,2172369.0,105018.0,916.0,0.0,3824364.0,613894.0,308720.0,305174.0,54408.0,565488.0,2159137.0,3137690.0,235.1,0.916,65947.0,65866.0,84163.0,95974.0,92360.0,87825.0,60143.0,37334.0,24282.0,3538.6711712445467
LU,2022,LU,Luxembourg,0,183509.0,210.0,0.0,475537.0,288527.0,1126.0,0.0,4299901.0,613894.0,308720.0,305174.0,54408.0,565488.0,2159137.0,3137690.0,235.1,0.916,65947.0,65866.0,84163.0,95974.0,92360.0,87825.0,60143.0,37334.0,24282.0,774.6239578819795
LV,2020,LV,Latvia,0,41929.0,668.0,0.0,880975.0,41929.0,668.0,0.0,880975.0,1919968.0,884909.0,1035059.0,607846.0,1304943.0,633820.0,3137690.0,30.4,0.819,204389.0,189618.0,210869.0,266944.0,258763.0,270667.0,240208.0,170997.0,107513.0,458.84879331322185
LV,2021,LV,Latvia,0,235092.0,3911.0,0.0,4677188.0,277021.0,4579.0,0.0,5558163.0,1919968.0,884909.0,1035059.0,607846.0,1304943.0,633820.0,3137690.0,30.4,0.819,204389.0,189618.0,210869.0,266944.0,258763.0,270667.0,240208.0,170997.0,107513.0,2436.076017933632
LV,2022,LV,Latvia,0,634981.0,1386.0,0.0,1705403.0,912002.0,5965.0,0.0,7263566.0,1919968.0,884909.0,1035059.0,607846.0,1304943.0,633820.0,3137690.0,30.4,0.819,204389.0,189618.0,210869.0,266944.0,258763.0,270667.0,240208.0,170997.0,107513.0,888.2455332588877
LY,2020,LY,Libya,0,100744.0,1487.0,0.0,440187.0,100744.0,1487.0,0.0,0.0,6871287.0,3468737.0,3402550.0,1328855.0,5448597.0,1160918.0,1160918.0,3.905,0.706,1285421.0,1185744.0,1095416.0,1163468.0,1049200.0,617154.0,284259.0,138926.0,51699.0,64.06179802997603
LY,2021,LY,Libya,0,287990.0,4223.0,0.0,1228616.0,388734.0,5710.0,0.0,0.0,6871287.0,3468737.0,3402550.0,1328855.0,5448597.0,1160918.0,1160918.0,3.905,0.706,1285421.0,1185744.0,1095416.0,1163468.0,1049200.0,617154.0,284259.0,138926.0,51699.0,178.80434917068666
LY,2022,LY,Libya,0,118175.0,727.0,0.0,311734.0,506909.0,6437.0,0.0,0.0,6871287.0,3468737.0,3402550.0,1328855.0,5448597.0,1160918.0,1160918.0,3.905,0.706,1285421.0,1185744.0,1095416.0,1163468.0,1049200.0,617154.0,284259.0,138926.0,51699.0,45.36762909190083
MA,2020,MA,Morocco,0,440970.0,7425.0,0.0,4398413.0,440970.0,7425.0,0.0,4473704.0,36910558.0,18316887.0,18593671.0,13496743.0,22975026.0,3716093.0,7941338.0,82.703,0.667,6752615.0,6097196.0,5883278.0,5606356.0,4452432.0,3743784.0,2735019.0,1197078.0,442800.0,119.16408849738875
MA,2021,MA,Morocco,0,524450.0,7426.0,0.0,4934270.0,965420.0,14851.0,0.0,9899598.0,36910558.0,18316887.0,18593671.0,13496743.0,22975026.0,3716093.0,7941338.0,82.703,0.667,6752615.0,6097196.0,5883278.0,5606356.0,4452432.0,3743784.0,2735019.0,1197078.0,442800.0,133.6818045395033
MA,2022,MA,Morocco,0,299291.0,1425.0,0.0,1155022.0,1264711.0,16276.0,0.0,11738659.0,36910558.0,18316887.0,18593671.0,13496743.0,22975026.0,3716093.0,7941338.0,82.703,0.667,6752615.0,6097196.0,5883278.0,5606356.0,4452432.0,3743784.0,2735019.0,1197078.0,442800.0,31.292455670813755
MC,2020,MC,Monaco,0,885.0,3.0,0.0,0.0,885.0,3.0,0.0,0.0,39244.0,11648.0,12406.0,0.0,38964.0,2159137.0,3137690.0,26338.255,0.735,1599.0,2211.0,2292.0,2094.0,2662.0,3531.0,3488.0,3275.0,2903.0,0.0
MC,2021,MC,Monaco,0,4325.0,36.0,0.0,0.0,5210.0,39.0,0.0,0.0,39244.0,11648.0,12406.0,0.0,38964.0,2159137.0,3137690.0,26338.255,0.735,1599.0,2211.0,2292.0,2094.0,2662.0,3531.0,3488.0,3275.0,2903.0,0.0
MC,2022,MC,Monaco,0,9261.0,24.0,0.0,0.0,14471.0,63.0,0.0,0.0,39244.0,11648.0,12406.0,0.0,38964.0,2159137.0,3137690.0,26338.255,0.735,1599.0,2211.0,2292.0,2094.0,2662.0,3531.0,3488.0,3275.0,2903.0,0.0
MD,2020,MD,Moldova,0,145258.0,3155.0,0.0,195496.0,145258.0,3155.0,0.0,0.0,4033963.0,1931953.0,2102010.0,1522135.0,1135502.0,504342.0,3137690.0,122.799,0.693,424058.0,419286.0,570833.0,773876.0,562808.0,521015.0,488289.0,184989.0,88809.0,48.46251688476072
MD,2021,MD,Moldova,0,231176.0,7129.0,0.0,1852284.0,376434.0,10284.0,0.0,0.0,4033963.0,1931953.0,2102010.0,1522135.0,1135502.0,504342.0,3137690.0,122.799,0.693,424058.0,419286.0,570833.0,773876.0,562808.0,521015.0,488289.0,184989.0,88809.0,459.1722829386388
MD,2022,MD,Moldova,0,206749.0,1524.0,0.0,512557.0,583183.0,11808.0,0.0,0.0,4033963.0,1931953.0,2102010.0,1522135.0,1135502.0,504342.0,3137690.0,122.799,0.693,424058.0,419286.0,570833.0,773876.0,562808.0,521015.0,488289.0,184989.0,88809.0,127.0604118084375
ME,2020,ME,Montenegro,0,48544.0,682.0,0.0,0.0,48544.0,682.0,0.0,0.0,622182.0,307712.0,314470.0,204372.0,417765.0,2159137.0,3137690.0,45.7,0.802,74464.0,77613.0,79498.0,90519.0,82794.0,82291.0,75972.0,38778.0,20253.0,0.0
ME,2021,ME,Montenegro,0,123423.0,1729.0,0.0,0.0,171967.0,2411.0,0.0,0.0,622182.0,307712.0,314470.0,204372.0,417765.0,2159137.0,3137690.0,45.7,0.802,74464.0,77613.0,79498.0,90519.0,82794.0,82291.0,75972.0,38778.0,20253.0,0.0
ME,2022,ME,Montenegro,0,105838.0,367.0,0.0,0.0,277805.0,2778.0,0.0,0.0,622182.0,307712.0,314470.0,204372.0,417765.0,2159137.0,3137690.0,45.7,0.802,74464.0,77613.0,79498.0,90519.0,82794.0,82291.0,75972.0,38778.0,20253.0,0.0
MG,2020,MG,Madagascar,0,17767.0,262.0,0.0,28934.0,17767.0,262.0,0.0,101223.0,27691019.0,13814619.0,13876400.0,16758458.0,10210849.0,3210386.0,3210386.0,47.596,0.519,7762937.0,6342928.0,4898736.0,3370908.0,2387858.0,1539765.0,915208.0,359863.0,112816.0,1.044887513890334
MG,2021,MG,Madagascar,0,34667.0,805.0,0.0,96542.0,52434.0,1067.0,0.0,331121.0,27691019.0,13814619.0,13876400.0,16758458.0,10210849.0,3210386.0,3210386.0,47.596,0.519,7762937.0,6342928.0,4898736.0,3370908.0,2387858.0,1539765.0,915208.0,359863.0,112816.0,3.486401132439366
MG,2022,MG,Madagascar,0,14218.0,343.0,0.0,0.0,66652.0,1410.0,0.0,451753.0,27691019.0,13814619.0,13876400.0,16758458.0,10210849.0,3210386.0,3210386.0,47.596,0.519,7762937.0,6342928.0,4898736.0,3370908.0,2387858.0,1539765.0,915208.0,359863.0,112816.0,0.0
MH,2020,MH,Marshall Islands,0,4.0,0.0,0.0,94.0,4.0,0.0,0.0,94.0,59194.0,28373.0,27502.0,13277.0,45514.0,2159137.0,3137690.0,328.856,0.708,12296.0,11723.0,8779.0,9206.0,5768.0,3943.0,2748.0,1112.0,301.0,1.587998783660506
MH,2021,MH,Marshall Islands,0,0.0,0.0,0.0,3090.0,4.0,0.0,0.0,3184.0,59194.0,28373.0,27502.0,13277.0,45514.0,2159137.0,3137690.0,328.856,0.708,12296.0,11723.0,8779.0,9206.0,5768.0,3943.0,2748.0,1112.0,301.0,52.201236611818764
MH,2022,MH,Marshall Islands,0,15176.0,17.0,0.0,0.0,15180.0,17.0,0.0,0.0,59194.0,28373.0,27502.0,13277.0,45514.0,2159137.0,3137690.0,328.856,0.708,12296.0,11723.0,8779.0,9206.0,5768.0,3943.0,2748.0,1112.0,301.0,0.0
MK,2020,MK,Macedonia,0,83743.0,2510.0,0.0,399355.0,83743.0,2510.0,0.0,402481.0,2077132.0,1040200.0,1036932.0,870719.0,1212740.0,589751.0,3137690.0,83.4,0.735,227724.0,231901.0,292309.0,325743.0,297514.0,281928.0,235923.0,131705.0,52206.0,192.26269683390368
MK,2021,MK,Macedonia,0,141732.0,5475.0,0.0,347222.0,225475.0,7985.0,0.0,1511884.0,2077132.0,1040200.0,1036932.0,870719.0,1212740.0,589751.0,3137690.0,83.4,0.735,227724.0,231901.0,292309.0,325743.0,297514.0,281928.0,235923.0,131705.0,52206.0,167.16414748797862
MK,2022,MK,Macedonia,0,116414.0,1531.0,0.0,52754.0,341889.0,9516.0,0.0,2074132.0,2077132.0,1040200.0,1036932.0,870719.0,1212740.0,589751.0,3137690.0,83.4,0.735,227724.0,231901.0,292309.0,325743.0,297514.0,281928.0,235923.0,131705.0,52206.0,25.39751927176511
ML,2020,ML,Mali,0,7201.0,271.0,0.0,0.0,7201.0,271.0,0.0,0.0,20250834.0,10145174.0,10105660.0,11178343.0,8479688.0,2529328.0,2529328.0,16.596,0.427,6760319.0,5009462.0,3203818.0,2160455.0,1485961.0,849119.0,501291.0,231083.0,49326.0,0.0
ML,2021,ML,Mali,0,14177.0,397.0,0.0,0.0,21378.0,668.0,0.0,0.0,20250834.0,10145174.0,10105660.0,11178343.0,8479688.0,2529328.0,2529328.0,16.596,0.427,6760319.0,5009462.0,3203818.0,2160455.0,1485961.0,849119.0,501291.0,231083.0,49326.0,0.0
ML,2022,ML,Mali,0,11007.0,71.0,0.0,605.0,32385.0,739.0,0.0,708110.0,20250834.0,10145174.0,10105660.0,11178343.0,8479688.0,2529328.0,2529328.0,16.596,0.427,6760319.0,5009462.0,3203818.0,2160455.0,1485961.0,849119.0,501291.0,231083.0,49326.0,0.029875312789586838
MM,2020,MM,Myanmar,0,125616.0,2711.0,0.0,1759498.0,125616.0,2711.0,0.0,1833995.0,54409794.0,26220190.0,28189604.0,37371327.0,16674093.0,5243989.0,6649810.0,83.286,0.578,9021261.0,9916644.0,9163081.0,8072999.0,7219970.0,5573219.0,3603964.0,1423030.0,415626.0,32.33789122598038
MM,2021,MM,Myanmar,0,405409.0,16563.0,0.0,2484638.0,531025.0,19274.0,0.0,4791847.0,54409794.0,26220190.0,28189604.0,37371327.0,16674093.0,5243989.0,6649810.0,83.286,0.578,9021261.0,9916644.0,9163081.0,8072999.0,7219970.0,5573219.0,3603964.0,1423030.0,415626.0,45.665271219369075
MM,2022,MM,Myanmar,0,86714.0,170.0,0.0,412324.0,617739.0,19444.0,0.0,8332037.0,54409794.0,26220190.0,28189604.0,37371327.0,16674093.0,5243989.0,6649810.0,83.286,0.578,9021261.0,9916644.0,9163081.0,8072999.0,7219970.0,5573219.0,3603964.0,1423030.0,415626.0,7.578120953738586
MN,2020,MN,Mongolia,0,1242.0,1.0,0.0,509069.0,1242.0,1.0,0.0,618748.0,3278292.0,1615039.0,1663253.0,1014541.0,2210626.0,1552654.0,1552654.0,2.11,0.741,737475.0,500443.0,500016.0,564280.0,423046.0,314052.0,158362.0,59889.0,20729.0,155.28482514675324
MN,2021,MN,Mongolia,0,692304.0,1986.0,0.0,4863380.0,693546.0,1987.0,0.0,6392729.0,3278292.0,1615039.0,1663253.0,1014541.0,2210626.0,1552654.0,1552654.0,2.11,0.741,737475.0,500443.0,500016.0,564280.0,423046.0,314052.0,158362.0,59889.0,20729.0,1483.5103157375852
MN,2022,MN,Mongolia,0,288072.0,143.0,0.0,117744.0,981618.0,2130.0,0.0,7408778.0,3278292.0,1615039.0,1663253.0,1014541.0,2210626.0,1552654.0,1552654.0,2.11,0.741,737475.0,500443.0,500016.0,564280.0,423046.0,314052.0,158362.0,59889.0,20729.0,35.91626371293344
MO,2020,MO,Macau,0,36.0,0.0,41.0,0.0,46.0,0.0,46.0,0.0,649342.0,312100.0,337242.0,0.0,640445.0,642090.0,3137690.0,21717.124,0.735,68817.0,46834.0,88332.0,129802.0,93402.0,99615.0,78994.0,29881.0,13665.0,0.0
MO,2021,MO,Macau,0,33.0,0.0,31.0,0.0,79.0,0.0,77.0,0.0,649342.0,312100.0,337242.0,0.0,640445.0,642090.0,3137690.0,21717.124,0.735,68817.0,46834.0,88332.0,129802.0,93402.0,99615.0,78994.0,29881.0,13665.0,0.0
MO,2022,MO,Macau,0,714.0,6.0,710.0,0.0,793.0,6.0,787.0,0.0,649342.0,312100.0,337242.0,0.0,640445.0,642090.0,3137690.0,21717.124,0.735,68817.0,46834.0,88332.0,129802.0,93402.0,99615.0,78994.0,29881.0,13665.0,0.0
MP,2020,MP,Northern Mariana Islands,0,122.0,2.0,0.0,27103.0,122.0,2.0,0.0,27103.0,57557.0,22286.0,19704.0,4744.0,52472.0,2159137.0,3137690.0,125.124,0.735,6179.0,8143.0,5702.0,3331.0,5887.0,7098.0,4189.0,1195.0,266.0,470.88972670570047
MP,2021,MP,Northern Mariana Islands,0,3165.0,12.0,0.0,32007.0,3287.0,14.0,0.0,59110.0,57557.0,22286.0,19704.0,4744.0,52472.0,2159137.0,3137690.0,125.124,0.735,6179.0,8143.0,5702.0,3331.0,5887.0,7098.0,4189.0,1195.0,266.0,556.0922216237817
MP,2022,MP,Northern Mariana Islands,0,9868.0,26.0,0.0,0.0,13155.0,40.0,0.0,0.0,57557.0,22286.0,19704.0,4744.0,52472.0,2159137.0,3137690.0,125.124,0.735,6179.0,8143.0,5702.0,3331.0,5887.0,7098.0,4189.0,1195.0,266.0,0.0
MQ,2020,MQ,Martinique,0,6091.0,43.0,0.0,0.0,6091.0,43.0,0.0,0.0,375265.0,172607.0,202658.0,1758851.0,3850231.0,2159137.0,3137690.0,354.024,0.735,35953.0,47122.0,41372.0,34102.0,44187.0,62795.0,52467.0,33672.0,23595.0,0.0
MQ,2021,MQ,Martinique,0,43914.0,741.0,0.0,0.0,50005.0,784.0,0.0,0.0,375265.0,172607.0,202658.0,1758851.0,3850231.0,2159137.0,3137690.0,354.024,0.735,35953.0,47122.0,41372.0,34102.0,44187.0,62795.0,52467.0,33672.0,23595.0,0.0
MQ,2022,MQ,Martinique,0,169524.0,252.0,0.0,0.0,219529.0,1036.0,0.0,0.0,375265.0,172607.0,202658.0,1758851.0,3850231.0,2159137.0,3137690.0,354.024,0.735,35953.0,47122.0,41372.0,34102.0,44187.0,62795.0,52467.0,33672.0,23595.0,0.0
MR,2020,MR,Mauritania,0,14581.0,350.0,0.0,21560.0,14581.0,350.0,0.0,104875.0,4649660.0,2334981.0,2314679.0,2058875.0,2466821.0,1258973.0,1258973.0,4.511,0.52,1307828.0,1007555.0,787902.0,619779.0,422632.0,267150.0,151073.0,67186.0,18555.0,4.6368981818025405
MR,2021,MR,Mauritania,0,27286.0,520.0,0.0,1869.0,41867.0,870.0,0.0,254282.0,4649660.0,2334981.0,2314679.0,2058875.0,2466821.0,1258973.0,1258973.0,4.511,0.52,1307828.0,1007555.0,787902.0,619779.0,422632.0,267150.0,151073.0,67186.0,18555.0,0.40196487485106436
MR,2022,MR,Mauritania,0,20911.0,123.0,0.0,21776.0,62778.0,993.0,0.0,998154.0,4649660.0,2334981.0,2314679.0,2058875.0,2466821.0,1258973.0,1258973.0,4.511,0.52,1307828.0,1007555.0,787902.0,619779.0,422632.0,267150.0,151073.0,67186.0,18555.0,4.683353191416146
MS,2020,MS,Montserrat,0,13.0,1.0,0.0,0.0,13.0,1.0,0.0,0.0,4999.0,2667.0,2678.0,1758851.0,3850231.0,2159137.0,3137690.0,49.99,0.735,578.0,648.0,1085.0,892.0,915.0,662.0,340.0,152.0,73.0,0.0
MS,2021,MS,Montserrat,0,37.0,0.0,0.0,0.0,50.0,1.0,0.0,0.0,4999.0,2667.0,2678.0,1758851.0,3850231.0,2159137.0,3137690.0,49.99,0.735,578.0,648.0,1085.0,892.0,915.0,662.0,340.0,152.0,73.0,0.0
MS,2022,MS,Montserrat,0,1276.0,7.0,0.0,0.0,1326.0,8.0,0.0,0.0,4999.0,2667.0,2678.0,1758851.0,3850231.0,2159137.0,3137690.0,49.99,0.735,578.0,648.0,1085.0,892.0,915.0,662.0,340.0,152.0,73.0,0.0
MT,2020,MT,Malta,0,13102.0,220.0,0.0,403716.0,13102.0,220.0,0.0,517536.0,493559.0,251836.0,241723.0,26751.0,475902.0,2159137.0,3137690.0,1548.3,0.839,46307.0,43517.0,75568.0,81203.0,65167.0,58962.0,59304.0,42685.0,20846.0,817.9690776583955
MT,2021,MT,Malta,0,41145.0,259.0,0.0,1037858.0,54247.0,479.0,0.0,1555394.0,493559.0,251836.0,241723.0,26751.0,475902.0,2159137.0,3137690.0,1548.3,0.839,46307.0,43517.0,75568.0,81203.0,65167.0,58962.0,59304.0,42685.0,20846.0,2102.804325318756
MT,2022,MT,Malta,0,60101.0,324.0,0.0,395464.0,114348.0,803.0,0.0,1950858.0,493559.0,251836.0,241723.0,26751.0,475902.0,2159137.0,3137690.0,1548.3,0.839,46307.0,43517.0,75568.0,81203.0,65167.0,58962.0,59304.0,42685.0,20846.0,801.2496986175918
MU,2020,MU,Mauritius,0,527.0,10.0,0.0,0.0,527.0,10.0,0.0,0.0,1271767.0,627480.0,644287.0,749731.0,515980.0,2159137.0,3137690.0,626.486,0.79,132886.0,175164.0,196809.0,175108.0,182090.0,175349.0,137990.0,69213.0,27158.0,0.0
MU,2021,MU,Mauritius,0,90950.0,776.0,0.0,0.0,91477.0,786.0,0.0,0.0,1271767.0,627480.0,644287.0,749731.0,515980.0,2159137.0,3137690.0,626.486,0.79,132886.0,175164.0,196809.0,175108.0,182090.0,175349.0,137990.0,69213.0,27158.0,0.0
MU,2022,MU,Mauritius,0,169470.0,238.0,0.0,0.0,260947.0,1024.0,0.0,1282782.0,1271767.0,627480.0,644287.0,749731.0,515980.0,2159137.0,3137690.0,626.486,0.79,132886.0,175164.0,196809.0,175108.0,182090.0,175349.0,137990.0,69213.0,27158.0,0.0
MV,2020,MV,Maldives,0,13834.0,48.0,0.0,308457.0,13834.0,48.0,0.0,308457.0,540542.0,342928.0,197614.0,317308.0,213645.0,2159137.0,3137690.0,1801.807,0.717,72821.0,59438.0,139684.0,137607.0,64649.0,35316.0,18164.0,8466.0,4397.0,570.6439092614451
MV,2021,MV,Maldives,0,82218.0,214.0,0.0,1565305.0,96052.0,262.0,0.0,1873762.0,540542.0,342928.0,197614.0,317308.0,213645.0,2159137.0,3137690.0,1801.807,0.717,72821.0,59438.0,139684.0,137607.0,64649.0,35316.0,18164.0,8466.0,4397.0,2895.8064313226355
MV,2022,MV,Maldives,0,88914.0,46.0,0.0,337351.0,184966.0,308.0,0.0,2211113.0,540542.0,342928.0,197614.0,317308.0,213645.0,2159137.0,3137690.0,1801.807,0.717,72821.0,59438.0,139684.0,137607.0,64649.0,35316.0,18164.0,8466.0,4397.0,624.0976649363047
MW,2020,MW,Malawi,0,6683.0,191.0,0.0,57004.0,6683.0,191.0,0.0,85449.0,19129955.0,9434037.0,9695918.0,15429446.0,3199301.0,1074695.0,1074695.0,202.906,0.477,5662519.0,4738053.0,3377518.0,2286023.0,1436741.0,846148.0,480248.0,244242.0,58463.0,2.979829278218375
MW,2021,MW,Malawi,0,69145.0,2177.0,0.0,19492.0,75828.0,2368.0,0.0,309766.0,19129955.0,9434037.0,9695918.0,15429446.0,3199301.0,1074695.0,1074695.0,202.906,0.477,5662519.0,4738053.0,3377518.0,2286023.0,1436741.0,846148.0,480248.0,244242.0,58463.0,1.018925554189751
MW,2022,MW,Malawi,0,12014.0,307.0,0.0,6734.0,87842.0,2675.0,0.0,589303.0,19129955.0,9434037.0,9695918.0,15429446.0,3199301.0,1074695.0,1074695.0,202.906,0.477,5662519.0,4738053.0,3377518.0,2286023.0,1436741.0,846148.0,480248.0,244242.0,58463.0,0.35201337378995406
MX,2019,MX,Mexico,0,0.0,0.0,0.0,25.0,0.0,0.0,0.0,25.0,110991953.0,54855231.0,57481307.0,24948670.0,102626859.0,21671908.0,52010061.0,66.325,0.756,21575859.0,21966049.0,18680448.0,16763785.0,12937956.0,8959656.0,5433731.0,3119417.0,1502231.0,0.00022524155422330483
MX,2020,MX,Mexico,0,1522878.0,149455.0,0.0,3466414.0,1522878.0,149455.0,0.0,3466439.0,110991953.0,54855231.0,57481307.0,24948670.0,102626859.0,21671908.0,52010061.0,66.325,0.756,21575859.0,21966049.0,18680448.0,16763785.0,12937956.0,8959656.0,5433731.0,3119417.0,1502231.0,31.231219077656917
MX,2021,MX,Mexico,0,2536021.0,154570.0,0.0,8586256.0,4058899.0,304025.0,0.0,12052695.0,110991953.0,54855231.0,57481307.0,24948670.0,102626859.0,21671908.0,52010061.0,66.325,0.756,21575859.0,21966049.0,18680448.0,16763785.0,12937956.0,8959656.0,5433731.0,3119417.0,1502231.0,77.35926585596705
MX,2022,MX,Mexico,0,2978564.0,23985.0,0.0,3516769.0,2978564.0,23985.0,0.0,15569464.0,110991953.0,54855231.0,57481307.0,24948670.0,102626859.0,21671908.0,52010061.0,66.325,0.756,21575859.0,21966049.0,18680448.0,16763785.0,12937956.0,8959656.0,5433731.0,3119417.0,1502231.0,31.684900616173497
MY,2020,MY,Malaysia,0,113014.0,471.0,88940.0,4317443.0,113010.0,471.0,88940.0,4317441.0,32655400.0,16771000.0,15884400.0,7474011.0,24475766.0,7780301.0,7780301.0,98.512,0.802,5035800.0,5249500.0,6283800.0,5474500.0,3841900.0,3121600.0,2180400.0,1070700.0,397000.0,132.21222217458674
MY,2021,MY,Malaysia,0,2645076.0,31016.0,2596438.0,37528299.0,2758086.0,31487.0,2685378.0,41845740.0,32655400.0,16771000.0,15884400.0,7474011.0,24475766.0,7780301.0,7780301.0,98.512,0.802,5035800.0,5249500.0,6283800.0,5474500.0,3841900.0,3121600.0,2180400.0,1070700.0,397000.0,1149.2218438604336
MY,2022,MY,Malaysia,0,2055616.0,4812.0,2064820.0,22265536.0,4813702.0,36299.0,4750198.0,64111276.0,32655400.0,16771000.0,15884400.0,7474011.0,24475766.0,7780301.0,7780301.0,98.512,0.802,5035800.0,5249500.0,6283800.0,5474500.0,3841900.0,3121600.0,2180400.0,1070700.0,397000.0,681.8332036967853
MZ,2020,MZ,Mozambique,0,18794.0,167.0,0.0,268814.0,18794.0,167.0,0.0,273329.0,31255435.0,15188235.0,16067200.0,19273930.0,11092106.0,1668740.0,2773054.0,39.746,0.437,9717782.0,7595458.0,5294495.0,3588739.0,2289288.0,1400167.0,843662.0,420845.0,104999.0,8.600552191962775
MZ,2021,MZ,Mozambique,0,172928.0,1845.0,0.0,659468.0,191722.0,2012.0,0.0,1067326.0,31255435.0,15188235.0,16067200.0,19273930.0,11092106.0,1668740.0,2773054.0,39.746,0.437,9717782.0,7595458.0,5294495.0,3588739.0,2289288.0,1400167.0,843662.0,420845.0,104999.0,21.09930640862941
MZ,2022,MZ,Mozambique,0,38462.0,210.0,0.0,15769.0,230184.0,2222.0,0.0,1341769.0,31255435.0,15188235.0,16067200.0,19273930.0,11092106.0,1668740.0,2773054.0,39.746,0.437,9717782.0,7595458.0,5294495.0,3588739.0,2289288.0,1400167.0,843662.0,420845.0,104999.0,0.5045202538374526
NC,2020,NC,New Caledonia,0,38.0,0.0,0.0,0.0,38.0,0.0,0.0,0.0,285491.0,143498.0,141993.0,83163.0,204637.0,2159137.0,3137690.0,15.618,0.735,41314.0,43203.0,43192.0,41491.0,40823.0,34951.0,22795.0,13303.0,4419.0,0.0
NC,2021,NC,New Caledonia,0,12890.0,281.0,0.0,0.0,12928.0,281.0,0.0,0.0,285491.0,143498.0,141993.0,83163.0,204637.0,2159137.0,3137690.0,15.618,0.735,41314.0,43203.0,43192.0,41491.0,40823.0,34951.0,22795.0,13303.0,4419.0,0.0
NC,2022,NC,New Caledonia,0,61294.0,33.0,0.0,0.0,74222.0,314.0,0.0,0.0,285491.0,143498.0,141993.0,83163.0,204637.0,2159137.0,3137690.0,15.618,0.735,41314.0,43203.0,43192.0,41491.0,40823.0,34951.0,22795.0,13303.0,4419.0,0.0
NE,2020,NE,Niger,0,3403.0,106.0,0.0,0.0,3403.0,106.0,0.0,0.0,24206636.0,12170165.0,12036471.0,19460484.0,3850231.0,1251511.0,1251511.0,19.11,0.354,8758026.0,5901125.0,3717357.0,2259015.0,1528694.0,1046850.0,644749.0,295959.0,54861.0,0.0
NE,2021,NE,Niger,0,4035.0,170.0,0.0,0.0,7438.0,276.0,0.0,0.0,24206636.0,12170165.0,12036471.0,19460484.0,3850231.0,1251511.0,1251511.0,19.11,0.354,8758026.0,5901125.0,3717357.0,2259015.0,1528694.0,1046850.0,644749.0,295959.0,54861.0,0.0
NE,2022,NE,Niger,0,1950.0,36.0,0.0,1713.0,9388.0,312.0,0.0,254538.0,24206636.0,12170165.0,12036471.0,19460484.0,3850231.0,1251511.0,1251511.0,19.11,0.354,8758026.0,5901125.0,3717357.0,2259015.0,1528694.0,1046850.0,644749.0,295959.0,54861.0,0.07076571895409177
NG,2020,NG,Nigeria,0,88587.0,1294.0,0.0,511053.0,88587.0,1294.0,0.0,948048.0,206139587.0,104469637.0,101669950.0,98156651.0,102806948.0,13903620.0,33486829.0,226.336,0.532,63852441.0,47703190.0,33177419.0,24368050.0,17037461.0,10700171.0,6258526.0,2623703.0,418626.0,2.479159910221417
NG,2021,NG,Nigeria,0,154290.0,1739.0,0.0,191002.0,242877.0,3033.0,0.0,3823309.0,206139587.0,104469637.0,101669950.0,98156651.0,102806948.0,13903620.0,33486829.0,226.336,0.532,63852441.0,47703190.0,33177419.0,24368050.0,17037461.0,10700171.0,6258526.0,2623703.0,418626.0,0.9265663271169744
NG,2022,NG,Nigeria,0,21740.0,121.0,0.0,0.0,264617.0,3154.0,0.0,5279608.0,206139587.0,104469637.0,101669950.0,98156651.0,102806948.0,13903620.0,33486829.0,226.336,0.532,63852441.0,47703190.0,33177419.0,24368050.0,17037461.0,10700171.0,6258526.0,2623703.0,418626.0,0.0
NI,2020,NI,Nicaragua,0,4829.0,165.0,0.0,0.0,4829.0,165.0,0.0,0.0,6624554.0,3264849.0,3359705.0,2699365.0,3846137.0,1055472.0,1055472.0,55.049,0.631,1317146.0,1240161.0,1166000.0,1055452.0,763037.0,507320.0,348752.0,150502.0,76184.0,0.0
NI,2021,NI,Nicaragua,0,8734.0,52.0,0.0,0.0,13563.0,217.0,0.0,0.0,6624554.0,3264849.0,3359705.0,2699365.0,3846137.0,1055472.0,1055472.0,55.049,0.631,1317146.0,1240161.0,1166000.0,1055452.0,763037.0,507320.0,348752.0,150502.0,76184.0,0.0
NI,2022,NI,Nicaragua,0,1427.0,27.0,0.0,0.0,14990.0,244.0,0.0,196380.0,6624554.0,3264849.0,3359705.0,2699365.0,3846137.0,1055472.0,1055472.0,55.049,0.631,1317146.0,1240161.0,1166000.0,1055452.0,763037.0,507320.0,348752.0,150502.0,76184.0,0.0
NL,2020,NL,Netherlands,0,803707.0,11495.0,0.0,6263853.0,803707.0,11495.0,0.0,6263853.0,17282163.0,8581086.0,8701077.0,1408121.0,15924729.0,1140339.0,2149006.0,504.0,0.931,1783504.0,2008334.0,2201788.0,2108199.0,2261107.0,2508388.0,2089913.0,1522110.0,798820.0,362.4461243653355
NL,2021,NL,Netherlands,0,2343451.0,9449.0,0.0,15876197.0,3147158.0,20944.0,0.0,22140050.0,17282163.0,8581086.0,8701077.0,1408121.0,15924729.0,1140339.0,2149006.0,504.0,0.931,1783504.0,2008334.0,2201788.0,2108199.0,2261107.0,2508388.0,2089913.0,1522110.0,798820.0,918.6464101744672
NL,2022,NL,Netherlands,0,5254114.0,1676.0,0.0,8547296.0,8401272.0,22620.0,0.0,30687346.0,17282163.0,8581086.0,8701077.0,1408121.0,15924729.0,1140339.0,2149006.0,504.0,0.931,1783504.0,2008334.0,2201788.0,2108199.0,2261107.0,2508388.0,2089913.0,1522110.0,798820.0,494.5732776620612
NO,2020,NO,Norway,0,50217.0,436.0,0.0,2744407.0,50217.0,436.0,0.0,2744407.0,5328212.0,2685073.0,2643139.0,929678.0,4418218.0,1026758.0,1026758.0,17.2,0.957,614916.0,640541.0,712419.0,717369.0,728639.0,691744.0,576747.0,419838.0,225999.0,515.0709093406945
NO,2021,NO,Norway,0,347521.0,984.0,0.0,6520364.0,397738.0,1420.0,0.0,9264771.0,5328212.0,2685073.0,2643139.0,929678.0,4418218.0,1026758.0,1026758.0,17.2,0.957,614916.0,640541.0,712419.0,717369.0,728639.0,691744.0,576747.0,419838.0,225999.0,1223.7433495514067
NO,2022,NO,Norway,0,1063463.0,2618.0,0.0,1889793.0,1461201.0,4038.0,0.0,11154564.0,5328212.0,2685073.0,2643139.0,929678.0,4418218.0,1026758.0,1026758.0,17.2,0.957,614916.0,640541.0,712419.0,717369.0,728639.0,691744.0,576747.0,419838.0,225999.0,354.6767658644213
NP,2020,NP,Nepal,0,261438.0,2776.0,0.0,1913138.0,261438.0,2776.0,0.0,1937702.0,29136808.0,13348435.0,15788373.0,22843197.0,5765513.0,1376108.0,1376108.0,203.256,0.574,5462983.0,6120130.0,5886374.0,3792742.0,3045653.0,2307700.0,1488078.0,811535.0,221613.0,65.66052122113034
NP,2021,NP,Nepal,0,567548.0,8820.0,0.0,3679917.0,828986.0,11596.0,0.0,5694312.0,29136808.0,13348435.0,15788373.0,22843197.0,5765513.0,1376108.0,1376108.0,203.256,0.574,5462983.0,6120130.0,5886374.0,3792742.0,3045653.0,2307700.0,1488078.0,811535.0,221613.0,126.29787724173491
NP,2022,NP,Nepal,0,170135.0,419.0,0.0,809848.0,999121.0,12015.0,0.0,6969050.0,29136808.0,13348435.0,15788373.0,22843197.0,5765513.0,1376108.0,1376108.0,203.256,0.574,5462983.0,6120130.0,5886374.0,3792742.0,3045653.0,2307700.0,1488078.0,811535.0,221613.0,27.794671262548732
NR,2020,NR,Nauru,0,0.0,0.0,0.0,0.0,0.0,0.0,0.0,0.0,10834.0,4785.0,5460.0,0.0,12581.0,2159137.0,3137690.0,541.7,0.735,2210.0,1830.0,1547.0,1941.0,1191.0,885.0,499.0,118.0,22.0,0.0
NR,2021,NR,Nauru,0,0.0,0.0,0.0,0.0,0.0,0.0,0.0,0.0,10834.0,4785.0,5460.0,0.0,12581.0,2159137.0,3137690.0,541.7,0.735,2210.0,1830.0,1547.0,1941.0,1191.0,885.0,499.0,118.0,22.0,0.0
NR,2022,NR,Nauru,0,4610.0,1.0,0.0,0.0,4610.0,1.0,0.0,0.0,10834.0,4785.0,5460.0,0.0,12581.0,2159137.0,3137690.0,541.7,0.735,2210.0,1830.0,1547.0,1941.0,1191.0,885.0,499.0,118.0,22.0,0.0
NU,2020,NU,Niue,0,0.0,0.0,0.0,0.0,0.0,0.0,0.0,0.0,1618.0,688.0,703.0,1758851.0,3850231.0,2159137.0,3137690.0,6.223,0.735,256.0,216.0,177.0,163.0,164.0,186.0,110.0,84.0,34.0,0.0
NU,2021,NU,Niue,0,0.0,0.0,0.0,0.0,0.0,0.0,0.0,0.0,1618.0,688.0,703.0,1758851.0,3850231.0,2159137.0,3137690.0,6.223,0.735,256.0,216.0,177.0,163.0,164.0,186.0,110.0,84.0,34.0,0.0
NU,2022,NU,Niue,0,78.0,0.0,0.0,0.0,78.0,0.0,0.0,0.0,1618.0,688.0,703.0,1758851.0,3850231.0,2159137.0,3137690.0,6.223,0.735,256.0,216.0,177.0,163.0,164.0,186.0,110.0,84.0,34.0,0.0
NZ,2020,NZ,New Zealand,0,2201.0,25.0,0.0,1288433.0,2174.0,25.0,0.0,1405854.0,4822233.0,2370163.0,2452070.0,658140.0,4258860.0,1582028.0,1582028.0,18.314,0.917,615284.0,624953.0,671235.0,619066.0,591874.0,628691.0,522312.0,361832.0,186986.0,267.18596965347797
NZ,2021,NZ,New Zealand,0,12055.0,26.0,0.0,2690895.0,14204.0,51.0,0.0,5577146.0,4822233.0,2370163.0,2452070.0,658140.0,4258860.0,1582028.0,1582028.0,18.314,0.917,615284.0,624953.0,671235.0,619066.0,591874.0,628691.0,522312.0,361832.0,186986.0,558.0184532767288
NZ,2022,NZ,New Zealand,0,1732027.0,2904.0,0.0,278746.0,1745181.0,2955.0,0.0,7264156.0,4822233.0,2370163.0,2452070.0,658140.0,4258860.0,1582028.0,1582028.0,18.314,0.917,615284.0,624953.0,671235.0,619066.0,591874.0,628691.0,522312.0,361832.0,186986.0,57.80434085204924
OM,2020,OM,Oman,0,128867.0,1499.0,0.0,0.0,128867.0,1499.0,0.0,0.0,5106622.0,3370230.0,1736392.0,724209.0,4250777.0,1501635.0,1501635.0,16.5,0.821,832573.0,530304.0,1085543.0,1439820.0,684969.0,315600.0,142787.0,53058.0,21968.0,0.0
OM,2021,OM,Oman,0,176843.0,2984.0,0.0,0.0,305710.0,4483.0,0.0,0.0,5106622.0,3370230.0,1736392.0,724209.0,4250777.0,1501635.0,1501635.0,16.5,0.821,832573.0,530304.0,1085543.0,1439820.0,684969.0,315600.0,142787.0,53058.0,21968.0,0.0
OM,2022,OM,Oman,0,92283.0,145.0,0.0,0.0,397993.0,4628.0,0.0,2031675.0,5106622.0,3370230.0,1736392.0,724209.0,4250777.0,1501635.0,1501635.0,16.5,0.821,832573.0,530304.0,1085543.0,1439820.0,684969.0,315600.0,142787.0,53058.0,21968.0,0.0
PA,2020,PA,Panama,0,246790.0,4022.0,0.0,1313013.0,246790.0,4022.0,0.0,1313780.0,4314768.0,2159880.0,2154888.0,1356355.0,2890084.0,1821693.0,1821693.0,58.041,0.78,773779.0,726609.0,678255.0,618595.0,556395.0,432979.0,282632.0,157808.0,87716.0,304.30674372295334
PA,2021,PA,Panama,0,249130.0,3406.0,0.0,3044941.0,495920.0,7428.0,0.0,4521045.0,4314768.0,2159880.0,2154888.0,1356355.0,2890084.0,1821693.0,1821693.0,58.041,0.78,773779.0,726609.0,678255.0,618595.0,556395.0,432979.0,282632.0,157808.0,87716.0,705.7021374034479
PA,2022,PA,Panama,0,488314.0,1059.0,0.0,1292813.0,984234.0,8487.0,0.0,6499239.0,4314768.0,2159880.0,2154888.0,1356355.0,2890084.0,1821693.0,1821693.0,58.041,0.78,773779.0,726609.0,678255.0,618595.0,556395.0,432979.0,282632.0,157808.0,87716.0,299.6251478642653
PE,2020,PE,Peru,0,1022612.0,93978.0,0.0,0.0,1022603.0,93978.0,0.0,5537730.0,29381884.0,14450757.0,14931127.0,7120114.0,25390339.0,10554712.0,10554712.0,25.759,0.75,5140624.0,5035905.0,4895056.0,4379777.0,3660378.0,2772568.0,1846407.0,1078066.0,573103.0,0.0
PE,2021,PE,Peru,0,1281371.0,108696.0,0.0,0.0,2303974.0,202674.0,0.0,21843645.0,29381884.0,14450757.0,14931127.0,7120114.0,25390339.0,10554712.0,10554712.0,25.759,0.75,5140624.0,5035905.0,4895056.0,4379777.0,3660378.0,2772568.0,1846407.0,1078066.0,573103.0,0.0
PE,2022,PE,Peru,0,1839310.0,13744.0,0.0,0.0,4127612.0,216173.0,0.0,28971116.0,29381884.0,14450757.0,14931127.0,7120114.0,25390339.0,10554712.0,10554712.0,25.759,0.75,5140624.0,5035905.0,4895056.0,4379777.0,3660378.0,2772568.0,1846407.0,1078066.0,573103.0,0.0
PF,2020,PF,French Polynesia,0,16926.0,114.0,0.0,0.0,16926.0,114.0,0.0,0.0,280904.0,142261.0,138643.0,106417.0,172870.0,2159137.0,3137690.0,76.75,0.735,39634.0,44134.0,40380.0,43367.0,39588.0,35649.0,23042.0,10823.0,4287.0,0.0
PF,2021,PF,French Polynesia,0,29499.0,522.0,0.0,0.0,46425.0,636.0,0.0,0.0,280904.0,142261.0,138643.0,106417.0,172870.0,2159137.0,3137690.0,76.75,0.735,39634.0,44134.0,40380.0,43367.0,39588.0,35649.0,23042.0,10823.0,4287.0,0.0
PF,2022,PF,French Polynesia,0,30153.0,13.0,0.0,0.0,76578.0,649.0,0.0,0.0,280904.0,142261.0,138643.0,106417.0,172870.0,2159137.0,3137690.0,76.75,0.735,39634.0,44134.0,40380.0,43367.0,39588.0,35649.0,23042.0,10823.0,4287.0,0.0
PG,2020,PG,Papua New Guinea,0,780.0,9.0,0.0,0.0,780.0,9.0,0.0,0.0,8947027.0,4568072.0,4378955.0,7613275.0,1162834.0,374517.0,3137690.0,19.757,0.555,2150348.0,1917883.0,1554184.0,1220537.0,938384.0,629119.0,372086.0,136655.0,27831.0,0.0
PG,2021,PG,Papua New Guinea,0,35410.0,581.0,0.0,0.0,36190.0,590.0,0.0,0.0,8947027.0,4568072.0,4378955.0,7613275.0,1162834.0,374517.0,3137690.0,19.757,0.555,2150348.0,1917883.0,1554184.0,1220537.0,938384.0,629119.0,372086.0,136655.0,27831.0,0.0
PG,2022,PG,Papua New Guinea,0,8741.0,74.0,0.0,0.0,44931.0,664.0,0.0,249149.0,8947027.0,4568072.0,4378955.0,7613275.0,1162834.0,374517.0,3137690.0,19.757,0.555,2150348.0,1917883.0,1554184.0,1220537.0,938384.0,629119.0,372086.0,136655.0,27831.0,0.0
PH,2020,PH,Philippines,0,477294.0,11459.0,157243.0,6387800.0,477292.0,11459.0,157243.0,6408076.0,100979303.0,51069962.0,49909341.0,57140712.0,50975903.0,13698889.0,15483831.0,367.512,0.699,21661851.0,20685127.0,17827941.0,14084581.0,11133653.0,8037381.0,4677308.0,2079178.0,792283.0,63.258507537925865
PH,2021,PH,Philippines,0,2366669.0,39873.0,251743.0,17370116.0,2843869.0,51504.0,408986.0,23778192.0,100979303.0,51069962.0,49909341.0,57140712.0,50975903.0,13698889.0,15483831.0,367.512,0.699,21661851.0,20685127.0,17827941.0,14084581.0,11133653.0,8037381.0,4677308.0,2079178.0,792283.0,172.01659631182045
PH,2022,PH,Philippines,0,1067618.0,10912.0,0.0,4059605.0,3911487.0,62416.0,0.0,28472887.0,100979303.0,51069962.0,49909341.0,57140712.0,50975903.0,13698889.0,15483831.0,367.512,0.699,21661851.0,20685127.0,17827941.0,14084581.0,11133653.0,8037381.0,4677308.0,2079178.0,792283.0,40.20234720772434
PK,2020,PK,Pakistan,0,482242.0,9912.0,0.0,6695117.0,479951.0,9881.0,0.0,6678264.0,220892331.0,113672007.0,107220324.0,136637556.0,79927762.0,15741406.0,43765501.0,286.546,0.562,53462232.0,45427436.0,39930362.0,30816023.0,21248747.0,15122613.0,8902414.0,4558929.0,1423575.0,30.309413503359696
PK,2021,PK,Pakistan,0,813781.0,18766.0,0.0,16656786.0,1293732.0,28647.0,0.0,23335050.0,220892331.0,113672007.0,107220324.0,136637556.0,79927762.0,15741406.0,43765501.0,286.546,0.562,53462232.0,45427436.0,39930362.0,30816023.0,21248747.0,15122613.0,8902414.0,4558929.0,1423575.0,75.40680984529065
PK,2022,PK,Pakistan,0,293549.0,1671.0,0.0,36864786.0,1583784.0,30604.0,0.0,60199836.0,220892331.0,113672007.0,107220324.0,136637556.0,79927762.0,15741406.0,43765501.0,286.546,0.562,53462232.0,45427436.0,39930362.0,30816023.0,21248747.0,15122613.0,8902414.0,4558929.0,1423575.0,166.89029371508602
PL,2020,PL,Poland,0,1313001.0,29131.0,0.0,1416475.0,1315974.0,29143.0,0.0,7604343.0,37972812.0,18380376.0,19592436.0,15174300.0,22796574.0,1775933.0,1775933.0,123.6,0.843,3911198.0,3732338.0,4691826.0,6081901.0,5375618.0,4720992.0,5153192.0,2645371.0,1660376.0,37.302346742190174
PL,2021,PL,Poland,0,2813036.0,68808.0,0.0,18806872.0,4129033.0,97595.0,0.0,27906302.0,37972812.0,18380376.0,19592436.0,15174300.0,22796574.0,1775933.0,1775933.0,123.6,0.843,3911198.0,3732338.0,4691826.0,6081901.0,5375618.0,4720992.0,5153192.0,2645371.0,1660376.0,495.2720383204699
PL,2022,PL,Poland,0,2075303.0,19751.0,0.0,9888331.0,6233117.0,117316.0,0.0,36962382.0,37972812.0,18380376.0,19592436.0,15174300.0,22796574.0,1775933.0,1775933.0,123.6,0.843,3911198.0,3732338.0,4691826.0,6081901.0,5375618.0,4720992.0,5153192.0,2645371.0,1660376.0,260.40555016046744
PN,2020,PN,Pitcairn Islands,0,0.0,0.0,0.0,0.0,0.0,0.0,0.0,0.0,50.0,2723290.0,2761414.0,1758851.0,3850231.0,2159137.0,3137690.0,92.85499999999999,0.735,773779.0,718837.0,824456.0,846180.0,686435.0,535459.0,348752.0,171250.0,52206.0,0.0
PN,2021,PN,Pitcairn Islands,0,0.0,0.0,0.0,0.0,0.0,0.0,0.0,0.0,50.0,2723290.0,2761414.0,1758851.0,3850231.0,2159137.0,3137690.0,92.85499999999999,0.735,773779.0,718837.0,824456.0,846180.0,686435.0,535459.0,348752.0,171250.0,52206.0,0.0
PN,2022,PN,Pitcairn Islands,0,4.0,0.0,0.0,0.0,4.0,0.0,0.0,0.0,50.0,2723290.0,2761414.0,1758851.0,3850231.0,2159137.0,3137690.0,92.85499999999999,0.735,773779.0,718837.0,824456.0,846180.0,686435.0,535459.0,348752.0,171250.0,52206.0,0.0
PR,2020,PR,Puerto Rico,0,77054.0,1521.0,0.0,364462.0,77054.0,1521.0,0.0,364462.0,2860840.0,1355518.0,1505322.0,205163.0,2988531.0,2451375.0,2451375.0,322.53,0.735,240324.0,394666.0,288753.0,331517.0,399244.0,414184.0,361025.0,273681.0,157446.0,127.39684847806937
PR,2021,PR,Puerto Rico,0,195236.0,1787.0,0.0,1881769.0,272290.0,3308.0,0.0,2246231.0,2860840.0,1355518.0,1505322.0,205163.0,2988531.0,2451375.0,2451375.0,322.53,0.735,240324.0,394666.0,288753.0,331517.0,399244.0,414184.0,361025.0,273681.0,157446.0,657.7679982103158
PR,2022,PR,Puerto Rico,0,671682.0,1745.0,0.0,772884.0,943972.0,5053.0,0.0,3019115.0,2860840.0,1355518.0,1505322.0,205163.0,2988531.0,2451375.0,2451375.0,322.53,0.735,240324.0,394666.0,288753.0,331517.0,399244.0,414184.0,361025.0,273681.0,157446.0,270.159813201717
PS,2020,PS,Palestine,0,156815.0,1550.0,0.0,644232.0,156815.0,1550.0,0.0,0.0,5101416.0,2586971.0,2514445.0,1103858.0,3581448.0,693323.0,3137690.0,847.411,0.735,1364528.0,1109493.0,965725.0,664296.0,448140.0,297318.0,151853.0,77835.0,22228.0,126.28493735856868
PS,2021,PS,Palestine,0,313843.0,3392.0,0.0,1855022.0,470658.0,4942.0,0.0,0.0,5101416.0,2586971.0,2514445.0,1103858.0,3581448.0,693323.0,3137690.0,847.411,0.735,1364528.0,1109493.0,965725.0,664296.0,448140.0,297318.0,151853.0,77835.0,22228.0,363.6288434426834
PS,2022,PS,Palestine,0,232110.0,765.0,0.0,551264.0,702768.0,5707.0,0.0,0.0,5101416.0,2586971.0,2514445.0,1103858.0,3581448.0,693323.0,3137690.0,847.411,0.735,1364528.0,1109493.0,965725.0,664296.0,448140.0,297318.0,151853.0,77835.0,22228.0,108.06097757955831
PT,2020,PT,Portugal,0,399592.0,6977.0,30049.0,5695729.0,400591.0,6984.0,30049.0,5695754.0,10276617.0,4852366.0,5424251.0,3515838.0,6753579.0,2942097.0,4251902.0,113.0,0.83,897215.0,1063095.0,1086035.0,1261879.0,1576493.0,1478921.0,1286927.0,964596.0,661456.0,554.241634187593
PT,2021,PT,Portugal,0,1013946.0,11989.0,0.0,21191752.0,1414537.0,18973.0,0.0,26887506.0,10276617.0,4852366.0,5424251.0,3515838.0,6753579.0,2942097.0,4251902.0,113.0,0.83,897215.0,1063095.0,1086035.0,1261879.0,1576493.0,1478921.0,1286927.0,964596.0,661456.0,2062.133093020787
PT,2022,PT,Portugal,0,4036923.0,5971.0,0.0,15937925.0,5451460.0,24944.0,0.0,42825431.0,10276617.0,4852366.0,5424251.0,3515838.0,6753579.0,2942097.0,4251902.0,113.0,0.83,897215.0,1063095.0,1086035.0,1261879.0,1576493.0,1478921.0,1286927.0,964596.0,661456.0,1550.892185628792
PW,2020,PW,Palau,0,0.0,0.0,0.0,0.0,0.0,0.0,0.0,0.0,18092.0,14679.0,13759.0,3517.0,14491.0,2159137.0,3137690.0,39.33,0.798,3217.0,4437.0,4722.0,4286.0,3960.0,3859.0,2245.0,1046.0,665.0,0.0
PW,2021,PW,Palau,0,12.0,0.0,0.0,0.0,12.0,0.0,0.0,0.0,18092.0,14679.0,13759.0,3517.0,14491.0,2159137.0,3137690.0,39.33,0.798,3217.0,4437.0,4722.0,4286.0,3960.0,3859.0,2245.0,1046.0,665.0,0.0
PW,2022,PW,Palau,0,5447.0,6.0,0.0,0.0,5430.0,6.0,0.0,59627.0,18092.0,14679.0,13759.0,3517.0,14491.0,2159137.0,3137690.0,39.33,0.798,3217.0,4437.0,4722.0,4286.0,3960.0,3859.0,2245.0,1046.0,665.0,0.0
PY,2020,PY,Paraguay,0,107932.0,2262.0,0.0,563487.0,107932.0,2262.0,0.0,563496.0,7132530.0,3624360.0,3508170.0,2685486.0,4359150.0,3279160.0,3279160.0,17.953,0.702,1383911.0,1336278.0,1321043.0,1109126.0,727638.0,548364.0,402162.0,213725.0,90283.0,79.00240167233787
PY,2021,PY,Paraguay,0,360093.0,14367.0,0.0,1489508.0,468025.0,16629.0,0.0,2053004.0,7132530.0,3624360.0,3508170.0,2685486.0,4359150.0,3279160.0,3279160.0,17.953,0.702,1383911.0,1336278.0,1321043.0,1109126.0,727638.0,548364.0,402162.0,213725.0,90283.0,208.83305082488263
PY,2022,PY,Paraguay,0,247781.0,2901.0,0.0,544475.0,715806.0,19530.0,0.0,2609819.0,7132530.0,3624360.0,3508170.0,2685486.0,4359150.0,3279160.0,3279160.0,17.953,0.702,1383911.0,1336278.0,1321043.0,1109126.0,727638.0,548364.0,402162.0,213725.0,90283.0,76.33686784352817
QA,2020,QA,Qatar,0,144042.0,245.0,0.0,0.0,144042.0,245.0,0.0,0.0,2881060.0,2165135.0,715925.0,22996.0,2809071.0,715997.0,3137690.0,248.153,0.856,270536.0,228400.0,717371.0,846180.0,461800.0,254161.0,81796.0,16725.0,4091.0,0.0
QA,2021,QA,Qatar,0,107319.0,373.0,0.0,4195125.0,251361.0,618.0,0.0,4195125.0,2881060.0,2165135.0,715925.0,22996.0,2809071.0,715997.0,3137690.0,248.153,0.856,270536.0,228400.0,717371.0,846180.0,461800.0,254161.0,81796.0,16725.0,4091.0,1456.1046975765864
QA,2022,QA,Qatar,0,187138.0,64.0,0.0,3379298.0,438499.0,682.0,0.0,7574423.0,2881060.0,2165135.0,715925.0,22996.0,2809071.0,715997.0,3137690.0,248.153,0.856,270536.0,228400.0,717371.0,846180.0,461800.0,254161.0,81796.0,16725.0,4091.0,1172.9356556267485
RE,2020,RE,Réunion,0,9037.0,42.0,0.0,0.0,9037.0,42.0,0.0,0.0,895308.0,433301.0,462007.0,1758851.0,3850231.0,2159137.0,3137690.0,358.123,0.735,132392.0,138862.0,118272.0,99451.0,117326.0,125415.0,90557.0,47534.0,25499.0,0.0
RE,2021,RE,Réunion,0,67565.0,367.0,0.0,0.0,76602.0,409.0,0.0,0.0,895308.0,433301.0,462007.0,1758851.0,3850231.0,2159137.0,3137690.0,358.123,0.735,132392.0,138862.0,118272.0,99451.0,117326.0,125415.0,90557.0,47534.0,25499.0,0.0
RE,2022,RE,Réunion,0,398021.0,475.0,0.0,0.0,474623.0,884.0,0.0,0.0,895308.0,433301.0,462007.0,1758851.0,3850231.0,2159137.0,3137690.0,358.123,0.735,132392.0,138862.0,118272.0,99451.0,117326.0,125415.0,90557.0,47534.0,25499.0,0.0
RO,2020,RO,Romania,0,627123.0,15662.0,553822.0,0.0,632263.0,15767.0,560793.0,4479391.0,19414458.0,9500450.0,9914008.0,8887751.0,10468793.0,1812290.0,1812290.0,83.1,0.811,1986149.0,2092528.0,2143243.0,2718256.0,3061663.0,2475964.0,2547260.0,1482997.0,906398.0,0.0
RO,2021,RO,Romania,0,1130876.0,41668.0,1108017.0,0.0,1808891.0,58752.0,1738999.0,16695984.0,19414458.0,9500450.0,9914008.0,8887751.0,10468793.0,1812290.0,1812290.0,83.1,0.811,1986149.0,2092528.0,2143243.0,2718256.0,3061663.0,2475964.0,2547260.0,1482997.0,906398.0,0.0
RO,2022,RO,Romania,0,1403659.0,7792.0,760133.0,0.0,3247140.0,66882.0,2606660.0,21260367.0,19414458.0,9500450.0,9914008.0,8887751.0,10468793.0,1812290.0,1812290.0,83.1,0.811,1986149.0,2092528.0,2143243.0,2718256.0,3061663.0,2475964.0,2547260.0,1482997.0,906398.0,0.0
RS,2020,RS,Serbia,0,339997.0,3250.0,0.0,2305552.0,339997.0,3250.0,0.0,2305585.0,6963764.0,3392811.0,3570953.0,3037732.0,3907243.0,1393717.0,1393717.0,91.0,0.771,654145.0,694332.0,804338.0,958562.0,971473.0,944645.0,1021979.0,595246.0,319044.0,331.07842253126324
RS,2021,RS,Serbia,0,960952.0,9489.0,0.0,4944764.0,1300949.0,12739.0,0.0,7250349.0,6963764.0,3392811.0,3570953.0,3037732.0,3907243.0,1393717.0,1393717.0,91.0,0.771,654145.0,694332.0,804338.0,958562.0,971473.0,944645.0,1021979.0,595246.0,319044.0,710.0705882623248
RS,2022,RS,Serbia,0,1023770.0,4107.0,0.0,2602550.0,2324719.0,16846.0,0.0,9852899.0,6963764.0,3392811.0,3570953.0,3037732.0,3907243.0,1393717.0,1393717.0,91.0,0.771,654145.0,694332.0,804338.0,958562.0,971473.0,944645.0,1021979.0,595246.0,319044.0,373.72748415942874
RU,2020,RU,Russia,0,3186336.0,57555.0,0.0,87120464.0,3186336.0,57555.0,0.0,91123132.0,145934460.0,67640299.0,78294161.0,36689646.0,107683889.0,12476171.0,33674031.0,8.911,0.816,18622607.0,15256037.0,15607785.0,24468555.0,20375317.0,18897666.0,18501369.0,8549718.0,5655406.0,596.9834951936643
RU,2021,RU,Russia,0,7333397.0,252152.0,0.0,60597999.0,10519733.0,309707.0,0.0,240477547.0,145934460.0,67640299.0,78294161.0,36689646.0,107683889.0,12476171.0,33674031.0,8.911,0.816,18622607.0,15256037.0,15607785.0,24468555.0,20375317.0,18897666.0,18501369.0,8549718.0,5655406.0,415.24119114841005
RU,2022,RU,Russia,0,9745271.0,76020.0,0.0,8297352.0,20265004.0,385727.0,0.0,295244836.0,145934460.0,67640299.0,78294161.0,36689646.0,107683889.0,12476171.0,33674031.0,8.911,0.816,18622607.0,15256037.0,15607785.0,24468555.0,20375317.0,18897666.0,18501369.0,8549718.0,5655406.0,56.856701289058115
RW,2020,RW,Rwanda,0,8460.0,94.0,0.0,627970.0,8460.0,94.0,0.0,725804.0,12952209.0,6367431.0,6584778.0,10440846.0,2186104.0,1094796.0,1094796.0,525.019,0.524,3561023.0,2905795.0,2211043.0,1812554.0,1070094.0,728447.0,445154.0,174817.0,43282.0,48.48362159690289
RW,2021,RW,Rwanda,0,104194.0,1257.0,0.0,1973703.0,112654.0,1351.0,0.0,4010433.0,12952209.0,6367431.0,6584778.0,10440846.0,2186104.0,1094796.0,1094796.0,525.019,0.524,3561023.0,2905795.0,2211043.0,1812554.0,1070094.0,728447.0,445154.0,174817.0,43282.0,152.3835046207176
RW,2022,RW,Rwanda,0,19820.0,115.0,0.0,1427479.0,132474.0,1466.0,0.0,5534918.0,12952209.0,6367431.0,6584778.0,10440846.0,2186104.0,1094796.0,1094796.0,525.019,0.524,3561023.0,2905795.0,2211043.0,1812554.0,1070094.0,728447.0,445154.0,174817.0,43282.0,110.21123887052781
SA,2020,SA,Saudi Arabia,0,362878.0,6230.0,0.0,11073936.0,362878.0,6230.0,0.0,11073936.0,34813867.0,20131308.0,14682559.0,5460690.0,28807838.0,7070665.0,16282472.0,16.195,0.853,5956216.0,4860281.0,5354760.0,6980363.0,6408789.0,3216572.0,1373521.0,493856.0,169509.0,318.08980025114704
SA,2021,SA,Saudi Arabia,0,194204.0,2648.0,0.0,22322288.0,557082.0,8878.0,0.0,33396224.0,34813867.0,20131308.0,14682559.0,5460690.0,28807838.0,7070665.0,16282472.0,16.195,0.853,5956216.0,4860281.0,5354760.0,6980363.0,6408789.0,3216572.0,1373521.0,493856.0,169509.0,641.1895581723226
SA,2022,SA,Saudi Arabia,0,257747.0,444.0,0.0,9855161.0,814829.0,9322.0,0.0,43251385.0,34813867.0,20131308.0,14682559.0,5460690.0,28807838.0,7070665.0,16282472.0,16.195,0.853,5956216.0,4860281.0,5354760.0,6980363.0,6408789.0,3216572.0,1373521.0,493856.0,169509.0,283.081480146977
SB,2020,SB,Solomon Islands,0,17.0,0.0,0.0,0.0,17.0,0.0,0.0,0.0,686878.0,349262.0,337616.0,507659.0,162164.0,2159137.0,3137690.0,24.54,0.546,196170.0,148825.0,111830.0,82050.0,68670.0,40695.0,22978.0,11993.0,3667.0,0.0
SB,2021,SB,Solomon Islands,0,7.0,0.0,0.0,0.0,24.0,0.0,0.0,0.0,686878.0,349262.0,337616.0,507659.0,162164.0,2159137.0,3137690.0,24.54,0.546,196170.0,148825.0,111830.0,82050.0,68670.0,40695.0,22978.0,11993.0,3667.0,0.0
SB,2022,SB,Solomon Islands,0,21520.0,153.0,0.0,0.0,21544.0,153.0,0.0,0.0,686878.0,349262.0,337616.0,507659.0,162164.0,2159137.0,3137690.0,24.54,0.546,196170.0,148825.0,111830.0,82050.0,68670.0,40695.0,22978.0,11993.0,3667.0,0.0
SC,2020,SC,Seychelles,0,274.0,1.0,0.0,0.0,274.0,1.0,0.0,0.0,98340.0,50439.0,47901.0,41863.0,55762.0,2159137.0,3137690.0,213.783,0.797,15933.0,13866.0,13431.0,14486.0,14873.0,12977.0,7909.0,3205.0,1660.0,0.0
SC,2021,SC,Seychelles,0,24889.0,125.0,0.0,0.0,25163.0,126.0,0.0,0.0,98340.0,50439.0,47901.0,41863.0,55762.0,2159137.0,3137690.0,213.783,0.797,15933.0,13866.0,13431.0,14486.0,14873.0,12977.0,7909.0,3205.0,1660.0,0.0
SC,2022,SC,Seychelles,0,21195.0,43.0,0.0,0.0,46358.0,169.0,0.0,0.0,98340.0,50439.0,47901.0,41863.0,55762.0,2159137.0,3137690.0,213.783,0.797,15933.0,13866.0,13431.0,14486.0,14873.0,12977.0,7909.0,3205.0,1660.0,0.0
SD,2020,SD,Sudan,0,25800.0,1577.0,0.0,0.0,25800.0,1577.0,0.0,0.0,43849269.0,21907295.0,21941974.0,27856005.0,14957233.0,5677921.0,5677921.0,24.843,0.502,12128806.0,10123657.0,7627158.0,5203245.0,3727319.0,2552951.0,1535960.0,733051.0,217122.0,0.0
SD,2021,SD,Sudan,0,21188.0,1760.0,0.0,0.0,46988.0,3337.0,0.0,0.0,43849269.0,21907295.0,21941974.0,27856005.0,14957233.0,5677921.0,5677921.0,24.843,0.502,12128806.0,10123657.0,7627158.0,5203245.0,3727319.0,2552951.0,1535960.0,733051.0,217122.0,0.0
SD,2022,SD,Sudan,0,16287.0,1624.0,0.0,0.0,63275.0,4961.0,0.0,562941.0,43849269.0,21907295.0,21941974.0,27856005.0,14957233.0,5677921.0,5677921.0,24.843,0.502,12128806.0,10123657.0,7627158.0,5203245.0,3727319.0,2552951.0,1535960.0,733051.0,217122.0,0.0
SE,2020,SE,Sweden,0,454759.0,9848.0,0.0,4208492.0,454758.0,9848.0,0.0,4208492.0,10230185.0,5142438.0,5087747.0,1264288.0,9021165.0,1608037.0,1608037.0,25.0,0.907,1223971.0,1155271.0,1338915.0,1330260.0,1294175.0,1286816.0,1114377.0,964267.0,522133.0,411.3798528570109
SE,2021,SE,Sweden,0,881840.0,5534.0,0.0,10997914.0,1336598.0,15382.0,0.0,15206406.0,10230185.0,5142438.0,5087747.0,1264288.0,9021165.0,1608037.0,1608037.0,25.0,0.907,1223971.0,1155271.0,1338915.0,1330260.0,1294175.0,1286816.0,1114377.0,964267.0,522133.0,1075.0454659422094
SE,2022,SE,Sweden,0,1241923.0,4624.0,0.0,3201179.0,2578521.0,20006.0,0.0,18407585.0,10230185.0,5142438.0,5087747.0,1264288.0,9021165.0,1608037.0,1608037.0,25.0,0.907,1223971.0,1155271.0,1338915.0,1330260.0,1294175.0,1286816.0,1114377.0,964267.0,522133.0,312.9150645858311
SG,2020,SG,Singapore,0,58629.0,29.0,0.0,0.0,58629.0,29.0,0.0,0.0,5850343.0,3062257.0,2788086.0,0.0,5703569.0,5868104.0,5868104.0,8357.633,0.932,479037.0,505794.0,833058.0,896615.0,964873.0,946222.0,799325.0,289634.0,135785.0,0.0
SG,2021,SG,Singapore,0,221232.0,800.0,0.0,0.0,279861.0,829.0,0.0,0.0,5850343.0,3062257.0,2788086.0,0.0,5703569.0,5868104.0,5868104.0,8357.633,0.932,479037.0,505794.0,833058.0,896615.0,964873.0,946222.0,799325.0,289634.0,135785.0,0.0
SG,2022,SG,Singapore,0,1587307.0,775.0,0.0,14598500.0,1867168.0,1604.0,0.0,0.0,5850343.0,3062257.0,2788086.0,0.0,5703569.0,5868104.0,5868104.0,8357.633,0.932,479037.0,505794.0,833058.0,896615.0,964873.0,946222.0,799325.0,289634.0,135785.0,2495.3237784519642
SH,2020,SH,Saint Helena,0,0.0,0.0,0.0,0.0,0.0,0.0,0.0,0.0,6071.0,1361.0,1216.0,1758851.0,3850231.0,2159137.0,3137690.0,15.567,0.735,228.0,255.0,306.0,145.0,446.0,484.0,345.0,222.0,145.0,0.0
SH,2021,SH,Saint Helena,0,0.0,0.0,0.0,0.0,0.0,0.0,0.0,0.0,6071.0,1361.0,1216.0,1758851.0,3850231.0,2159137.0,3137690.0,15.567,0.735,228.0,255.0,306.0,145.0,446.0,484.0,345.0,222.0,145.0,0.0
SH,2022,SH,Saint Helena,0,0.0,0.0,0.0,0.0,0.0,0.0,0.0,0.0,6071.0,1361.0,1216.0,1758851.0,3850231.0,2159137.0,3137690.0,15.567,0.735,228.0,255.0,306.0,145.0,446.0,484.0,345.0,222.0,145.0,0.0
SI,2020,SI,Slovenia,0,124190.0,2725.0,6256.0,728451.0,123777.0,2735.0,6256.0,725850.0,2080908.0,1038656.0,1042252.0,943292.0,1144654.0,2159137.0,3137690.0,102.9,0.88,213023.0,193538.0,216620.0,291897.0,303686.0,303649.0,276481.0,170981.0,111033.0,350.0640105184852
SI,2021,SI,Slovenia,0,341911.0,2814.0,14145.0,11679309.0,465688.0,6042.0,20401.0,12405159.0,2080908.0,1038656.0,1042252.0,943292.0,1144654.0,2159137.0,3137690.0,102.9,0.88,213023.0,193538.0,216620.0,291897.0,303686.0,303649.0,276481.0,170981.0,111033.0,5612.6022870785255
SI,2022,SI,Slovenia,0,680773.0,1695.0,3890.0,5579702.0,1149364.0,8191.0,24291.0,17197882.0,2080908.0,1038656.0,1042252.0,943292.0,1144654.0,2159137.0,3137690.0,102.9,0.88,213023.0,193538.0,216620.0,291897.0,303686.0,303649.0,276481.0,170981.0,111033.0,2681.3785136104043
SK,2020,SK,Slovakia,0,186244.0,2250.0,0.0,3258948.0,186244.0,2250.0,0.0,3258948.0,5450421.0,2661077.0,2789344.0,2523654.0,2930419.0,432508.0,3137690.0,111.8,0.844,584354.0,538465.0,682622.0,862769.0,834209.0,708297.0,685186.0,375006.0,179513.0,597.9259216856826
SK,2021,SK,Slovakia,0,658365.0,14451.0,0.0,43172677.0,844609.0,16701.0,0.0,46431625.0,5450421.0,2661077.0,2789344.0,2523654.0,2930419.0,432508.0,3137690.0,111.8,0.844,584354.0,538465.0,682622.0,862769.0,834209.0,708297.0,685186.0,375006.0,179513.0,7920.980232536165
SK,2022,SK,Slovakia,0,993784.0,3725.0,0.0,4806857.0,1838393.0,20426.0,0.0,51238482.0,5450421.0,2661077.0,2789344.0,2523654.0,2930419.0,432508.0,3137690.0,111.8,0.844,584354.0,538465.0,682622.0,862769.0,834209.0,708297.0,685186.0,375006.0,179513.0,881.9239834867802
SL,2020,SL,Sierra Leone,0,2635.0,76.0,0.0,8333.0,2635.0,76.0,0.0,8333.0,7976985.0,3981239.0,3995746.0,4493849.0,3319366.0,1168424.0,1168424.0,110.515,0.419,2225885.0,1867196.0,1405514.0,1017050.0,672894.0,419133.0,234025.0,108809.0,26479.0,1.044630270710049
SL,2021,SL,Sierra Leone,0,4479.0,47.0,0.0,22952.0,7114.0,123.0,0.0,31285.0,7976985.0,3981239.0,3995746.0,4493849.0,3319366.0,1168424.0,1168424.0,110.515,0.419,2225885.0,1867196.0,1405514.0,1017050.0,672894.0,419133.0,234025.0,108809.0,26479.0,2.8772775679031612
SL,2022,SL,Sierra Leone,0,635.0,2.0,0.0,0.0,7749.0,126.0,0.0,428517.0,7976985.0,3981239.0,3995746.0,4493849.0,3319366.0,1168424.0,1168424.0,110.515,0.419,2225885.0,1867196.0,1405514.0,1017050.0,672894.0,419133.0,234025.0,108809.0,26479.0,0.0
SM,2020,SM,San Marino,0,2480.0,61.0,0.0,0.0,2480.0,61.0,0.0,0.0,33938.0,15936.0,17019.0,891.0,32969.0,2159137.0,3137690.0,565.633,0.735,3098.0,3625.0,3766.0,3664.0,4693.0,5377.0,3802.0,2811.0,2121.0,0.0
SM,2021,SM,San Marino,0,5943.0,39.0,0.0,0.0,8423.0,100.0,0.0,0.0,33938.0,15936.0,17019.0,891.0,32969.0,2159137.0,3137690.0,565.633,0.735,3098.0,3625.0,3766.0,3664.0,4693.0,5377.0,3802.0,2811.0,2121.0,0.0
SM,2022,SM,San Marino,0,12129.0,18.0,0.0,0.0,20552.0,118.0,0.0,0.0,33938.0,15936.0,17019.0,891.0,32969.0,2159137.0,3137690.0,565.633,0.735,3098.0,3625.0,3766.0,3664.0,4693.0,5377.0,3802.0,2811.0,2121.0,0.0
SN,2020,SN,Senegal,0,19364.0,410.0,0.0,279467.0,19364.0,410.0,0.0,279467.0,16743930.0,8170785.0,8573145.0,8530658.0,7765706.0,3057065.0,3057065.0,86.968,0.505,5032581.0,3863702.0,2823534.0,2051292.0,1331828.0,834700.0,505764.0,239182.0,61347.0,16.690645505565303
SN,2021,SN,Senegal,0,55973.0,1480.0,0.0,656854.0,75337.0,1890.0,0.0,936321.0,16743930.0,8170785.0,8573145.0,8530658.0,7765706.0,3057065.0,3057065.0,86.968,0.505,5032581.0,3863702.0,2823534.0,2051292.0,1331828.0,834700.0,505764.0,239182.0,61347.0,39.22938043816475
SN,2022,SN,Senegal,0,12893.0,78.0,0.0,165778.0,88230.0,1968.0,0.0,1102099.0,16743930.0,8170785.0,8573145.0,8530658.0,7765706.0,3057065.0,3057065.0,86.968,0.505,5032581.0,3863702.0,2823534.0,2051292.0,1331828.0,834700.0,505764.0,239182.0,61347.0,9.90078195501295
SO,2020,SO,Somalia,0,4714.0,130.0,0.0,0.0,4714.0,130.0,0.0,0.0,15893219.0,7924087.0,7969132.0,8408044.0,7034861.0,2179855.0,2179855.0,25.334,0.735,5215364.0,3937590.0,2693876.0,1534404.0,1053894.0,733972.0,462790.0,210107.0,51222.0,0.0
SO,2021,SO,Somalia,0,18818.0,1203.0,0.0,0.0,23532.0,1333.0,0.0,0.0,15893219.0,7924087.0,7969132.0,8408044.0,7034861.0,2179855.0,2179855.0,25.334,0.735,5215364.0,3937590.0,2693876.0,1534404.0,1053894.0,733972.0,462790.0,210107.0,51222.0,0.0
SO,2022,SO,Somalia,0,3665.0,28.0,0.0,0.0,27197.0,1361.0,0.0,501224.0,15893219.0,7924087.0,7969132.0,8408044.0,7034861.0,2179855.0,2179855.0,25.334,0.735,5215364.0,3937590.0,2693876.0,1534404.0,1053894.0,733972.0,462790.0,210107.0,51222.0,0.0
SR,2020,SR,Suriname,0,6210.0,122.0,0.0,10118.0,6210.0,122.0,0.0,10118.0,586634.0,294822.0,291812.0,197114.0,384258.0,2159137.0,3137690.0,3.76,0.72,104831.0,102231.0,95772.0,82786.0,72724.0,64828.0,36928.0,18685.0,7849.0,17.247551284105594
SR,2021,SR,Suriname,0,46236.0,1067.0,0.0,45821.0,52446.0,1189.0,0.0,55939.0,586634.0,294822.0,291812.0,197114.0,384258.0,2159137.0,3137690.0,3.76,0.72,104831.0,102231.0,95772.0,82786.0,72724.0,64828.0,36928.0,18685.0,7849.0,78.10832648636118
SR,2022,SR,Suriname,0,28632.0,195.0,0.0,28245.0,81078.0,1384.0,0.0,84184.0,586634.0,294822.0,291812.0,197114.0,384258.0,2159137.0,3137690.0,3.76,0.72,104831.0,102231.0,95772.0,82786.0,72724.0,64828.0,36928.0,18685.0,7849.0,48.14756730772509
SS,2020,SS,South Sudan,0,3565.0,64.0,0.0,23037.0,3565.0,64.0,0.0,76232.0,11193729.0,5603014.0,5590715.0,8860863.0,2201250.0,385765.0,3137690.0,18.322,0.388,3245682.0,2581901.0,1962952.0,1334153.0,896837.0,595525.0,344937.0,182626.0,49116.0,2.0580273115420247
SS,2021,SS,South Sudan,0,12073.0,72.0,0.0,31682.0,15638.0,136.0,0.0,164472.0,11193729.0,5603014.0,5590715.0,8860863.0,2201250.0,385765.0,3137690.0,18.322,0.388,3245682.0,2581901.0,1962952.0,1334153.0,896837.0,595525.0,344937.0,182626.0,49116.0,2.8303347347429977
SS,2022,SS,South Sudan,0,2142.0,2.0,0.0,4183.0,17780.0,138.0,0.0,410280.0,11193729.0,5603014.0,5590715.0,8860863.0,2201250.0,385765.0,3137690.0,18.322,0.388,3245682.0,2581901.0,1962952.0,1334153.0,896837.0,595525.0,344937.0,182626.0,49116.0,0.3736913766627725
ST,2020,ST,São Tomé and Príncipe,0,1022.0,17.0,0.0,0.0,1022.0,17.0,0.0,0.0,219161.0,109675.0,109486.0,56779.0,158277.0,2159137.0,3137690.0,228.293,0.589,62411.0,54109.0,33625.0,26631.0,18680.0,12780.0,7082.0,2764.0,1079.0,0.0
ST,2021,ST,São Tomé and Príncipe,0,2881.0,40.0,0.0,0.0,3903.0,57.0,0.0,0.0,219161.0,109675.0,109486.0,56779.0,158277.0,2159137.0,3137690.0,228.293,0.589,62411.0,54109.0,33625.0,26631.0,18680.0,12780.0,7082.0,2764.0,1079.0,0.0
ST,2022,ST,São Tomé and Príncipe,0,2274.0,19.0,0.0,4694.0,6177.0,76.0,0.0,4694.0,219161.0,109675.0,109486.0,56779.0,158277.0,2159137.0,3137690.0,228.293,0.589,62411.0,54109.0,33625.0,26631.0,18680.0,12780.0,7082.0,2764.0,1079.0,21.418044268825202
SV,2020,SV,El Salvador,0,45960.0,1343.0,0.0,621580.0,45960.0,1343.0,0.0,621580.0,6486201.0,3036424.0,3449777.0,1758851.0,4694702.0,1105662.0,1105662.0,313.041,0.7,1146823.0,1165823.0,1215814.0,882442.0,725142.0,568071.0,406296.0,248391.0,127399.0,95.83113443447095
SV,2021,SV,El Salvador,0,75985.0,2481.0,0.0,542993.0,121945.0,3824.0,0.0,1164573.0,6486201.0,3036424.0,3449777.0,1758851.0,4694702.0,1105662.0,1105662.0,313.041,0.7,1146823.0,1165823.0,1215814.0,882442.0,725142.0,568071.0,406296.0,248391.0,127399.0,83.7151053444073
SV,2022,SV,El Salvador,0,79840.0,404.0,0.0,757052.0,201785.0,4228.0,0.0,1921625.0,6486201.0,3036424.0,3449777.0,1758851.0,4694702.0,1105662.0,1105662.0,313.041,0.7,1146823.0,1165823.0,1215814.0,882442.0,725142.0,568071.0,406296.0,248391.0,127399.0,116.71732035439543
SX,2020,SX,Sint Maarten,0,1434.0,27.0,0.0,0.0,1434.0,27.0,0.0,0.0,42882.0,15212.0,15660.0,0.0,40733.0,2159137.0,3137690.0,1261.235,0.735,3956.0,3769.0,4453.0,3269.0,3883.0,5744.0,3972.0,1495.0,330.0,0.0
SX,2021,SX,Sint Maarten,0,3763.0,48.0,0.0,0.0,5197.0,75.0,0.0,0.0,42882.0,15212.0,15660.0,0.0,40733.0,2159137.0,3137690.0,1261.235,0.735,3956.0,3769.0,4453.0,3269.0,3883.0,5744.0,3972.0,1495.0,330.0,0.0
SX,2022,SX,Sint Maarten,0,5658.0,12.0,0.0,0.0,10855.0,87.0,0.0,0.0,42882.0,15212.0,15660.0,0.0,40733.0,2159137.0,3137690.0,1261.235,0.735,3956.0,3769.0,4453.0,3269.0,3883.0,5744.0,3972.0,1495.0,330.0,0.0
SY,2020,SY,Syria,0,11526.0,717.0,0.0,0.0,11526.0,717.0,0.0,0.0,17500657.0,8760065.0,8740592.0,7712116.0,9358019.0,2353637.0,5502085.0,95.304,0.536,3635903.0,3325125.0,3099983.0,2907193.0,1928901.0,1285346.0,822365.0,355547.0,140294.0,0.0
SY,2021,SY,Syria,0,38784.0,2184.0,0.0,0.0,50310.0,2901.0,0.0,0.0,17500657.0,8760065.0,8740592.0,7712116.0,9358019.0,2353637.0,5502085.0,95.304,0.536,3635903.0,3325125.0,3099983.0,2907193.0,1928901.0,1285346.0,822365.0,355547.0,140294.0,0.0
SY,2022,SY,Syria,0,6887.0,262.0,0.0,0.0,57197.0,3163.0,0.0,175957.0,17500657.0,8760065.0,8740592.0,7712116.0,9358019.0,2353637.0,5502085.0,95.304,0.536,3635903.0,3325125.0,3099983.0,2907193.0,1928901.0,1285346.0,822365.0,355547.0,140294.0,0.0
SZ,2020,SZ,Swaziland,0,9480.0,215.0,0.0,0.0,9480.0,215.0,0.0,0.0,1160164.0,570236.0,589928.0,872797.0,275333.0,2159137.0,3137690.0,67.451,0.588,286620.0,277018.0,212887.0,161329.0,104399.0,51717.0,36522.0,22585.0,7087.0,0.0
SZ,2021,SZ,Swaziland,0,56761.0,1093.0,0.0,0.0,66241.0,1308.0,0.0,0.0,1160164.0,570236.0,589928.0,872797.0,275333.0,2159137.0,3137690.0,67.451,0.588,286620.0,277018.0,212887.0,161329.0,104399.0,51717.0,36522.0,22585.0,7087.0,0.0
SZ,2022,SZ,Swaziland,0,7133.0,114.0,0.0,333.0,73374.0,1422.0,0.0,549656.0,1160164.0,570236.0,589928.0,872797.0,275333.0,2159137.0,3137690.0,67.451,0.588,286620.0,277018.0,212887.0,161329.0,104399.0,51717.0,36522.0,22585.0,7087.0,0.2870283856420299
TC,2020,TC,Turks and Caicos Islands,0,893.0,6.0,0.0,0.0,893.0,6.0,0.0,0.0,38718.0,23158.0,22841.0,2536.0,35655.0,2159137.0,3137690.0,40.756,0.735,6702.0,6029.0,6716.0,8648.0,8988.0,5173.0,2278.0,940.0,525.0,0.0
TC,2021,TC,Turks and Caicos Islands,0,2515.0,20.0,0.0,0.0,3408.0,26.0,0.0,0.0,38718.0,23158.0,22841.0,2536.0,35655.0,2159137.0,3137690.0,40.756,0.735,6702.0,6029.0,6716.0,8648.0,8988.0,5173.0,2278.0,940.0,525.0,0.0
TC,2022,TC,Turks and Caicos Islands,0,2972.0,10.0,0.0,0.0,6380.0,36.0,0.0,0.0,38718.0,23158.0,22841.0,2536.0,35655.0,2159137.0,3137690.0,40.756,0.735,6702.0,6029.0,6716.0,8648.0,8988.0,5173.0,2278.0,940.0,525.0,0.0
TD,2020,TD,Chad,0,2141.0,105.0,0.0,0.0,2141.0,105.0,0.0,0.0,16425859.0,8200170.0,8225689.0,12234603.0,3712273.0,1371524.0,1371524.0,13.045,0.404,5452549.0,4038728.0,2781017.0,1769646.0,1082831.0,654647.0,417349.0,180661.0,48431.0,0.0
TD,2021,TD,Chad,0,4042.0,79.0,0.0,0.0,6183.0,184.0,0.0,0.0,16425859.0,8200170.0,8225689.0,12234603.0,3712273.0,1371524.0,1371524.0,13.045,0.404,5452549.0,4038728.0,2781017.0,1769646.0,1082831.0,654647.0,417349.0,180661.0,48431.0,0.0
TD,2022,TD,Chad,0,1375.0,9.0,0.0,0.0,7558.0,193.0,0.0,218873.0,16425859.0,8200170.0,8225689.0,12234603.0,3712273.0,1371524.0,1371524.0,13.045,0.404,5452549.0,4038728.0,2781017.0,1769646.0,1082831.0,654647.0,417349.0,180661.0,48431.0,0.0
TG,2020,TG,Togo,0,3662.0,68.0,0.0,179245.0,3662.0,68.0,0.0,181012.0,8278736.0,4119404.0,4159332.0,4667728.0,3414638.0,1785310.0,1785310.0,152.211,0.503,2340181.0,1914996.0,1375261.0,1064557.0,744517.0,450714.0,255937.0,111493.0,21081.0,21.65125207519602
TG,2021,TG,Togo,0,27503.0,180.0,0.0,437831.0,31165.0,248.0,0.0,618843.0,8278736.0,4119404.0,4159332.0,4667728.0,3414638.0,1785310.0,1785310.0,152.211,0.503,2340181.0,1914996.0,1375261.0,1064557.0,744517.0,450714.0,255937.0,111493.0,21081.0,52.88621354757537
TG,2022,TG,Togo,0,7513.0,36.0,0.0,90987.0,38678.0,284.0,0.0,749695.0,8278736.0,4119404.0,4159332.0,4667728.0,3414638.0,1785310.0,1785310.0,152.211,0.503,2340181.0,1914996.0,1375261.0,1064557.0,744517.0,450714.0,255937.0,111493.0,21081.0,10.990445884492512
TH,2020,TH,Thailand,0,6885.0,61.0,4240.0,1643947.0,6884.0,61.0,4240.0,1643947.0,69799978.0,33966060.0,35833918.0,34330982.0,35294600.0,10350204.0,14170741.0,136.624,0.755,7439832.0,8492311.0,9630308.0,9229727.0,10914257.0,10681394.0,7624356.0,3866568.0,1921225.0,23.552256707015008
TH,2021,TH,Thailand,0,2216551.0,21637.0,2164254.0,16110620.0,2223435.0,21698.0,2168494.0,17754567.0,69799978.0,33966060.0,35833918.0,34330982.0,35294600.0,10350204.0,14170741.0,136.624,0.755,7439832.0,8492311.0,9630308.0,9229727.0,10914257.0,10681394.0,7624356.0,3866568.0,1921225.0,230.81124753363102
TH,2022,TH,Thailand,0,2448711.0,10905.0,2460902.0,6979236.0,4672146.0,32603.0,4629396.0,24733803.0,69799978.0,33966060.0,35833918.0,34330982.0,35294600.0,10350204.0,14170741.0,136.624,0.755,7439832.0,8492311.0,9630308.0,9229727.0,10914257.0,10681394.0,7624356.0,3866568.0,1921225.0,99.98908595644542
TJ,2020,TJ,Tajikistan,0,13671.0,91.0,0.0,0.0,13671.0,91.0,0.0,0.0,9537642.0,4805738.0,4731904.0,6775541.0,2545477.0,893826.0,3137690.0,68.145,0.65,2577610.0,1788367.0,1648522.0,1390331.0,882399.0,700890.0,387890.0,117606.0,44027.0,0.0
TJ,2021,TJ,Tajikistan,0,3822.0,34.0,0.0,0.0,17493.0,125.0,0.0,0.0,9537642.0,4805738.0,4731904.0,6775541.0,2545477.0,893826.0,3137690.0,68.145,0.65,2577610.0,1788367.0,1648522.0,1390331.0,882399.0,700890.0,387890.0,117606.0,44027.0,0.0
TJ,2022,TJ,Tajikistan,0,293.0,0.0,0.0,0.0,17786.0,125.0,0.0,0.0,9537642.0,4805738.0,4731904.0,6775541.0,2545477.0,893826.0,3137690.0,68.145,0.65,2577610.0,1788367.0,1648522.0,1390331.0,882399.0,700890.0,387890.0,117606.0,44027.0,0.0
TK,2020,TK,Tokelau,0,0.0,0.0,0.0,0.0,0.0,0.0,0.0,0.0,1350.0,634.0,683.0,1758851.0,3850231.0,2159137.0,3137690.0,135.0,0.735,231.0,295.0,229.0,148.0,162.0,138.0,76.0,28.0,11.0,0.0
TK,2021,TK,Tokelau,0,0.0,0.0,0.0,0.0,0.0,0.0,0.0,0.0,1350.0,634.0,683.0,1758851.0,3850231.0,2159137.0,3137690.0,135.0,0.735,231.0,295.0,229.0,148.0,162.0,138.0,76.0,28.0,11.0,0.0
TK,2022,TK,Tokelau,0,0.0,0.0,0.0,0.0,0.0,0.0,0.0,0.0,1350.0,634.0,683.0,1758851.0,3850231.0,2159137.0,3137690.0,135.0,0.735,231.0,295.0,229.0,148.0,162.0,138.0,76.0,28.0,11.0,0.0
TL,2020,TL,East Timor,0,44.0,0.0,0.0,0.0,44.0,0.0,0.0,0.0,1318442.0,666242.0,652200.0,892937.0,400182.0,2159137.0,3137690.0,88.665,0.625,331878.0,306716.0,244908.0,159027.0,100788.0,88473.0,50144.0,28914.0,7594.0,0.0
TL,2021,TL,East Timor,0,19795.0,122.0,0.0,7505.0,19839.0,122.0,0.0,211166.0,1318442.0,666242.0,652200.0,892937.0,400182.0,2159137.0,3137690.0,88.665,0.625,331878.0,306716.0,244908.0,159027.0,100788.0,88473.0,50144.0,28914.0,7594.0,5.692324728732853
TL,2022,TL,East Timor,0,3398.0,16.0,0.0,1649.0,23237.0,138.0,0.0,264839.0,1318442.0,666242.0,652200.0,892937.0,400182.0,2159137.0,3137690.0,88.665,0.625,331878.0,306716.0,244908.0,159027.0,100788.0,88473.0,50144.0,28914.0,7594.0,1.250718651256559
TM,2020,TM,Turkmenistan,0,0.0,0.0,0.0,0.0,0.0,0.0,0.0,0.0,6031187.0,2969310.0,3061877.0,2849351.0,3092738.0,828065.0,3137690.0,12.834,0.706,1332930.0,1008743.0,1009791.0,957885.0,697821.0,535459.0,334444.0,103458.0,50656.0,0.0
TM,2021,TM,Turkmenistan,0,0.0,0.0,0.0,0.0,0.0,0.0,0.0,0.0,6031187.0,2969310.0,3061877.0,2849351.0,3092738.0,828065.0,3137690.0,12.834,0.706,1332930.0,1008743.0,1009791.0,957885.0,697821.0,535459.0,334444.0,103458.0,50656.0,0.0
TM,2022,TM,Turkmenistan,0,0.0,0.0,0.0,0.0,0.0,0.0,0.0,0.0,6031187.0,2969310.0,3061877.0,2849351.0,3092738.0,828065.0,3137690.0,12.834,0.706,1332930.0,1008743.0,1009791.0,957885.0,697821.0,535459.0,334444.0,103458.0,50656.0,0.0
TN,2020,TN,Tunisia,0,140557.0,4730.0,0.0,0.0,140557.0,4730.0,0.0,0.0,11818618.0,5860752.0,5957866.0,3595658.0,8099061.0,2327822.0,2327822.0,76.072,0.735,2017759.0,1639938.0,1725346.0,1914064.0,1572471.0,1361506.0,962594.0,424106.0,200834.0,0.0
TN,2021,TN,Tunisia,0,587286.0,20846.0,0.0,825252.0,727843.0,25576.0,0.0,3353887.0,11818618.0,5860752.0,5957866.0,3595658.0,8099061.0,2327822.0,2327822.0,76.072,0.735,2017759.0,1639938.0,1725346.0,1914064.0,1572471.0,1361506.0,962594.0,424106.0,200834.0,69.82643825191744
TN,2022,TN,Tunisia,0,417320.0,3667.0,0.0,176555.0,1145163.0,29243.0,0.0,4647813.0,11818618.0,5860752.0,5957866.0,3595658.0,8099061.0,2327822.0,2327822.0,76.072,0.735,2017759.0,1639938.0,1725346.0,1914064.0,1572471.0,1361506.0,962594.0,424106.0,200834.0,14.938717877166349
TO,2020,TO,Tonga,0,0.0,0.0,0.0,0.0,0.0,0.0,0.0,0.0,105697.0,52904.0,52793.0,80349.0,24145.0,2159137.0,3137690.0,146.801,0.726,24639.0,23522.0,17140.0,12183.0,10290.0,8701.0,5303.0,2791.0,1128.0,0.0
TO,2021,TO,Tonga,0,1.0,0.0,0.0,0.0,1.0,0.0,0.0,0.0,105697.0,52904.0,52793.0,80349.0,24145.0,2159137.0,3137690.0,146.801,0.726,24639.0,23522.0,17140.0,12183.0,10290.0,8701.0,5303.0,2791.0,1128.0,0.0
TO,2022,TO,Tonga,0,16181.0,12.0,0.0,0.0,16182.0,12.0,0.0,0.0,105697.0,52904.0,52793.0,80349.0,24145.0,2159137.0,3137690.0,146.801,0.726,24639.0,23522.0,17140.0,12183.0,10290.0,8701.0,5303.0,2791.0,1128.0,0.0
TR,2020,TR,Turkey,0,2208652.0,20881.0,0.0,24464277.0,2208652.0,20881.0,0.0,24464277.0,82003882.0,41139980.0,40863902.0,20331797.0,63097818.0,14967667.0,30836753.0,106.2,0.82,12843906.0,12764690.0,12823598.0,12909225.0,11156733.0,8873665.0,6058068.0,3119472.0,1454525.0,298.3307180506406
TR,2021,TR,Turkey,0,7273898.0,61480.0,0.0,94520585.0,9482550.0,82361.0,0.0,118984862.0,82003882.0,41139980.0,40863902.0,20331797.0,63097818.0,14967667.0,30836753.0,106.2,0.82,12843906.0,12764690.0,12823598.0,12909225.0,11156733.0,8873665.0,6058068.0,3119472.0,1454525.0,1152.6354935245627
TR,2022,TR,Turkey,0,7369832.0,18707.0,0.0,44179671.0,16852382.0,101068.0,0.0,163164533.0,82003882.0,41139980.0,40863902.0,20331797.0,63097818.0,14967667.0,30836753.0,106.2,0.82,12843906.0,12764690.0,12823598.0,12909225.0,11156733.0,8873665.0,6058068.0,3119472.0,1454525.0,538.7509703504037
TT,2020,TT,Trinidad and Tobago,0,7150.0,127.0,0.0,1539.0,7150.0,127.0,0.0,72322.0,1399491.0,690947.0,708544.0,653029.0,741944.0,544259.0,3137690.0,272.805,0.784,184451.0,185810.0,183002.0,242861.0,191442.0,175062.0,135893.0,73654.0,27316.0,1.0996855285242992
TT,2021,TT,Trinidad and Tobago,0,84749.0,2742.0,0.0,424245.0,91899.0,2869.0,0.0,511818.0,1399491.0,690947.0,708544.0,653029.0,741944.0,544259.0,3137690.0,272.805,0.784,184451.0,185810.0,183002.0,242861.0,191442.0,175062.0,135893.0,73654.0,27316.0,303.1423567568495
TT,2022,TT,Trinidad and Tobago,0,89668.0,1307.0,0.0,240495.0,181567.0,4176.0,0.0,768404.0,1399491.0,690947.0,708544.0,653029.0,741944.0,544259.0,3137690.0,272.805,0.784,184451.0,185810.0,183002.0,242861.0,191442.0,175062.0,135893.0,73654.0,27316.0,171.84462065136537
TV,2020,TV,Tuvalu,0,0.0,0.0,0.0,0.0,0.0,0.0,0.0,0.0,11792.0,6057.0,6178.0,4284.0,7362.0,2159137.0,3137690.0,393.067,0.735,2536.0,2087.0,2310.0,1858.0,971.0,1178.0,862.0,323.0,111.0,0.0
TV,2021,TV,Tuvalu,0,0.0,0.0,0.0,0.0,0.0,0.0,0.0,0.0,11792.0,6057.0,6178.0,4284.0,7362.0,2159137.0,3137690.0,393.067,0.735,2536.0,2087.0,2310.0,1858.0,971.0,1178.0,862.0,323.0,111.0,0.0
TV,2022,TV,Tuvalu,0,20.0,0.0,0.0,0.0,20.0,0.0,0.0,0.0,11792.0,6057.0,6178.0,4284.0,7362.0,2159137.0,3137690.0,393.067,0.735,2536.0,2087.0,2310.0,1858.0,971.0,1178.0,862.0,323.0,111.0,0.0
TW,2020,TW,Taiwan,0,876.0,7.0,671.0,127187.0,799.0,7.0,671.0,127187.0,23816775.0,11834313.0,11982462.0,1758851.0,3850231.0,2159137.0,3137690.0,672.6,0.911,2052886.0,2188811.0,3120354.0,3548586.0,3787843.0,3659218.0,3101014.0,1488800.0,869263.0,5.340227633674164
TW,2021,TW,Taiwan,0,16294.0,843.0,13071.0,4851928.0,17049.0,850.0,13751.0,4979115.0,23816775.0,11834313.0,11982462.0,1758851.0,3850231.0,2159137.0,3137690.0,672.6,0.911,2052886.0,2188811.0,3120354.0,3548586.0,3787843.0,3659218.0,3101014.0,1488800.0,869263.0,203.71893339883337
TW,2022,TW,Taiwan,0,5874783.0,9573.0,0.0,8042406.0,5849748.0,10423.0,13742.0,13021521.0,23816775.0,11834313.0,11982462.0,1758851.0,3850231.0,2159137.0,3137690.0,672.6,0.911,2052886.0,2188811.0,3120354.0,3548586.0,3787843.0,3659218.0,3101014.0,1488800.0,869263.0,337.6782121005048
TZ,2020,TZ,Tanzania,0,509.0,21.0,0.0,0.0,509.0,21.0,0.0,0.0,59734213.0,29851108.0,29883105.0,37993578.0,20011885.0,6368272.0,7429015.0,67.435,0.538,18362316.0,14089042.0,9846249.0,7161928.0,4820727.0,2926635.0,1622800.0,741236.0,163280.0,0.0
TZ,2021,TZ,Tanzania,0,30055.0,719.0,0.0,0.0,30564.0,740.0,0.0,0.0,59734213.0,29851108.0,29883105.0,37993578.0,20011885.0,6368272.0,7429015.0,67.435,0.538,18362316.0,14089042.0,9846249.0,7161928.0,4820727.0,2926635.0,1622800.0,741236.0,163280.0,0.0
TZ,2022,TZ,Tanzania,0,8689.0,105.0,0.0,0.0,39253.0,845.0,0.0,455776.0,59734213.0,29851108.0,29883105.0,37993578.0,20011885.0,6368272.0,7429015.0,67.435,0.538,18362316.0,14089042.0,9846249.0,7161928.0,4820727.0,2926635.0,1622800.0,741236.0,163280.0,0.0
UA,2020,UA,Ukraine,0,1055047.0,18533.0,709993.0,4182868.0,1055047.0,18533.0,709993.0,5585615.0,43733759.0,20263148.0,23470611.0,13549456.0,30835699.0,2973335.0,5415973.0,75.492,0.747,4589511.0,4383517.0,4898491.0,7208958.0,6406404.0,5906737.0,5539856.0,2983430.0,1816855.0,95.64391663657359
UA,2021,UA,Ukraine,0,2612602.0,77366.0,2758865.0,8034923.0,3667649.0,95899.0,3468858.0,16809292.0,43733759.0,20263148.0,23470611.0,13549456.0,30835699.0,2973335.0,5415973.0,75.492,0.747,4589511.0,4383517.0,4898491.0,7208958.0,6406404.0,5906737.0,5539856.0,2983430.0,1816855.0,183.7235852513844
UA,2022,UA,Ukraine,0,1411320.0,12775.0,589162.0,1159598.0,5096397.0,108955.0,4058020.0,19288823.0,43733759.0,20263148.0,23470611.0,13549456.0,30835699.0,2973335.0,5415973.0,75.492,0.747,4589511.0,4383517.0,4898491.0,7208958.0,6406404.0,5906737.0,5539856.0,2983430.0,1816855.0,26.51494009467606
UG,2020,UG,Uganda,0,35712.0,305.0,0.0,672651.0,35712.0,305.0,0.0,753602.0,45741000.0,22546589.0,23194411.0,33485078.0,10784516.0,3137690.0,3137690.0,228.922,0.516,14855952.0,11449424.0,7872675.0,5101100.0,3133404.0,1852435.0,974325.0,411998.0,89687.0,14.705647012527054
UG,2021,UG,Uganda,0,110318.0,3001.0,0.0,1273687.0,146030.0,3306.0,0.0,2166777.0,45741000.0,22546589.0,23194411.0,33485078.0,10784516.0,3137690.0,3137690.0,228.922,0.516,14855952.0,11449424.0,7872675.0,5101100.0,3133404.0,1852435.0,974325.0,411998.0,89687.0,27.8456308344811
UG,2022,UG,Uganda,0,22971.0,322.0,0.0,173982.0,169001.0,3628.0,0.0,2749166.0,45741000.0,22546589.0,23194411.0,33485078.0,10784516.0,3137690.0,3137690.0,228.922,0.516,14855952.0,11449424.0,7872675.0,5101100.0,3133404.0,1852435.0,974325.0,411998.0,89687.0,3.8036335016724605
US,2020,US,United States of America,0,19625819.0,333880.0,0.0,259150908.0,19694998.0,336170.0,0.0,259150908.0,331002647.0,163786016.0,167216631.0,57576495.0,270663028.0,18804722.0,152587187.0,36.185,0.92,39721484.0,42332395.0,46094075.0,44668270.0,40348397.0,42120077.0,38488170.0,24082597.0,13147182.0,782.9269957469554
US,2021,US,United States of America,0,33383245.0,437934.0,0.0,468468310.0,53349300.0,790032.0,0.0,727619218.0,331002647.0,163786016.0,167216631.0,57576495.0,270663028.0,18804722.0,152587187.0,36.185,0.92,39721484.0,42332395.0,46094075.0,44668270.0,40348397.0,42120077.0,38488170.0,24082597.0,13147182.0,1415.3007966730852
US,2022,US,United States of America,0,38781534.0,216214.0,0.0,185149906.0,92440495.0,1005195.0,0.0,912769124.0,331002647.0,163786016.0,167216631.0,57576495.0,270663028.0,18804722.0,152587187.0,36.185,0.92,39721484.0,42332395.0,46094075.0,44668270.0,40348397.0,42120077.0,38488170.0,24082597.0,13147182.0,559.3608017279693
UY,2020,UY,Uruguay,0,19119.0,181.0,0.0,643633.0,19119.0,181.0,0.0,643838.0,3473727.0,1678336.0,1795391.0,158340.0,3303394.0,1744700.0,1744700.0,19.848,0.804,473070.0,478929.0,511560.0,461146.0,455020.0,391077.0,327921.0,220266.0,154738.0,185.28600549208386
UY,2021,UY,Uruguay,0,394264.0,5989.0,0.0,3776826.0,413383.0,6170.0,0.0,4420664.0,3473727.0,1678336.0,1795391.0,158340.0,3303394.0,1744700.0,1744700.0,19.848,0.804,473070.0,478929.0,511560.0,461146.0,455020.0,391077.0,327921.0,220266.0,154738.0,1087.2546979080394
UY,2022,UY,Uruguay,0,569463.0,1292.0,0.0,1666171.0,982846.0,7462.0,0.0,6086835.0,3473727.0,1678336.0,1795391.0,158340.0,3303394.0,1744700.0,1744700.0,19.848,0.804,473070.0,478929.0,511560.0,461146.0,455020.0,391077.0,327921.0,220266.0,154738.0,479.6493794705226
UZ,2020,UZ,Uzbekistan,0,77182.0,614.0,0.0,0.0,77182.0,614.0,0.0,0.0,33469199.0,16696918.0,16772280.0,16644921.0,16935729.0,2490334.0,2490334.0,78.677,0.71,6713724.0,5460854.0,5946987.0,5577195.0,3930500.0,3068761.0,1939628.0,572150.0,259400.0,0.0
UZ,2021,UZ,Uzbekistan,0,121936.0,871.0,0.0,0.0,199118.0,1485.0,0.0,0.0,33469199.0,16696918.0,16772280.0,16644921.0,16935729.0,2490334.0,2490334.0,78.677,0.71,6713724.0,5460854.0,5946987.0,5577195.0,3930500.0,3068761.0,1939628.0,572150.0,259400.0,0.0
UZ,2022,UZ,Uzbekistan,0,44888.0,152.0,0.0,0.0,244006.0,1637.0,0.0,0.0,33469199.0,16696918.0,16772280.0,16644921.0,16935729.0,2490334.0,2490334.0,78.677,0.71,6713724.0,5460854.0,5946987.0,5577195.0,3930500.0,3068761.0,1939628.0,572150.0,259400.0,0.0
VA,2020,VA,Vatican City,0,26.0,0.0,0.0,0.0,26.0,0.0,0.0,0.0,809.0,6788.0,4208.0,1758851.0,3850231.0,2159137.0,3137690.0,1838.636,0.735,1603.0,1179.0,1196.0,1236.0,1329.0,1348.0,1253.0,1189.0,661.0,0.0
VA,2021,VA,Vatican City,0,0.0,0.0,0.0,0.0,26.0,0.0,0.0,0.0,809.0,6788.0,4208.0,1758851.0,3850231.0,2159137.0,3137690.0,1838.636,0.735,1603.0,1179.0,1196.0,1236.0,1329.0,1348.0,1253.0,1189.0,661.0,0.0
VA,2022,VA,Vatican City,0,0.0,0.0,0.0,0.0,26.0,0.0,0.0,0.0,809.0,6788.0,4208.0,1758851.0,3850231.0,2159137.0,3137690.0,1838.636,0.735,1603.0,1179.0,1196.0,1236.0,1329.0,1348.0,1253.0,1189.0,661.0,0.0
VC,2020,VC,Saint Vincent and the Grenadines,0,121.0,0.0,0.0,0.0,121.0,0.0,0.0,0.0,110947.0,56218.0,54729.0,52404.0,58185.0,2159137.0,3137690.0,284.479,0.723,15947.0,17428.0,17502.0,15711.0,14484.0,13590.0,9176.0,4503.0,2606.0,0.0
VC,2021,VC,Saint Vincent and the Grenadines,0,5870.0,83.0,0.0,1543.0,5991.0,83.0,0.0,93855.0,110947.0,56218.0,54729.0,52404.0,58185.0,2159137.0,3137690.0,284.479,0.723,15947.0,17428.0,17502.0,15711.0,14484.0,13590.0,9176.0,4503.0,2606.0,13.907541438704968
VC,2022,VC,Saint Vincent and the Grenadines,0,3455.0,33.0,0.0,735.0,9446.0,116.0,0.0,108388.0,110947.0,56218.0,54729.0,52404.0,58185.0,2159137.0,3137690.0,284.479,0.723,15947.0,17428.0,17502.0,15711.0,14484.0,13590.0,9176.0,4503.0,2606.0,6.624784807160175
VE,2020,VE,Venezuela,0,113562.0,1028.0,0.0,0.0,113562.0,1028.0,0.0,0.0,28435943.0,13984932.0,14451011.0,3353461.0,25162368.0,2935501.0,9431165.0,32.238,0.761,5094599.0,5158568.0,4130339.0,4027921.0,3564974.0,3014983.0,2042555.0,989860.0,412144.0,0.0
VE,2021,VE,Venezuela,0,331073.0,4300.0,0.0,0.0,444635.0,5328.0,0.0,0.0,28435943.0,13984932.0,14451011.0,3353461.0,25162368.0,2935501.0,9431165.0,32.238,0.761,5094599.0,5158568.0,4130339.0,4027921.0,3564974.0,3014983.0,2042555.0,989860.0,412144.0,0.0
VE,2022,VE,Venezuela,0,99238.0,481.0,0.0,0.0,543873.0,5809.0,0.0,0.0,28435943.0,13984932.0,14451011.0,3353461.0,25162368.0,2935501.0,9431165.0,32.238,0.761,5094599.0,5158568.0,4130339.0,4027921.0,3564974.0,3014983.0,2042555.0,989860.0,412144.0,0.0
VG,2020,VG,British Virgin Islands,0,93.0,1.0,0.0,0.0,93.0,1.0,0.0,0.0,30237.0,16553.0,18223.0,15581.0,14449.0,2159137.0,3137690.0,201.58,0.735,3946.0,3818.0,5242.0,5991.0,5357.0,4985.0,3310.0,1570.0,556.0,0.0
VG,2021,VG,British Virgin Islands,0,3399.0,38.0,0.0,0.0,3492.0,39.0,0.0,0.0,30237.0,16553.0,18223.0,15581.0,14449.0,2159137.0,3137690.0,201.58,0.735,3946.0,3818.0,5242.0,5991.0,5357.0,4985.0,3310.0,1570.0,556.0,0.0
VG,2022,VG,British Virgin Islands,0,3813.0,25.0,0.0,0.0,7305.0,64.0,0.0,96630.0,30237.0,16553.0,18223.0,15581.0,14449.0,2159137.0,3137690.0,201.58,0.735,3946.0,3818.0,5242.0,5991.0,5357.0,4985.0,3310.0,1570.0,556.0,0.0
VI,2020,VI,United States Virgin Islands,0,2036.0,23.0,0.0,31499.0,2036.0,23.0,0.0,31499.0,104423.0,49601.0,54822.0,4444.0,102187.0,2159137.0,3137690.0,298.351,0.735,12868.0,14018.0,12731.0,9731.0,11766.0,14449.0,14021.0,10901.0,3938.0,301.64810434482825
VI,2021,VI,United States Virgin Islands,0,8070.0,66.0,0.0,68112.0,10106.0,89.0,0.0,99611.0,104423.0,49601.0,54822.0,4444.0,102187.0,2159137.0,3137690.0,298.351,0.735,12868.0,14018.0,12731.0,9731.0,11766.0,14449.0,14021.0,10901.0,3938.0,652.2700937532919
VI,2022,VI,United States Virgin Islands,0,12864.0,34.0,0.0,15468.0,22970.0,123.0,0.0,115079.0,104423.0,49601.0,54822.0,4444.0,102187.0,2159137.0,3137690.0,298.351,0.735,12868.0,14018.0,12731.0,9731.0,11766.0,14449.0,14021.0,10901.0,3938.0,148.12828591402277
VN,2020,VN,Vietnam,0,1474.0,35.0,0.0,0.0,1474.0,35.0,0.0,0.0,97338583.0,48598254.0,48740329.0,61129966.0,35332140.0,8371428.0,16735581.0,313.925,0.694,15478572.0,13599043.0,15389496.0,16200924.0,13572962.0,11109968.0,7342687.0,2778472.0,1866459.0,0.0
VN,2021,VN,Vietnam,0,1744618.0,32575.0,0.0,24988285.0,1746092.0,32610.0,0.0,74967758.0,97338583.0,48598254.0,48740329.0,61129966.0,35332140.0,8371428.0,16735581.0,313.925,0.694,15478572.0,13599043.0,15389496.0,16200924.0,13572962.0,11109968.0,7342687.0,2778472.0,1866459.0,256.71510956760073
VN,2022,VN,Vietnam,0,9701942.0,10522.0,0.0,4205614.0,11448034.0,43132.0,0.0,85824349.0,97338583.0,48598254.0,48740329.0,61129966.0,35332140.0,8371428.0,16735581.0,313.925,0.694,15478572.0,13599043.0,15389496.0,16200924.0,13572962.0,11109968.0,7342687.0,2778472.0,1866459.0,43.20603269928431
VU,2020,VU,Vanuatu,0,1.0,0.0,0.0,0.0,1.0,0.0,0.0,0.0,307150.0,155690.0,151460.0,223730.0,76152.0,2159137.0,3137690.0,25.197,0.603,80885.0,66926.0,50768.0,41003.0,29192.0,20545.0,11437.0,4838.0,1556.0,0.0
VU,2021,VU,Vanuatu,0,6.0,0.0,0.0,0.0,7.0,0.0,0.0,0.0,307150.0,155690.0,151460.0,223730.0,76152.0,2159137.0,3137690.0,25.197,0.603,80885.0,66926.0,50768.0,41003.0,29192.0,20545.0,11437.0,4838.0,1556.0,0.0
VU,2022,VU,Vanuatu,0,11914.0,14.0,0.0,0.0,11921.0,14.0,0.0,11989.0,307150.0,155690.0,151460.0,223730.0,76152.0,2159137.0,3137690.0,25.197,0.603,80885.0,66926.0,50768.0,41003.0,29192.0,20545.0,11437.0,4838.0,1556.0,0.0
WF,2020,WF,Wallis and Futuna,0,4.0,0.0,0.0,0.0,4.0,0.0,0.0,0.0,11246.0,2723290.0,2761414.0,1758851.0,3850231.0,2159137.0,3137690.0,80.329,0.735,773779.0,718837.0,824456.0,846180.0,686435.0,535459.0,348752.0,171250.0,52206.0,0.0
WF,2021,WF,Wallis and Futuna,0,449.0,7.0,0.0,0.0,453.0,7.0,0.0,0.0,11246.0,2723290.0,2761414.0,1758851.0,3850231.0,2159137.0,3137690.0,80.329,0.735,773779.0,718837.0,824456.0,846180.0,686435.0,535459.0,348752.0,171250.0,52206.0,0.0
WF,2022,WF,Wallis and Futuna,0,308.0,0.0,0.0,0.0,761.0,7.0,0.0,0.0,11246.0,2723290.0,2761414.0,1758851.0,3850231.0,2159137.0,3137690.0,80.329,0.735,773779.0,718837.0,824456.0,846180.0,686435.0,535459.0,348752.0,171250.0,52206.0,0.0
WS,2020,WS,Samoa,0,1.0,0.0,0.0,0.0,1.0,0.0,0.0,0.0,198410.0,102703.0,95707.0,161509.0,35588.0,2159137.0,3137690.0,70.11,0.713,51123.0,41998.0,31295.0,22012.0,19560.0,16470.0,9960.0,4580.0,1412.0,0.0
WS,2021,WS,Samoa,0,1.0,0.0,0.0,0.0,2.0,0.0,0.0,0.0,198410.0,102703.0,95707.0,161509.0,35588.0,2159137.0,3137690.0,70.11,0.713,51123.0,41998.0,31295.0,22012.0,19560.0,16470.0,9960.0,4580.0,1412.0,0.0
WS,2022,WS,Samoa,0,15887.0,29.0,0.0,0.0,15889.0,29.0,0.0,0.0,198410.0,102703.0,95707.0,161509.0,35588.0,2159137.0,3137690.0,70.11,0.713,51123.0,41998.0,31295.0,22012.0,19560.0,16470.0,9960.0,4580.0,1412.0,0.0
XK,2020,XK,Kosovo,0,51285.0,1325.0,0.0,0.0,51285.0,1325.0,0.0,0.0,1883018.0,1056741.0,1052151.0,1758851.0,3850231.0,2159137.0,3137690.0,92.85499999999999,0.735,334023.0,355023.0,350198.0,356878.0,254881.0,217293.0,138421.0,71012.0,31162.0,0.0
XK,2021,XK,Kosovo,0,110156.0,1655.0,0.0,0.0,161441.0,2980.0,0.0,0.0,1883018.0,1056741.0,1052151.0,1758851.0,3850231.0,2159137.0,3137690.0,92.85499999999999,0.735,334023.0,355023.0,350198.0,356878.0,254881.0,217293.0,138421.0,71012.0,31162.0,0.0
XK,2022,XK,Kosovo,0,110480.0,209.0,0.0,0.0,271921.0,3189.0,0.0,0.0,1883018.0,1056741.0,1052151.0,1758851.0,3850231.0,2159137.0,3137690.0,92.85499999999999,0.735,334023.0,355023.0,350198.0,356878.0,254881.0,217293.0,138421.0,71012.0,31162.0,0.0
YE,2020,YE,Yemen,0,2105.0,611.0,0.0,0.0,2105.0,611.0,0.0,0.0,29825968.0,15024985.0,14800983.0,18292399.0,10869523.0,2874373.0,2874373.0,56.492,0.452,8033408.0,6750274.0,5732746.0,4140438.0,2362804.0,1422835.0,879450.0,403471.0,100542.0,0.0
YE,2021,YE,Yemen,0,8022.0,1373.0,0.0,0.0,10127.0,1984.0,0.0,0.0,29825968.0,15024985.0,14800983.0,18292399.0,10869523.0,2874373.0,2874373.0,56.492,0.452,8033408.0,6750274.0,5732746.0,4140438.0,2362804.0,1422835.0,879450.0,403471.0,100542.0,0.0
YE,2022,YE,Yemen,0,1805.0,171.0,0.0,0.0,11932.0,2155.0,0.0,336937.0,29825968.0,15024985.0,14800983.0,18292399.0,10869523.0,2874373.0,2874373.0,56.492,0.452,8033408.0,6750274.0,5732746.0,4140438.0,2362804.0,1422835.0,879450.0,403471.0,100542.0,0.0
YT,2020,YT,Mayotte,0,5890.0,55.0,0.0,0.0,5890.0,55.0,0.0,0.0,272813.0,134159.0,138654.0,1758851.0,3850231.0,2159137.0,3137690.0,727.501,0.735,71474.0,64566.0,43627.0,32986.0,27349.0,16164.0,9372.0,4998.0,2277.0,0.0
YT,2021,YT,Mayotte,0,16021.0,130.0,0.0,0.0,21911.0,185.0,0.0,0.0,272813.0,134159.0,138654.0,1758851.0,3850231.0,2159137.0,3137690.0,727.501,0.735,71474.0,64566.0,43627.0,32986.0,27349.0,16164.0,9372.0,4998.0,2277.0,0.0
YT,2022,YT,Mayotte,0,18250.0,2.0,0.0,0.0,40161.0,187.0,0.0,0.0,272813.0,134159.0,138654.0,1758851.0,3850231.0,2159137.0,3137690.0,727.501,0.735,71474.0,64566.0,43627.0,32986.0,27349.0,16164.0,9372.0,4998.0,2277.0,0.0
ZA,2020,ZA,South Africa,0,1073997.0,28887.0,0.0,6530522.0,1073839.0,28887.0,0.0,6659318.0,59308690.0,29216012.0,30092678.0,19408553.0,39149717.0,5635127.0,20836302.0,48.891,0.699,11585605.0,10409174.0,10141489.0,10155325.0,7043275.0,4911532.0,3164441.0,1476055.0,421794.0,110.11071058895416
ZA,2021,ZA,South Africa,0,2394224.0,62311.0,0.0,14311804.0,3468079.0,91198.0,0.0,21267879.0,59308690.0,29216012.0,30092678.0,19408553.0,39149717.0,5635127.0,20836302.0,48.891,0.699,11585605.0,10409174.0,10141489.0,10155325.0,7043275.0,4911532.0,3164441.0,1476055.0,421794.0,241.31040493391438
ZA,2022,ZA,South Africa,0,546907.0,10931.0,0.0,3968930.0,4014986.0,102129.0,0.0,25637671.0,59308690.0,29216012.0,30092678.0,19408553.0,39149717.0,5635127.0,20836302.0,48.891,0.699,11585605.0,10409174.0,10141489.0,10155325.0,7043275.0,4911532.0,3164441.0,1476055.0,421794.0,66.91987295622278
ZM,2020,ZM,Zambia,0,20997.0,390.0,0.0,582960.0,20997.0,390.0,0.0,609602.0,18383956.0,9103006.0,9280950.0,9989317.0,7871713.0,2646619.0,2646619.0,24.73,0.588,5663542.0,4550181.0,3180383.0,2185194.0,1413889.0,761259.0,403835.0,179965.0,45708.0,31.710258662498976
ZM,2021,ZM,Zambia,0,236951.0,3350.0,0.0,2318102.0,257948.0,3740.0,0.0,2970632.0,18383956.0,9103006.0,9280950.0,9989317.0,7871713.0,2646619.0,2646619.0,24.73,0.588,5663542.0,4550181.0,3180383.0,2185194.0,1413889.0,761259.0,403835.0,179965.0,45708.0,126.09375261777173
ZM,2022,ZM,Zambia,0,75281.0,277.0,0.0,511274.0,333229.0,4017.0,0.0,3514038.0,18383956.0,9103006.0,9280950.0,9989317.0,7871713.0,2646619.0,2646619.0,24.73,0.588,5663542.0,4550181.0,3180383.0,2185194.0,1413889.0,761259.0,403835.0,179965.0,45708.0,27.81088031324705
ZW,2020,ZW,Zimbabwe,0,14084.0,369.0,0.0,210761.0,14084.0,369.0,0.0,219933.0,14862927.0,7092010.0,7770917.0,9928163.0,4717305.0,1521311.0,1521311.0,38.42,0.535,4308160.0,3559955.0,2482991.0,1867476.0,1257822.0,698089.0,425415.0,200358.0,62661.0,14.18031589605466
ZW,2021,ZW,Zimbabwe,0,200130.0,4648.0,0.0,1490892.0,214214.0,5017.0,0.0,1710825.0,14862927.0,7092010.0,7770917.0,9928163.0,4717305.0,1521311.0,1521311.0,38.42,0.535,4308160.0,3559955.0,2482991.0,1867476.0,1257822.0,698089.0,425415.0,200358.0,62661.0,100.30944779584802
ZW,2022,ZW,Zimbabwe,0,42725.0,579.0,0.0,168030.0,256939.0,5596.0,0.0,2379907.0,14862927.0,7092010.0,7770917.0,9928163.0,4717305.0,1521311.0,1521311.0,38.42,0.535,4308160.0,3559955.0,2482991.0,1867476.0,1257822.0,698089.0,425415.0,200358.0,62661.0,11.30531018553748
